"observed_scientific_name","year_obs","day_obs","time_obs","dwc_event_date","obs_variable","obs_unit","obs_value","lat","lon","original_source","creator","title","publisher","intellectual_rights","license","owner"
"Lycaena hyllus",1881,7,"","1881-07-08","presence",NA,1,46.5219,-84.3461,"ebutterfly","Maxim Larrivée, Jeremy Kerr, Kent McFarland and Katy Prudic","eButterfly","ebutterfly","eButterfly","","eButterfly"
"Polites mystic",1881,7,"","1881-07-02","presence",NA,1,46.5219,-84.3461,"ebutterfly","Maxim Larrivée, Jeremy Kerr, Kent McFarland and Katy Prudic","eButterfly","ebutterfly","eButterfly","","eButterfly"
"Speyeria cybele",1881,7,"","1881-07-06","presence",NA,1,46.5219,-84.3461,"ebutterfly","Maxim Larrivée, Jeremy Kerr, Kent McFarland and Katy Prudic","eButterfly","ebutterfly","eButterfly","","eButterfly"
"Euphyes vestris",1881,7,"","1881-07-17","presence",NA,1,45.5017,-73.5673,"ebutterfly","Maxim Larrivée, Jeremy Kerr, Kent McFarland and Katy Prudic","eButterfly","ebutterfly","eButterfly","","eButterfly"
"Euphyes vestris",1881,7,"","1881-07-19","presence",NA,1,45.5017,-73.5673,"ebutterfly","Maxim Larrivée, Jeremy Kerr, Kent McFarland and Katy Prudic","eButterfly","ebutterfly","eButterfly","","eButterfly"
"Feniseca tarquinius",1881,6,"","1881-06-08","presence",NA,1,45.6519,-74.9409,"ebutterfly","Maxim Larrivée, Jeremy Kerr, Kent McFarland and Katy Prudic","eButterfly","ebutterfly","eButterfly","","eButterfly"
"Megisto cymela",1881,6,"","1881-06-08","presence",NA,1,45.6519,-74.9409,"ebutterfly","Maxim Larrivée, Jeremy Kerr, Kent McFarland and Katy Prudic","eButterfly","ebutterfly","eButterfly","","eButterfly"
"Feniseca tarquinius",1881,6,"00:00:00","1881-06-08T00:00:00","abundance",NA,6,45.651949,-74.940872,"gbif","GBIF","eButterfly Surveys","Vermont Center for Ecostudies","Vermont Center for Ecostudies","cc by nc 4.0","Vermont Center for Ecostudies"
"Nymphalis l-album",1881,7,"00:00:00","1881-07-24T00:00:00","occurrence",NA,1,45.501689,-73.567256,"gbif","GBIF","eButterfly Surveys","Vermont Center for Ecostudies","Vermont Center for Ecostudies","cc by nc 4.0","Vermont Center for Ecostudies"
"Euphyes vestris",1881,7,"00:00:00","1881-07-17T00:00:00","occurrence",NA,1,45.501689,-73.567256,"gbif","GBIF","eButterfly Surveys","Vermont Center for Ecostudies","Vermont Center for Ecostudies","cc by nc 4.0","Vermont Center for Ecostudies"
"Megisto cymela",1881,6,"00:00:00","1881-06-08T00:00:00","abundance",NA,2,45.651949,-74.940872,"gbif","GBIF","eButterfly Surveys","Vermont Center for Ecostudies","Vermont Center for Ecostudies","cc by nc 4.0","Vermont Center for Ecostudies"
"Euphyes vestris",1881,7,"00:00:00","1881-07-19T00:00:00","abundance",NA,2,45.501689,-73.567256,"gbif","GBIF","eButterfly Surveys","Vermont Center for Ecostudies","Vermont Center for Ecostudies","cc by nc 4.0","Vermont Center for Ecostudies"
"Nymphalis vaualbum",1881,7,"00:00:00","1881-07-24T00:00:00","occurrence",NA,1,45.5,-73.5833,"gbif","GBIF","Lyman Entomological Museum","Canadian Biodiversity Information Facility","Canadian Biodiversity Information Facility","cc0 1.0","Canadian Biodiversity Information Facility"
"Megisto cymela",1881,6,"00:00:00","1881-06-08T00:00:00","occurrence",NA,1,45.65,-74.9333,"gbif","GBIF","Lyman Entomological Museum","Canadian Biodiversity Information Facility","Canadian Biodiversity Information Facility","cc0 1.0","Canadian Biodiversity Information Facility"
"Feniseca tarquinius",1881,6,"00:00:00","1881-06-08T00:00:00","occurrence",NA,1,45.65,-74.9333,"gbif","GBIF","Lyman Entomological Museum","Canadian Biodiversity Information Facility","Canadian Biodiversity Information Facility","cc0 1.0","Canadian Biodiversity Information Facility"
"Euphyes vestris",1881,7,"00:00:00","1881-07-17T00:00:00","occurrence",NA,1,45.5,-73.5833,"gbif","GBIF","Lyman Entomological Museum","Canadian Biodiversity Information Facility","Canadian Biodiversity Information Facility","cc0 1.0","Canadian Biodiversity Information Facility"
"Euphyes vestris",1881,7,"00:00:00","1881-07-19T00:00:00","occurrence",NA,1,45.5,-73.5833,"gbif","GBIF","Lyman Entomological Museum","Canadian Biodiversity Information Facility","Canadian Biodiversity Information Facility","cc0 1.0","Canadian Biodiversity Information Facility"
"Euphyes vestris",1881,7,"00:00:00","1881-07-23T00:00:00","occurrence",NA,1,45.5,-73.5833,"gbif","GBIF","Canadian National Collection (CNC) of Insects, Arachnids and Nematodes","Canadian Biodiversity Information Facility","Canadian Biodiversity Information Facility","cc by 4.0","Canadian Biodiversity Information Facility"
"Papilio brevicauda",1881,7,"","1881-07-24","presence",NA,1,47.5615,-52.7126,"ebutterfly","Maxim Larrivée, Jeremy Kerr, Kent McFarland and Katy Prudic","eButterfly","ebutterfly","eButterfly","","eButterfly"
"Lethe eurydice",1881,7,"","1881-07-06","presence",NA,1,46.5219,-84.3461,"ebutterfly","Maxim Larrivée, Jeremy Kerr, Kent McFarland and Katy Prudic","eButterfly","ebutterfly","eButterfly","","eButterfly"
"Heliconius charithonia",1881,10,"","1881-10-01","presence",NA,1,27.6948,-80.5438,"ebutterfly","Maxim Larrivée, Jeremy Kerr, Kent McFarland and Katy Prudic","eButterfly","ebutterfly","eButterfly","","eButterfly"
"Speyeria atlantis",1881,6,"","1881-06-25","presence",NA,1,46.5219,-84.3461,"ebutterfly","Maxim Larrivée, Jeremy Kerr, Kent McFarland and Katy Prudic","eButterfly","ebutterfly","eButterfly","","eButterfly"
"Coenonympha inornata",1881,6,"","1881-06-28","presence",NA,1,46.5219,-84.3461,"ebutterfly","Maxim Larrivée, Jeremy Kerr, Kent McFarland and Katy Prudic","eButterfly","ebutterfly","eButterfly","","eButterfly"
"Coenonympha inornata",1881,6,"","1881-06-30","presence",NA,1,46.5219,-84.3461,"ebutterfly","Maxim Larrivée, Jeremy Kerr, Kent McFarland and Katy Prudic","eButterfly","ebutterfly","eButterfly","","eButterfly"
"Speyeria aphrodite",1881,6,"","1881-06-25","presence",NA,1,46.5219,-84.3461,"ebutterfly","Maxim Larrivée, Jeremy Kerr, Kent McFarland and Katy Prudic","eButterfly","ebutterfly","eButterfly","","eButterfly"
"Pieris oleracea",1881,6,"","1881-06-28","presence",NA,1,46.5219,-84.3461,"ebutterfly","Maxim Larrivée, Jeremy Kerr, Kent McFarland and Katy Prudic","eButterfly","ebutterfly","eButterfly","","eButterfly"
