"observed_scientific_name","year_obs","day_obs","time_obs","dwc_event_date","obs_variable","obs_unit","obs_value","lat","lon","original_source","creator","title","publisher","intellectual_rights","license","owner"
"Chlosyne harrisii",1893,6,"","1893-06-13","presence",NA,1,45.5017,-73.5673,"ebutterfly","Maxim Larrivée, Jeremy Kerr, Kent McFarland and Katy Prudic","eButterfly","ebutterfly","eButterfly","","eButterfly"
"Cercyonis pegala",1893,7,"","1893-07-11","presence",NA,1,45.5017,-73.5673,"ebutterfly","Maxim Larrivée, Jeremy Kerr, Kent McFarland and Katy Prudic","eButterfly","ebutterfly","eButterfly","","eButterfly"
"Lethe anthedon",1893,7,"","1893-07-16","presence",NA,1,45.5017,-73.5673,"ebutterfly","Maxim Larrivée, Jeremy Kerr, Kent McFarland and Katy Prudic","eButterfly","ebutterfly","eButterfly","","eButterfly"
"Lethe eurydice",1893,7,"","1893-07-01","presence",NA,1,45.5017,-73.5673,"ebutterfly","Maxim Larrivée, Jeremy Kerr, Kent McFarland and Katy Prudic","eButterfly","ebutterfly","eButterfly","","eButterfly"
"Callophrys augustinus",1893,6,"","1893-06-07","presence",NA,1,46.7876,-71.2528,"ebutterfly","Maxim Larrivée, Jeremy Kerr, Kent McFarland and Katy Prudic","eButterfly","ebutterfly","eButterfly","","eButterfly"
"Polites peckius",1893,7,"","1893-07-01","presence",NA,1,45.5017,-73.5673,"ebutterfly","Maxim Larrivée, Jeremy Kerr, Kent McFarland and Katy Prudic","eButterfly","ebutterfly","eButterfly","","eButterfly"
"Polites mystic",1893,7,"","1893-07-01","presence",NA,1,45.5017,-73.5673,"ebutterfly","Maxim Larrivée, Jeremy Kerr, Kent McFarland and Katy Prudic","eButterfly","ebutterfly","eButterfly","","eButterfly"
"Limenitis archippus",1893,6,"","1893-06-13","presence",NA,1,45.5017,-73.5673,"ebutterfly","Maxim Larrivée, Jeremy Kerr, Kent McFarland and Katy Prudic","eButterfly","ebutterfly","eButterfly","","eButterfly"
"Lycaena hyllus",1893,6,"","1893-06-13","presence",NA,1,45.5017,-73.5673,"ebutterfly","Maxim Larrivée, Jeremy Kerr, Kent McFarland and Katy Prudic","eButterfly","ebutterfly","eButterfly","","eButterfly"
"Limenitis arthemis",1893,7,"","1893-07-01","presence",NA,1,45.5017,-73.5673,"ebutterfly","Maxim Larrivée, Jeremy Kerr, Kent McFarland and Katy Prudic","eButterfly","ebutterfly","eButterfly","","eButterfly"
"Polites themistocles",1893,7,"","1893-07-01","presence",NA,1,45.5017,-73.5673,"ebutterfly","Maxim Larrivée, Jeremy Kerr, Kent McFarland and Katy Prudic","eButterfly","ebutterfly","eButterfly","","eButterfly"
"Chlosyne harrisii",1893,6,"00:00:00","1893-06-13T00:00:00","occurrence",NA,1,45.501689,-73.567256,"gbif","GBIF","eButterfly Surveys","Vermont Center for Ecostudies","Vermont Center for Ecostudies","cc by nc 4.0","Vermont Center for Ecostudies"
"Limenitis arthemis",1893,7,"00:00:00","1893-07-01T00:00:00","occurrence",NA,1,45.501689,-73.567256,"gbif","GBIF","eButterfly Surveys","Vermont Center for Ecostudies","Vermont Center for Ecostudies","cc by nc 4.0","Vermont Center for Ecostudies"
"Polites peckius",1893,7,"00:00:00","1893-07-01T00:00:00","occurrence",NA,1,45.501689,-73.567256,"gbif","GBIF","eButterfly Surveys","Vermont Center for Ecostudies","Vermont Center for Ecostudies","cc by nc 4.0","Vermont Center for Ecostudies"
"Polites mystic",1893,7,"00:00:00","1893-07-01T00:00:00","abundance",NA,4,45.501689,-73.567256,"gbif","GBIF","eButterfly Surveys","Vermont Center for Ecostudies","Vermont Center for Ecostudies","cc by nc 4.0","Vermont Center for Ecostudies"
"Oeneis jutta",1893,6,"00:00:00","1893-06-07T00:00:00","abundance",NA,5,46.787562,-71.252798,"gbif","GBIF","eButterfly Surveys","Vermont Center for Ecostudies","Vermont Center for Ecostudies","cc by nc 4.0","Vermont Center for Ecostudies"
"Lethe anthedon",1893,7,"00:00:00","1893-07-16T00:00:00","occurrence",NA,1,45.501689,-73.567256,"gbif","GBIF","eButterfly Surveys","Vermont Center for Ecostudies","Vermont Center for Ecostudies","cc by nc 4.0","Vermont Center for Ecostudies"
"Callophrys augustinus",1893,6,"00:00:00","1893-06-07T00:00:00","abundance",NA,2,46.787562,-71.252798,"gbif","GBIF","eButterfly Surveys","Vermont Center for Ecostudies","Vermont Center for Ecostudies","cc by nc 4.0","Vermont Center for Ecostudies"
"Lycaena hyllus",1893,6,"00:00:00","1893-06-13T00:00:00","occurrence",NA,1,45.501689,-73.567256,"gbif","GBIF","eButterfly Surveys","Vermont Center for Ecostudies","Vermont Center for Ecostudies","cc by nc 4.0","Vermont Center for Ecostudies"
"Limenitis archippus",1893,6,"00:00:00","1893-06-13T00:00:00","occurrence",NA,1,45.501689,-73.567256,"gbif","GBIF","eButterfly Surveys","Vermont Center for Ecostudies","Vermont Center for Ecostudies","cc by nc 4.0","Vermont Center for Ecostudies"
"Enodia anthedon",1893,7,"00:00:00","1893-07-16T00:00:00","occurrence",NA,1,45.5,-73.5833,"gbif","GBIF","Lyman Entomological Museum","Canadian Biodiversity Information Facility","Canadian Biodiversity Information Facility","cc0 1.0","Canadian Biodiversity Information Facility"
"Polites peckius",1893,7,"00:00:00","1893-07-01T00:00:00","occurrence",NA,1,45.5,-73.5833,"gbif","GBIF","Lyman Entomological Museum","Canadian Biodiversity Information Facility","Canadian Biodiversity Information Facility","cc0 1.0","Canadian Biodiversity Information Facility"
"Polites mystic",1893,7,"00:00:00","1893-07-01T00:00:00","occurrence",NA,1,45.5,-73.5833,"gbif","GBIF","Lyman Entomological Museum","Canadian Biodiversity Information Facility","Canadian Biodiversity Information Facility","cc0 1.0","Canadian Biodiversity Information Facility"
"Polites themistocles",1893,7,"00:00:00","1893-07-01T00:00:00","occurrence",NA,1,45.5,-73.5833,"gbif","GBIF","Lyman Entomological Museum","Canadian Biodiversity Information Facility","Canadian Biodiversity Information Facility","cc0 1.0","Canadian Biodiversity Information Facility"
"Satyrodes eurydice",1893,7,"00:00:00","1893-07-01T00:00:00","occurrence",NA,1,45.5,-73.5833,"gbif","GBIF","Lyman Entomological Museum","Canadian Biodiversity Information Facility","Canadian Biodiversity Information Facility","cc0 1.0","Canadian Biodiversity Information Facility"
"Cercyonis pegala",1893,7,"00:00:00","1893-07-11T00:00:00","occurrence",NA,1,45.5,-73.5833,"gbif","GBIF","Lyman Entomological Museum","Canadian Biodiversity Information Facility","Canadian Biodiversity Information Facility","cc0 1.0","Canadian Biodiversity Information Facility"
"Lycaenidae",1893,7,"00:00:00","1893-07-01T00:00:00","occurrence",NA,1,45.5,-73.5833,"gbif","GBIF","Lyman Entomological Museum","Canadian Biodiversity Information Facility","Canadian Biodiversity Information Facility","cc0 1.0","Canadian Biodiversity Information Facility"
"Cercyonis pegala",1893,7,"00:00:00","1893-07-11T00:00:00","abundance",NA,2,45.501689,-73.567256,"gbif","GBIF","eButterfly Surveys","Vermont Center for Ecostudies","Vermont Center for Ecostudies","cc by nc 4.0","Vermont Center for Ecostudies"
"Lethe eurydice",1893,7,"00:00:00","1893-07-01T00:00:00","abundance",NA,4,45.501689,-73.567256,"gbif","GBIF","eButterfly Surveys","Vermont Center for Ecostudies","Vermont Center for Ecostudies","cc by nc 4.0","Vermont Center for Ecostudies"
"Polites themistocles",1893,7,"00:00:00","1893-07-01T00:00:00","occurrence",NA,1,45.501689,-73.567256,"gbif","GBIF","eButterfly Surveys","Vermont Center for Ecostudies","Vermont Center for Ecostudies","cc by nc 4.0","Vermont Center for Ecostudies"
