"observed_scientific_name","year_obs","day_obs","time_obs","dwc_event_date","obs_variable","obs_unit","obs_value","lat","lon","original_source","creator","title","publisher","intellectual_rights","license","owner"
"Lycaena phlaeas",1898,7,"","1898-07-01","presence",NA,1,41.3083,-72.9279,"ebutterfly","Maxim Larrivée, Jeremy Kerr, Kent McFarland and Katy Prudic","eButterfly","ebutterfly","eButterfly","","eButterfly"
"Erynnis icelus",1898,5,"","1898-05-08","presence",NA,1,45.5017,-73.5673,"ebutterfly","Maxim Larrivée, Jeremy Kerr, Kent McFarland and Katy Prudic","eButterfly","ebutterfly","eButterfly","","eButterfly"
"Thorybes pylades",1898,6,"","1898-06-04","presence",NA,1,45.4792,-74.3023,"ebutterfly","Maxim Larrivée, Jeremy Kerr, Kent McFarland and Katy Prudic","eButterfly","ebutterfly","eButterfly","","eButterfly"
"Glaucopsyche lygdamus",1898,6,"","1898-06-25","presence",NA,1,48.439,-68.535,"ebutterfly","Maxim Larrivée, Jeremy Kerr, Kent McFarland and Katy Prudic","eButterfly","ebutterfly","eButterfly","","eButterfly"
"Polygonia progne",1898,9,"","1898-09-04","presence",NA,1,45.4963,-73.6226,"ebutterfly","Maxim Larrivée, Jeremy Kerr, Kent McFarland and Katy Prudic","eButterfly","ebutterfly","eButterfly","","eButterfly"
"Amblyscirtes vialis",1898,6,"","1898-06-04","presence",NA,1,45.4792,-74.3023,"ebutterfly","Maxim Larrivée, Jeremy Kerr, Kent McFarland and Katy Prudic","eButterfly","ebutterfly","eButterfly","","eButterfly"
"Celastrina lucia",1898,5,"","1898-05-30","presence",NA,1,45.4963,-73.6226,"ebutterfly","Maxim Larrivée, Jeremy Kerr, Kent McFarland and Katy Prudic","eButterfly","ebutterfly","eButterfly","","eButterfly"
"Amblyscirtes vialis",1898,6,"","1898-06-25","presence",NA,1,48.439,-68.535,"ebutterfly","Maxim Larrivée, Jeremy Kerr, Kent McFarland and Katy Prudic","eButterfly","ebutterfly","eButterfly","","eButterfly"
"Papilio brevicauda",1898,8,"","1898-08-02","presence",NA,1,47.5661,-69.866,"ebutterfly","Maxim Larrivée, Jeremy Kerr, Kent McFarland and Katy Prudic","eButterfly","ebutterfly","eButterfly","","eButterfly"
"Polites themistocles",1898,9,"","1898-09-04","presence",NA,1,45.4963,-73.6226,"ebutterfly","Maxim Larrivée, Jeremy Kerr, Kent McFarland and Katy Prudic","eButterfly","ebutterfly","eButterfly","","eButterfly"
"Amblyscirtes vialis",1898,6,"00:00:00","1898-06-04T00:00:00","occurrence",NA,1,45.479233,-74.302298,"gbif","GBIF","eButterfly Surveys","Vermont Center for Ecostudies","Vermont Center for Ecostudies","cc by nc 4.0","Vermont Center for Ecostudies"
"Polygonia progne",1898,9,"00:00:00","1898-09-04T00:00:00","occurrence",NA,1,45.496253,-73.622563,"gbif","GBIF","eButterfly Surveys","Vermont Center for Ecostudies","Vermont Center for Ecostudies","cc by nc 4.0","Vermont Center for Ecostudies"
"Glaucopsyche lygdamus",1898,6,"00:00:00","1898-06-25T00:00:00","occurrence",NA,1,48.43898,-68.53497,"gbif","GBIF","eButterfly Surveys","Vermont Center for Ecostudies","Vermont Center for Ecostudies","cc by nc 4.0","Vermont Center for Ecostudies"
"Erynnis icelus",1898,5,"00:00:00","1898-05-08T00:00:00","occurrence",NA,1,45.501689,-73.567256,"gbif","GBIF","eButterfly Surveys","Vermont Center for Ecostudies","Vermont Center for Ecostudies","cc by nc 4.0","Vermont Center for Ecostudies"
"Papilio brevicauda",1898,8,"00:00:00","1898-08-02T00:00:00","occurrence",NA,1,47.566059,-69.865995,"gbif","GBIF","eButterfly Surveys","Vermont Center for Ecostudies","Vermont Center for Ecostudies","cc by nc 4.0","Vermont Center for Ecostudies"
"Thorybes pylades",1898,6,"00:00:00","1898-06-04T00:00:00","occurrence",NA,1,45.479233,-74.302298,"gbif","GBIF","eButterfly Surveys","Vermont Center for Ecostudies","Vermont Center for Ecostudies","cc by nc 4.0","Vermont Center for Ecostudies"
"Polites themistocles",1898,9,"00:00:00","1898-09-04T00:00:00","occurrence",NA,1,45.496253,-73.622563,"gbif","GBIF","eButterfly Surveys","Vermont Center for Ecostudies","Vermont Center for Ecostudies","cc by nc 4.0","Vermont Center for Ecostudies"
"Celastrina lucia",1898,5,"00:00:00","1898-05-30T00:00:00","occurrence",NA,1,45.496253,-73.622563,"gbif","GBIF","eButterfly Surveys","Vermont Center for Ecostudies","Vermont Center for Ecostudies","cc by nc 4.0","Vermont Center for Ecostudies"
"Amblyscirtes vialis",1898,6,"00:00:00","1898-06-25T00:00:00","occurrence",NA,1,48.43898,-68.53497,"gbif","GBIF","eButterfly Surveys","Vermont Center for Ecostudies","Vermont Center for Ecostudies","cc by nc 4.0","Vermont Center for Ecostudies"
"Nymphalis l-album",1898,9,"00:00:00","1898-09-30T00:00:00","occurrence",NA,1,45.496253,-73.622563,"gbif","GBIF","eButterfly Surveys","Vermont Center for Ecostudies","Vermont Center for Ecostudies","cc by nc 4.0","Vermont Center for Ecostudies"
"Limenitis arthemis",1898,6,"00:00:00","1898-06-29T00:00:00","occurrence",NA,1,45.5,-73.58333,"gbif","GBIF","Entomology Division, Yale Peabody Museum","Yale University Peabody Museum","Yale University Peabody Museum","cc0 1.0","Yale University Peabody Museum"
"Nymphalis vaualbum",1898,9,"00:00:00","1898-09-30T00:00:00","occurrence",NA,1,45.4833,-73.6167,"gbif","GBIF","Lyman Entomological Museum","Canadian Biodiversity Information Facility","Canadian Biodiversity Information Facility","cc0 1.0","Canadian Biodiversity Information Facility"
"Thorybes pylades",1898,6,"00:00:00","1898-06-04T00:00:00","occurrence",NA,1,45.4833,-74.3,"gbif","GBIF","Lyman Entomological Museum","Canadian Biodiversity Information Facility","Canadian Biodiversity Information Facility","cc0 1.0","Canadian Biodiversity Information Facility"
"Celastrina ladon",1898,5,"00:00:00","1898-05-30T00:00:00","occurrence",NA,1,45.4833,-73.6167,"gbif","GBIF","Lyman Entomological Museum","Canadian Biodiversity Information Facility","Canadian Biodiversity Information Facility","cc0 1.0","Canadian Biodiversity Information Facility"
"Papilio brevicauda",1898,8,"00:00:00","1898-08-02T00:00:00","occurrence",NA,1,47.5667,-69.8667,"gbif","GBIF","Lyman Entomological Museum","Canadian Biodiversity Information Facility","Canadian Biodiversity Information Facility","cc0 1.0","Canadian Biodiversity Information Facility"
"Polites themistocles",1898,9,"00:00:00","1898-09-04T00:00:00","occurrence",NA,1,45.5,-73.5833,"gbif","GBIF","Lyman Entomological Museum","Canadian Biodiversity Information Facility","Canadian Biodiversity Information Facility","cc0 1.0","Canadian Biodiversity Information Facility"
"Glaucopsyche lygdamus",1898,6,"00:00:00","1898-06-25T00:00:00","occurrence",NA,1,48.4333,-68.55,"gbif","GBIF","Lyman Entomological Museum","Canadian Biodiversity Information Facility","Canadian Biodiversity Information Facility","cc0 1.0","Canadian Biodiversity Information Facility"
"Erynnis icelus",1898,5,"00:00:00","1898-05-08T00:00:00","occurrence",NA,1,45.5,-73.5833,"gbif","GBIF","Lyman Entomological Museum","Canadian Biodiversity Information Facility","Canadian Biodiversity Information Facility","cc0 1.0","Canadian Biodiversity Information Facility"
"Polygonia progne",1898,9,"00:00:00","1898-09-04T00:00:00","occurrence",NA,1,45.4833,-73.6167,"gbif","GBIF","Lyman Entomological Museum","Canadian Biodiversity Information Facility","Canadian Biodiversity Information Facility","cc0 1.0","Canadian Biodiversity Information Facility"
"Lycaena phlaeas",1898,8,"00:00:00","1898-08-01T00:00:00","occurrence",NA,1,47.6667,-70.1167,"gbif","GBIF","Lyman Entomological Museum","Canadian Biodiversity Information Facility","Canadian Biodiversity Information Facility","cc0 1.0","Canadian Biodiversity Information Facility"
"Eupithecia quebecata",1898,8,"00:00:00","1898-08-26T00:00:00","abundance",NA,2,47.5634,-69.866,"gbif","GBIF","NMNH Extant Specimen Records (USNM, US)","National Museum of Natural History, Smithsonian Institution","National Museum of Natural History, Smithsonian Institution","cc0 1.0","National Museum of Natural History, Smithsonian Institution"
"Lycaenidae",1898,7,"00:00:00","1898-07-02T00:00:00","occurrence",NA,1,45.5,-73.5833,"gbif","GBIF","New Brunswick Museum Collection","Canadian Biodiversity Information Facility","Canadian Biodiversity Information Facility","cc by 4.0","Canadian Biodiversity Information Facility"
"Colias nastes",1898,8,"00:00:00","1898-08-15T00:00:00","occurrence",NA,1,60.5833,-77.5,"gbif","GBIF","Canadian National Collection (CNC) of Insects, Arachnids and Nematodes","Canadian Biodiversity Information Facility","Canadian Biodiversity Information Facility","cc by 4.0","Canadian Biodiversity Information Facility"
"Papilio brevicauda",1898,6,"00:00:00","1898-06-21T00:00:00","occurrence",NA,1,48.8333,-64.4833,"gbif","GBIF","Canadian National Collection (CNC) of Insects, Arachnids and Nematodes","Canadian Biodiversity Information Facility","Canadian Biodiversity Information Facility","cc by 4.0","Canadian Biodiversity Information Facility"
"Colias pelidne",1898,8,"00:00:00","1898-08-15T00:00:00","occurrence",NA,1,60.5833,-77.5,"gbif","GBIF","Canadian National Collection (CNC) of Insects, Arachnids and Nematodes","Canadian Biodiversity Information Facility","Canadian Biodiversity Information Facility","cc by 4.0","Canadian Biodiversity Information Facility"
"Pieris virginiensis",1898,1,"00:00:00","1898-01-01T00:00:00","occurrence",NA,1,45.5,-73.5833,"gbif","GBIF","Canadian National Collection (CNC) of Insects, Arachnids and Nematodes","Canadian Biodiversity Information Facility","Canadian Biodiversity Information Facility","cc by 4.0","Canadian Biodiversity Information Facility"
"Colias hecla",1898,8,"00:00:00","1898-08-15T00:00:00","occurrence",NA,1,60.5833,-77.5,"gbif","GBIF","Canadian National Collection (CNC) of Insects, Arachnids and Nematodes","Canadian Biodiversity Information Facility","Canadian Biodiversity Information Facility","cc by 4.0","Canadian Biodiversity Information Facility"
"Colias hecla",1898,8,"00:00:00","1898-08-15T00:00:00","occurrence",NA,1,60.5833,-77.5,"gbif","GBIF","Canadian National Collection (CNC) of Insects, Arachnids and Nematodes","Canadian Biodiversity Information Facility","Canadian Biodiversity Information Facility","cc by 4.0","Canadian Biodiversity Information Facility"
"Boloria chariclea",1898,8,"00:00:00","1898-08-15T00:00:00","occurrence",NA,1,60.5833,-77.5,"gbif","GBIF","Canadian National Collection (CNC) of Insects, Arachnids and Nematodes","Canadian Biodiversity Information Facility","Canadian Biodiversity Information Facility","cc by 4.0","Canadian Biodiversity Information Facility"
"Polygonia progne",1898,9,"","1898-09-09","presence",NA,1,43.3601,-80.3062,"ebutterfly","Maxim Larrivée, Jeremy Kerr, Kent McFarland and Katy Prudic","eButterfly","ebutterfly","eButterfly","","eButterfly"
"Satyrium edwardsii",1898,7,"","1898-07-10","presence",NA,1,43.6539,-79.4668,"ebutterfly","Maxim Larrivée, Jeremy Kerr, Kent McFarland and Katy Prudic","eButterfly","ebutterfly","eButterfly","","eButterfly"
"Satyrium edwardsii",1898,7,"","1898-07-10","presence",NA,1,43.6532,-79.3832,"ebutterfly","Maxim Larrivée, Jeremy Kerr, Kent McFarland and Katy Prudic","eButterfly","ebutterfly","eButterfly","","eButterfly"
"Oarisma garita",1898,6,"","1898-06-19","presence",NA,1,49.8951,-97.1384,"ebutterfly","Maxim Larrivée, Jeremy Kerr, Kent McFarland and Katy Prudic","eButterfly","ebutterfly","eButterfly","","eButterfly"
"Plebejus samuelis",1898,7,"","1898-07-10","presence",NA,1,43.6532,-79.3832,"ebutterfly","Maxim Larrivée, Jeremy Kerr, Kent McFarland and Katy Prudic","eButterfly","ebutterfly","eButterfly","","eButterfly"
"Pyrgus communis",1898,7,"","1898-07-01","presence",NA,1,50.3916,-105.5349,"ebutterfly","Maxim Larrivée, Jeremy Kerr, Kent McFarland and Katy Prudic","eButterfly","ebutterfly","eButterfly","","eButterfly"
"Satyrium calanus",1898,7,"","1898-07-10","presence",NA,1,43.6532,-79.3832,"ebutterfly","Maxim Larrivée, Jeremy Kerr, Kent McFarland and Katy Prudic","eButterfly","ebutterfly","eButterfly","","eButterfly"
"Cercyonis pegala",1898,7,"","1898-07-10","presence",NA,1,43.6532,-79.3832,"ebutterfly","Maxim Larrivée, Jeremy Kerr, Kent McFarland and Katy Prudic","eButterfly","ebutterfly","eButterfly","","eButterfly"
"Coenonympha inornata",1898,6,"","1898-06-19","presence",NA,1,49.8951,-97.1384,"ebutterfly","Maxim Larrivée, Jeremy Kerr, Kent McFarland and Katy Prudic","eButterfly","ebutterfly","eButterfly","","eButterfly"
"Satyrium liparops",1898,7,"","1898-07-16","presence",NA,1,49.0939,-99.3415,"ebutterfly","Maxim Larrivée, Jeremy Kerr, Kent McFarland and Katy Prudic","eButterfly","ebutterfly","eButterfly","","eButterfly"
"Chlosyne gorgone",1898,6,"","1898-06-22","presence",NA,1,49.5771,-101.6992,"ebutterfly","Maxim Larrivée, Jeremy Kerr, Kent McFarland and Katy Prudic","eButterfly","ebutterfly","eButterfly","","eButterfly"
