"observed_scientific_name","year_obs","day_obs","time_obs","dwc_event_date","obs_variable","obs_unit","obs_value","lat","lon","original_source","creator","title","publisher","intellectual_rights","license","owner"
"Celastrina lucia",1900,5,"00:00:00","1900-05-15T00:00:00","presence",NA,1,45.4792,-74.3023,"ebutterfly","Maxim Larrivée, Jeremy Kerr, Kent McFarland and Katy Prudic","eButterfly","ebutterfly","eButterfly","","eButterfly"
"Celastrina lucia",1900,5,"00:00:00","1900-05-13T00:00:00","presence",NA,1,45.4792,-74.3023,"ebutterfly","Maxim Larrivée, Jeremy Kerr, Kent McFarland and Katy Prudic","eButterfly","ebutterfly","eButterfly","","eButterfly"
"Vanessa atalanta",1900,5,"00:00:00","1900-05-23T00:00:00","presence",NA,1,45.4792,-74.3023,"ebutterfly","Maxim Larrivée, Jeremy Kerr, Kent McFarland and Katy Prudic","eButterfly","ebutterfly","eButterfly","","eButterfly"
"Lycaena phlaeas",1900,6,"00:00:00","1900-06-09T00:00:00","presence",NA,1,45.4792,-74.3023,"ebutterfly","Maxim Larrivée, Jeremy Kerr, Kent McFarland and Katy Prudic","eButterfly","ebutterfly","eButterfly","","eButterfly"
"Satyrium caryaevorus",1900,7,"","1900-07-22","presence",NA,1,45.5017,-73.5673,"ebutterfly","Maxim Larrivée, Jeremy Kerr, Kent McFarland and Katy Prudic","eButterfly","ebutterfly","eButterfly","","eButterfly"
"Colias philodice",1900,9,"","1900-09-22","presence",NA,1,45.5017,-73.5673,"ebutterfly","Maxim Larrivée, Jeremy Kerr, Kent McFarland and Katy Prudic","eButterfly","ebutterfly","eButterfly","","eButterfly"
"Epargyreus clarus",1900,9,"","1900-09-01","presence",NA,1,45.5017,-73.5673,"ebutterfly","Maxim Larrivée, Jeremy Kerr, Kent McFarland and Katy Prudic","eButterfly","ebutterfly","eButterfly","","eButterfly"
"Celastrina lucia",1900,5,"","1900-05-16","presence",NA,1,45.5017,-73.5673,"ebutterfly","Maxim Larrivée, Jeremy Kerr, Kent McFarland and Katy Prudic","eButterfly","ebutterfly","eButterfly","","eButterfly"
"Pieris oleracea",1900,5,"00:00:00","1900-05-16T00:00:00","presence",NA,1,45.4792,-74.3023,"ebutterfly","Maxim Larrivée, Jeremy Kerr, Kent McFarland and Katy Prudic","eButterfly","ebutterfly","eButterfly","","eButterfly"
"Pieris virginiensis",1900,5,"","1900-05-24","presence",NA,1,45.564,-73.179,"ebutterfly","Maxim Larrivée, Jeremy Kerr, Kent McFarland and Katy Prudic","eButterfly","ebutterfly","eButterfly","","eButterfly"
"Satyrium caryaevorus",1900,7,"00:00:00","1900-07-22T00:00:00","occurrence",NA,1,45.501689,-73.567256,"gbif","GBIF","eButterfly Surveys","Vermont Center for Ecostudies","Vermont Center for Ecostudies","cc by nc 4.0","Vermont Center for Ecostudies"
"Colias philodice",1900,9,"00:00:00","1900-09-22T00:00:00","occurrence",NA,1,45.501689,-73.567256,"gbif","GBIF","eButterfly Surveys","Vermont Center for Ecostudies","Vermont Center for Ecostudies","cc by nc 4.0","Vermont Center for Ecostudies"
"Vanessa atalanta",1900,5,"00:00:00","1900-05-23T00:00:00","occurrence",NA,1,45.479233,-74.302298,"gbif","GBIF","eButterfly Surveys","Vermont Center for Ecostudies","Vermont Center for Ecostudies","cc by nc 4.0","Vermont Center for Ecostudies"
"Celastrina lucia",1900,5,"00:00:00","1900-05-15T00:00:00","occurrence",NA,1,45.479233,-74.302298,"gbif","GBIF","eButterfly Surveys","Vermont Center for Ecostudies","Vermont Center for Ecostudies","cc by nc 4.0","Vermont Center for Ecostudies"
"Epargyreus clarus",1900,9,"00:00:00","1900-09-01T00:00:00","occurrence",NA,1,45.501689,-73.567256,"gbif","GBIF","eButterfly Surveys","Vermont Center for Ecostudies","Vermont Center for Ecostudies","cc by nc 4.0","Vermont Center for Ecostudies"
"Lycaena phlaeas",1900,6,"00:00:00","1900-06-09T00:00:00","abundance",NA,3,45.479233,-74.302298,"gbif","GBIF","eButterfly Surveys","Vermont Center for Ecostudies","Vermont Center for Ecostudies","cc by nc 4.0","Vermont Center for Ecostudies"
"Pieris virginiensis",1900,5,"00:00:00","1900-05-24T00:00:00","occurrence",NA,1,45.564042,-73.179013,"gbif","GBIF","eButterfly Surveys","Vermont Center for Ecostudies","Vermont Center for Ecostudies","cc by nc 4.0","Vermont Center for Ecostudies"
"Pieris oleracea",1900,5,"00:00:00","1900-05-16T00:00:00","occurrence",NA,1,45.479233,-74.302298,"gbif","GBIF","eButterfly Surveys","Vermont Center for Ecostudies","Vermont Center for Ecostudies","cc by nc 4.0","Vermont Center for Ecostudies"
"Malacosoma americana",1900,6,"00:00:00","1900-06-28T00:00:00","occurrence",NA,1,45.527156,-75.875447,"gbif","GBIF","Canadian National Collection of Insects, Arachnids, and Nematodes (CNC)","Agriculture and Agri-Food Canada","Agriculture and Agri-Food Canada","cc by 4.0","Agriculture and Agri-Food Canada"
"Malacosoma americana",1900,6,"00:00:00","1900-06-24T00:00:00","occurrence",NA,1,45.527156,-75.875447,"gbif","GBIF","Canadian National Collection of Insects, Arachnids, and Nematodes (CNC)","Agriculture and Agri-Food Canada","Agriculture and Agri-Food Canada","cc by 4.0","Agriculture and Agri-Food Canada"
"Pieris rapae",1900,4,"00:00:00","1900-04-29T00:00:00","occurrence",NA,1,45.527156,-75.875447,"gbif","GBIF","Canadian National Collection of Insects, Arachnids, and Nematodes (CNC)","Agriculture and Agri-Food Canada","Agriculture and Agri-Food Canada","cc by 4.0","Agriculture and Agri-Food Canada"
"Polygonia comma",1900,10,"00:00:00","1900-10-08T00:00:00","occurrence",NA,1,45.5,-73.5833,"gbif","GBIF","Royal Ontario Museum: Entomology","Canadian Biodiversity Information Facility","Canadian Biodiversity Information Facility","cc0 1.0","Canadian Biodiversity Information Facility"
"Polygonia progne",1900,7,"00:00:00","1900-07-14T00:00:00","occurrence",NA,1,45.5,-73.5833,"gbif","GBIF","Royal Ontario Museum: Entomology","Canadian Biodiversity Information Facility","Canadian Biodiversity Information Facility","cc0 1.0","Canadian Biodiversity Information Facility"
"Polygonia progne",1900,5,"00:00:00","1900-05-26T00:00:00","occurrence",NA,1,45.5,-73.5833,"gbif","GBIF","Royal Ontario Museum: Entomology","Canadian Biodiversity Information Facility","Canadian Biodiversity Information Facility","cc0 1.0","Canadian Biodiversity Information Facility"
"Nymphalis antiopa",1900,4,"00:00:00","1900-04-24T00:00:00","occurrence",NA,1,45.5,-73.5833,"gbif","GBIF","Royal Ontario Museum: Entomology","Canadian Biodiversity Information Facility","Canadian Biodiversity Information Facility","cc0 1.0","Canadian Biodiversity Information Facility"
"Nymphalis antiopa",1900,4,"00:00:00","1900-04-24T00:00:00","occurrence",NA,1,45.5,-73.5833,"gbif","GBIF","Royal Ontario Museum: Entomology","Canadian Biodiversity Information Facility","Canadian Biodiversity Information Facility","cc0 1.0","Canadian Biodiversity Information Facility"
"Satyrodes eurydice",1900,7,"00:00:00","1900-07-07T00:00:00","occurrence",NA,1,45.5,-73.5833,"gbif","GBIF","Royal Ontario Museum: Entomology","Canadian Biodiversity Information Facility","Canadian Biodiversity Information Facility","cc0 1.0","Canadian Biodiversity Information Facility"
"Speyeria aphrodite",1900,7,"00:00:00","1900-07-20T00:00:00","occurrence",NA,1,45.5,-73.5833,"gbif","GBIF","Royal Ontario Museum: Entomology","Canadian Biodiversity Information Facility","Canadian Biodiversity Information Facility","cc0 1.0","Canadian Biodiversity Information Facility"
"Papilio canadensis",1900,6,"00:00:00","1900-06-06T00:00:00","occurrence",NA,1,45.5,-73.5833,"gbif","GBIF","Royal Ontario Museum: Entomology","Canadian Biodiversity Information Facility","Canadian Biodiversity Information Facility","cc0 1.0","Canadian Biodiversity Information Facility"
"Poanes hobomok",1900,6,"00:00:00","1900-06-06T00:00:00","occurrence",NA,1,45.5,-73.5833,"gbif","GBIF","Royal Ontario Museum: Entomology","Canadian Biodiversity Information Facility","Canadian Biodiversity Information Facility","cc0 1.0","Canadian Biodiversity Information Facility"
"Poanes hobomok",1900,6,"00:00:00","1900-06-06T00:00:00","occurrence",NA,1,45.5,-73.5833,"gbif","GBIF","Royal Ontario Museum: Entomology","Canadian Biodiversity Information Facility","Canadian Biodiversity Information Facility","cc0 1.0","Canadian Biodiversity Information Facility"
"Lycaenidae",1900,7,"00:00:00","1900-07-02T00:00:00","occurrence",NA,1,45.45,-73.65,"gbif","GBIF","Royal Ontario Museum: Entomology","Canadian Biodiversity Information Facility","Canadian Biodiversity Information Facility","cc0 1.0","Canadian Biodiversity Information Facility"
"Boloria selene",1900,7,"00:00:00","1900-07-14T00:00:00","occurrence",NA,1,45.5,-73.5833,"gbif","GBIF","Royal Ontario Museum: Entomology","Canadian Biodiversity Information Facility","Canadian Biodiversity Information Facility","cc0 1.0","Canadian Biodiversity Information Facility"
"Thorybes pylades",1900,7,"00:00:00","1900-07-07T00:00:00","occurrence",NA,1,45.5,-73.5833,"gbif","GBIF","Royal Ontario Museum: Entomology","Canadian Biodiversity Information Facility","Canadian Biodiversity Information Facility","cc0 1.0","Canadian Biodiversity Information Facility"
"Thorybes pylades",1900,6,"00:00:00","1900-06-23T00:00:00","occurrence",NA,1,45.5,-73.5833,"gbif","GBIF","Royal Ontario Museum: Entomology","Canadian Biodiversity Information Facility","Canadian Biodiversity Information Facility","cc0 1.0","Canadian Biodiversity Information Facility"
"Speyeria cybele",1900,8,"00:00:00","1900-08-04T00:00:00","occurrence",NA,1,45.5,-73.5833,"gbif","GBIF","Royal Ontario Museum: Entomology","Canadian Biodiversity Information Facility","Canadian Biodiversity Information Facility","cc0 1.0","Canadian Biodiversity Information Facility"
"Speyeria cybele",1900,8,"00:00:00","1900-08-04T00:00:00","occurrence",NA,1,45.5,-73.5833,"gbif","GBIF","Royal Ontario Museum: Entomology","Canadian Biodiversity Information Facility","Canadian Biodiversity Information Facility","cc0 1.0","Canadian Biodiversity Information Facility"
"Satyrium liparops",1900,7,"00:00:00","1900-07-15T00:00:00","occurrence",NA,1,45.5,-73.5833,"gbif","GBIF","Royal Ontario Museum: Entomology","Canadian Biodiversity Information Facility","Canadian Biodiversity Information Facility","cc0 1.0","Canadian Biodiversity Information Facility"
"Phyciodes cocyta",1900,7,"00:00:00","1900-07-14T00:00:00","occurrence",NA,1,45.5,-73.5833,"gbif","GBIF","Royal Ontario Museum: Entomology","Canadian Biodiversity Information Facility","Canadian Biodiversity Information Facility","cc0 1.0","Canadian Biodiversity Information Facility"
"Phyciodes cocyta",1900,8,"00:00:00","1900-08-04T00:00:00","occurrence",NA,1,45.5,-73.5833,"gbif","GBIF","Royal Ontario Museum: Entomology","Canadian Biodiversity Information Facility","Canadian Biodiversity Information Facility","cc0 1.0","Canadian Biodiversity Information Facility"
"Vanessa atalanta",1900,5,"00:00:00","1900-05-26T00:00:00","occurrence",NA,1,45.5,-73.5833,"gbif","GBIF","Royal Ontario Museum: Entomology","Canadian Biodiversity Information Facility","Canadian Biodiversity Information Facility","cc0 1.0","Canadian Biodiversity Information Facility"
"Vanessa atalanta",1900,7,"00:00:00","1900-07-14T00:00:00","occurrence",NA,1,45.5,-73.5833,"gbif","GBIF","Royal Ontario Museum: Entomology","Canadian Biodiversity Information Facility","Canadian Biodiversity Information Facility","cc0 1.0","Canadian Biodiversity Information Facility"
"Vanessa atalanta",1900,7,"00:00:00","1900-07-14T00:00:00","occurrence",NA,1,45.5,-73.5833,"gbif","GBIF","Royal Ontario Museum: Entomology","Canadian Biodiversity Information Facility","Canadian Biodiversity Information Facility","cc0 1.0","Canadian Biodiversity Information Facility"
"Vanessa atalanta",1900,7,"00:00:00","1900-07-14T00:00:00","occurrence",NA,1,45.5,-73.5833,"gbif","GBIF","Royal Ontario Museum: Entomology","Canadian Biodiversity Information Facility","Canadian Biodiversity Information Facility","cc0 1.0","Canadian Biodiversity Information Facility"
"Vanessa cardui",1900,7,"00:00:00","1900-07-28T00:00:00","occurrence",NA,1,45.5,-73.5833,"gbif","GBIF","Royal Ontario Museum: Entomology","Canadian Biodiversity Information Facility","Canadian Biodiversity Information Facility","cc0 1.0","Canadian Biodiversity Information Facility"
"Vanessa virginiensis",1900,10,"00:00:00","1900-10-03T00:00:00","occurrence",NA,1,45.5,-73.5833,"gbif","GBIF","Royal Ontario Museum: Entomology","Canadian Biodiversity Information Facility","Canadian Biodiversity Information Facility","cc0 1.0","Canadian Biodiversity Information Facility"
"Colias philodice",1900,10,"00:00:00","1900-10-05T00:00:00","occurrence",NA,1,45.5,-73.5833,"gbif","GBIF","Royal Ontario Museum: Entomology","Canadian Biodiversity Information Facility","Canadian Biodiversity Information Facility","cc0 1.0","Canadian Biodiversity Information Facility"
"Epargyreus clarus",1900,7,"00:00:00","1900-07-28T00:00:00","occurrence",NA,1,45.5,-73.5833,"gbif","GBIF","Royal Ontario Museum: Entomology","Canadian Biodiversity Information Facility","Canadian Biodiversity Information Facility","cc0 1.0","Canadian Biodiversity Information Facility"
"Epargyreus clarus",1900,6,"00:00:00","1900-06-23T00:00:00","occurrence",NA,1,45.5,-73.5833,"gbif","GBIF","Royal Ontario Museum: Entomology","Canadian Biodiversity Information Facility","Canadian Biodiversity Information Facility","cc0 1.0","Canadian Biodiversity Information Facility"
"Catocala cerogama",1900,8,"00:00:00","1900-08-09T00:00:00","occurrence",NA,1,45.498,-73.6,"gbif","GBIF","University of Alberta E. H. Strickland Entomological Museum (UASM)","University of Alberta Museums","University of Alberta Museums","cc0 1.0","University of Alberta Museums"
"Satyrium caryaevorus",1900,7,"00:00:00","1900-07-22T00:00:00","occurrence",NA,1,45.5,-73.5833,"gbif","GBIF","Lyman Entomological Museum","Canadian Biodiversity Information Facility","Canadian Biodiversity Information Facility","cc0 1.0","Canadian Biodiversity Information Facility"
"Celastrina ladon",1900,5,"00:00:00","1900-05-16T00:00:00","occurrence",NA,1,45.5,-73.5833,"gbif","GBIF","Lyman Entomological Museum","Canadian Biodiversity Information Facility","Canadian Biodiversity Information Facility","cc0 1.0","Canadian Biodiversity Information Facility"
"Pieris napi",1900,5,"00:00:00","1900-05-24T00:00:00","occurrence",NA,1,45.55268,-73.64828,"gbif","GBIF","Museum of Comparative Zoology, Harvard University","Museum of Comparative Zoology, Harvard University","Museum of Comparative Zoology, Harvard University","cc by nc 4.0","Museum of Comparative Zoology, Harvard University"
"Celastrina ladon",1900,6,"00:00:00","1900-06-09T00:00:00","occurrence",NA,1,45.3833,-72.2,"gbif","GBIF","Lyman Entomological Museum","Canadian Biodiversity Information Facility","Canadian Biodiversity Information Facility","cc0 1.0","Canadian Biodiversity Information Facility"
"Colias philodice",1900,9,"00:00:00","1900-09-22T00:00:00","occurrence",NA,1,45.5,-73.5833,"gbif","GBIF","Lyman Entomological Museum","Canadian Biodiversity Information Facility","Canadian Biodiversity Information Facility","cc0 1.0","Canadian Biodiversity Information Facility"
"Glaucopsyche lygdamus",1900,6,"00:00:00","1900-06-13T00:00:00","occurrence",NA,1,45.4167,-73.9333,"gbif","GBIF","Lyman Entomological Museum","Canadian Biodiversity Information Facility","Canadian Biodiversity Information Facility","cc0 1.0","Canadian Biodiversity Information Facility"
"Oeneis jutta reducta",1900,8,"00:00:00","1900-08-02T00:00:00","occurrence",NA,1,46.8167,-71.2167,"gbif","GBIF","Cleveland Museum of Natural History","Museum of Biological Diversity, The Ohio State University","Museum of Biological Diversity, The Ohio State University","cc by 4.0","Museum of Biological Diversity, The Ohio State University"
"Celastrina lucia",1900,5,"00:00:00","1900-05-13T00:00:00","occurrence",NA,1,45.479233,-74.302298,"gbif","GBIF","eButterfly Surveys","Vermont Center for Ecostudies","Vermont Center for Ecostudies","cc by nc 4.0","Vermont Center for Ecostudies"
"Celastrina lucia",1900,5,"00:00:00","1900-05-16T00:00:00","occurrence",NA,1,45.501689,-73.567256,"gbif","GBIF","eButterfly Surveys","Vermont Center for Ecostudies","Vermont Center for Ecostudies","cc by nc 4.0","Vermont Center for Ecostudies"
"Polites themistocles",1900,6,"00:00:00","1900-06-19T00:00:00","occurrence",NA,1,45.5333,-75.8833,"gbif","GBIF","Canadian National Collection (CNC) of Insects, Arachnids and Nematodes","Canadian Biodiversity Information Facility","Canadian Biodiversity Information Facility","cc by 4.0","Canadian Biodiversity Information Facility"
"Vanessa virginiensis",1900,7,"00:00:00","1900-07-26T00:00:00","occurrence",NA,1,45.5333,-75.8833,"gbif","GBIF","Canadian National Collection (CNC) of Insects, Arachnids and Nematodes","Canadian Biodiversity Information Facility","Canadian Biodiversity Information Facility","cc by 4.0","Canadian Biodiversity Information Facility"
"Vanessa virginiensis",1900,7,"00:00:00","1900-07-29T00:00:00","occurrence",NA,1,45.5333,-75.8833,"gbif","GBIF","Canadian National Collection (CNC) of Insects, Arachnids and Nematodes","Canadian Biodiversity Information Facility","Canadian Biodiversity Information Facility","cc by 4.0","Canadian Biodiversity Information Facility"
"Poanes hobomok",1900,6,"00:00:00","1900-06-18T00:00:00","occurrence",NA,1,45.5333,-75.8833,"gbif","GBIF","Canadian National Collection (CNC) of Insects, Arachnids and Nematodes","Canadian Biodiversity Information Facility","Canadian Biodiversity Information Facility","cc by 4.0","Canadian Biodiversity Information Facility"
"Callophrys niphon",1900,5,"00:00:00","1900-05-24T00:00:00","occurrence",NA,1,45.5333,-75.8833,"gbif","GBIF","Canadian National Collection (CNC) of Insects, Arachnids and Nematodes","Canadian Biodiversity Information Facility","Canadian Biodiversity Information Facility","cc by 4.0","Canadian Biodiversity Information Facility"
"Callophrys niphon",1900,5,"00:00:00","1900-05-27T00:00:00","occurrence",NA,1,45.5333,-75.8833,"gbif","GBIF","Canadian National Collection (CNC) of Insects, Arachnids and Nematodes","Canadian Biodiversity Information Facility","Canadian Biodiversity Information Facility","cc by 4.0","Canadian Biodiversity Information Facility"
"Pieris rapae",1900,4,"00:00:00","1900-04-29T00:00:00","occurrence",NA,1,45.5333,-75.8833,"gbif","GBIF","Canadian National Collection (CNC) of Insects, Arachnids and Nematodes","Canadian Biodiversity Information Facility","Canadian Biodiversity Information Facility","cc by 4.0","Canadian Biodiversity Information Facility"
"Speyeria aphrodite",1900,6,"00:00:00","1900-06-28T00:00:00","occurrence",NA,1,45.5333,-75.8833,"gbif","GBIF","Canadian National Collection (CNC) of Insects, Arachnids and Nematodes","Canadian Biodiversity Information Facility","Canadian Biodiversity Information Facility","cc by 4.0","Canadian Biodiversity Information Facility"
"Amblyscirtes hegon",1900,5,"00:00:00","1900-05-29T00:00:00","occurrence",NA,1,45.5333,-75.8833,"gbif","GBIF","Canadian National Collection (CNC) of Insects, Arachnids and Nematodes","Canadian Biodiversity Information Facility","Canadian Biodiversity Information Facility","cc by 4.0","Canadian Biodiversity Information Facility"
"Enodia anthedon",1900,6,"00:00:00","1900-06-28T00:00:00","occurrence",NA,1,45.5333,-75.8833,"gbif","GBIF","Canadian National Collection (CNC) of Insects, Arachnids and Nematodes","Canadian Biodiversity Information Facility","Canadian Biodiversity Information Facility","cc by 4.0","Canadian Biodiversity Information Facility"
"Phyciodes cocyta",1900,6,"00:00:00","1900-06-30T00:00:00","occurrence",NA,1,45.5333,-75.8833,"gbif","GBIF","Canadian National Collection (CNC) of Insects, Arachnids and Nematodes","Canadian Biodiversity Information Facility","Canadian Biodiversity Information Facility","cc by 4.0","Canadian Biodiversity Information Facility"
"Phyciodes cocyta",1900,7,"00:00:00","1900-07-02T00:00:00","occurrence",NA,1,45.5333,-75.8833,"gbif","GBIF","Canadian National Collection (CNC) of Insects, Arachnids and Nematodes","Canadian Biodiversity Information Facility","Canadian Biodiversity Information Facility","cc by 4.0","Canadian Biodiversity Information Facility"
"Phyciodes cocyta",1900,7,"00:00:00","1900-07-02T00:00:00","occurrence",NA,1,45.5333,-75.8833,"gbif","GBIF","Canadian National Collection (CNC) of Insects, Arachnids and Nematodes","Canadian Biodiversity Information Facility","Canadian Biodiversity Information Facility","cc by 4.0","Canadian Biodiversity Information Facility"
"Phyciodes cocyta",1900,6,"00:00:00","1900-06-18T00:00:00","occurrence",NA,1,45.5333,-75.8833,"gbif","GBIF","Canadian National Collection (CNC) of Insects, Arachnids and Nematodes","Canadian Biodiversity Information Facility","Canadian Biodiversity Information Facility","cc by 4.0","Canadian Biodiversity Information Facility"
"Cercyonis pegala nephele",1900,7,"00:00:00","1900-07-12T00:00:00","occurrence",NA,1,45.5333,-75.8833,"gbif","GBIF","Canadian National Collection (CNC) of Insects, Arachnids and Nematodes","Canadian Biodiversity Information Facility","Canadian Biodiversity Information Facility","cc by 4.0","Canadian Biodiversity Information Facility"
"Cercyonis pegala nephele",1900,7,"00:00:00","1900-07-12T00:00:00","occurrence",NA,1,45.5333,-75.8833,"gbif","GBIF","Canadian National Collection (CNC) of Insects, Arachnids and Nematodes","Canadian Biodiversity Information Facility","Canadian Biodiversity Information Facility","cc by 4.0","Canadian Biodiversity Information Facility"
"Colias philodice",1900,9,"00:00:00","1900-09-27T00:00:00","occurrence",NA,1,45.5333,-75.8833,"gbif","GBIF","Canadian National Collection (CNC) of Insects, Arachnids and Nematodes","Canadian Biodiversity Information Facility","Canadian Biodiversity Information Facility","cc by 4.0","Canadian Biodiversity Information Facility"
"Colias philodice",1900,5,"00:00:00","1900-05-27T00:00:00","occurrence",NA,1,45.5333,-75.8833,"gbif","GBIF","Canadian National Collection (CNC) of Insects, Arachnids and Nematodes","Canadian Biodiversity Information Facility","Canadian Biodiversity Information Facility","cc by 4.0","Canadian Biodiversity Information Facility"
"Nymphalis milberti",1900,6,"00:00:00","1900-06-13T00:00:00","occurrence",NA,1,45.5333,-75.8833,"gbif","GBIF","Canadian National Collection (CNC) of Insects, Arachnids and Nematodes","Canadian Biodiversity Information Facility","Canadian Biodiversity Information Facility","cc by 4.0","Canadian Biodiversity Information Facility"
"Erynnis juvenalis",1900,5,"00:00:00","1900-05-24T00:00:00","occurrence",NA,1,45.5333,-75.8833,"gbif","GBIF","Canadian National Collection (CNC) of Insects, Arachnids and Nematodes","Canadian Biodiversity Information Facility","Canadian Biodiversity Information Facility","cc by 4.0","Canadian Biodiversity Information Facility"
"Lycaena phlaeas",1900,5,"00:00:00","1900-05-27T00:00:00","occurrence",NA,1,45.5333,-75.8833,"gbif","GBIF","Canadian National Collection (CNC) of Insects, Arachnids and Nematodes","Canadian Biodiversity Information Facility","Canadian Biodiversity Information Facility","cc by 4.0","Canadian Biodiversity Information Facility"
"Lycaena phlaeas",1900,7,"00:00:00","1900-07-27T00:00:00","occurrence",NA,1,45.5333,-75.8833,"gbif","GBIF","Canadian National Collection (CNC) of Insects, Arachnids and Nematodes","Canadian Biodiversity Information Facility","Canadian Biodiversity Information Facility","cc by 4.0","Canadian Biodiversity Information Facility"
"Erynnis icelus",1900,5,"00:00:00","1900-05-24T00:00:00","occurrence",NA,1,45.5333,-75.8833,"gbif","GBIF","Canadian National Collection (CNC) of Insects, Arachnids and Nematodes","Canadian Biodiversity Information Facility","Canadian Biodiversity Information Facility","cc by 4.0","Canadian Biodiversity Information Facility"
"Vanessa atalanta",1900,7,"00:00:00","1900-07-09T00:00:00","occurrence",NA,1,45.5333,-75.8833,"gbif","GBIF","Canadian National Collection (CNC) of Insects, Arachnids and Nematodes","Canadian Biodiversity Information Facility","Canadian Biodiversity Information Facility","cc by 4.0","Canadian Biodiversity Information Facility"
"Colias philodice",1900,8,"00:00:00","1900-08-23T00:00:00","occurrence",NA,1,45.5333,-75.8833,"gbif","GBIF","Canadian National Collection (CNC) of Insects, Arachnids and Nematodes","Canadian Biodiversity Information Facility","Canadian Biodiversity Information Facility","cc by 4.0","Canadian Biodiversity Information Facility"
"Vanessa cardui",1900,7,"00:00:00","1900-07-26T00:00:00","occurrence",NA,1,45.5333,-75.8833,"gbif","GBIF","Canadian National Collection (CNC) of Insects, Arachnids and Nematodes","Canadian Biodiversity Information Facility","Canadian Biodiversity Information Facility","cc by 4.0","Canadian Biodiversity Information Facility"
"Colias philodice",1900,8,"00:00:00","1900-08-22T00:00:00","occurrence",NA,1,45.5333,-75.8833,"gbif","GBIF","Canadian National Collection (CNC) of Insects, Arachnids and Nematodes","Canadian Biodiversity Information Facility","Canadian Biodiversity Information Facility","cc by 4.0","Canadian Biodiversity Information Facility"
"Colias philodice",1900,8,"00:00:00","1900-08-27T00:00:00","occurrence",NA,1,45.5333,-75.8833,"gbif","GBIF","Canadian National Collection (CNC) of Insects, Arachnids and Nematodes","Canadian Biodiversity Information Facility","Canadian Biodiversity Information Facility","cc by 4.0","Canadian Biodiversity Information Facility"
"Colias philodice",1900,8,"00:00:00","1900-08-22T00:00:00","occurrence",NA,1,45.5333,-75.8833,"gbif","GBIF","Canadian National Collection (CNC) of Insects, Arachnids and Nematodes","Canadian Biodiversity Information Facility","Canadian Biodiversity Information Facility","cc by 4.0","Canadian Biodiversity Information Facility"
"Colias philodice",1900,8,"00:00:00","1900-08-23T00:00:00","occurrence",NA,1,45.5333,-75.8833,"gbif","GBIF","Canadian National Collection (CNC) of Insects, Arachnids and Nematodes","Canadian Biodiversity Information Facility","Canadian Biodiversity Information Facility","cc by 4.0","Canadian Biodiversity Information Facility"
"Colias",1900,7,"","1900-07-02","presence",NA,1,64.0601,-139.432,"ebutterfly","Maxim Larrivée, Jeremy Kerr, Kent McFarland and Katy Prudic","eButterfly","ebutterfly","eButterfly","","eButterfly"
"Celastrina",1900,6,"","1900-06-09","presence",NA,1,34.3665,-89.5192,"ebutterfly","Maxim Larrivée, Jeremy Kerr, Kent McFarland and Katy Prudic","eButterfly","ebutterfly","eButterfly","","eButterfly"
"Aglais milberti",1900,6,"","1900-06-16","presence",NA,1,59.4509,-136.3623,"ebutterfly","Maxim Larrivée, Jeremy Kerr, Kent McFarland and Katy Prudic","eButterfly","ebutterfly","eButterfly","","eButterfly"
"Thorybes pylades",1900,6,"","1900-06-05","presence",NA,1,49.9143,-116.9155,"ebutterfly","Maxim Larrivée, Jeremy Kerr, Kent McFarland and Katy Prudic","eButterfly","ebutterfly","eButterfly","","eButterfly"
"Celastrina lucia",1900,6,"","1900-06-15","presence",NA,1,64.0601,-139.432,"ebutterfly","Maxim Larrivée, Jeremy Kerr, Kent McFarland and Katy Prudic","eButterfly","ebutterfly","eButterfly","","eButterfly"
"Calycopis cecrops",1900,7,"","1900-07-07","presence",NA,1,32.7765,-79.9311,"ebutterfly","Maxim Larrivée, Jeremy Kerr, Kent McFarland and Katy Prudic","eButterfly","ebutterfly","eButterfly","","eButterfly"
"Calycopis cecrops",1900,8,"","1900-08-01","presence",NA,1,36.2987,-93.5003,"ebutterfly","Maxim Larrivée, Jeremy Kerr, Kent McFarland and Katy Prudic","eButterfly","ebutterfly","eButterfly","","eButterfly"
"Eurema daira",1900,7,"","1900-07-25","presence",NA,1,32.7765,-79.9311,"ebutterfly","Maxim Larrivée, Jeremy Kerr, Kent McFarland and Katy Prudic","eButterfly","ebutterfly","eButterfly","","eButterfly"
"Colias eurytheme",1900,9,"","1900-09-30","presence",NA,1,45.4215,-75.6972,"ebutterfly","Maxim Larrivée, Jeremy Kerr, Kent McFarland and Katy Prudic","eButterfly","ebutterfly","eButterfly","","eButterfly"
"Colias eurytheme",1900,10,"","1900-10-04","presence",NA,1,45.4215,-75.6972,"ebutterfly","Maxim Larrivée, Jeremy Kerr, Kent McFarland and Katy Prudic","eButterfly","ebutterfly","eButterfly","","eButterfly"
"Phyciodes batesii",1900,6,"","1900-06-07","presence",NA,1,41.4515,-75.6119,"ebutterfly","Maxim Larrivée, Jeremy Kerr, Kent McFarland and Katy Prudic","eButterfly","ebutterfly","eButterfly","","eButterfly"
"Calephelis virginiensis",1900,7,"","1900-07-05","presence",NA,1,32.7765,-79.9311,"ebutterfly","Maxim Larrivée, Jeremy Kerr, Kent McFarland and Katy Prudic","eButterfly","ebutterfly","eButterfly","","eButterfly"
"Amblyscirtes hegon",1900,5,"","1900-05-26","presence",NA,1,41.409,-75.6624,"ebutterfly","Maxim Larrivée, Jeremy Kerr, Kent McFarland and Katy Prudic","eButterfly","ebutterfly","eButterfly","","eButterfly"
"Pyrisitia lisa",1900,7,"","1900-07-10","presence",NA,1,32.7765,-79.9311,"ebutterfly","Maxim Larrivée, Jeremy Kerr, Kent McFarland and Katy Prudic","eButterfly","ebutterfly","eButterfly","","eButterfly"
"Cercyonis pegala",1900,7,"","1900-07-04","presence",NA,1,32.7765,-79.9311,"ebutterfly","Maxim Larrivée, Jeremy Kerr, Kent McFarland and Katy Prudic","eButterfly","ebutterfly","eButterfly","","eButterfly"
"Limenitis lorquini",1900,7,"","1900-07-04","presence",NA,1,49.9143,-116.9155,"ebutterfly","Maxim Larrivée, Jeremy Kerr, Kent McFarland and Katy Prudic","eButterfly","ebutterfly","eButterfly","","eButterfly"
"Anthocharis midea",1900,5,"","1900-05-01","presence",NA,1,38.3498,-81.6326,"ebutterfly","Maxim Larrivée, Jeremy Kerr, Kent McFarland and Katy Prudic","eButterfly","ebutterfly","eButterfly","","eButterfly"
"Calycopis cecrops",1900,7,"","1900-07-10","presence",NA,1,32.7765,-79.9311,"ebutterfly","Maxim Larrivée, Jeremy Kerr, Kent McFarland and Katy Prudic","eButterfly","ebutterfly","eButterfly","","eButterfly"
"Pyrgus communis",1900,7,"","1900-07-05","presence",NA,1,32.7765,-79.9311,"ebutterfly","Maxim Larrivée, Jeremy Kerr, Kent McFarland and Katy Prudic","eButterfly","ebutterfly","eButterfly","","eButterfly"
"Satyrium calanus",1900,6,"","1900-06-20","presence",NA,1,37.2296,-80.4139,"ebutterfly","Maxim Larrivée, Jeremy Kerr, Kent McFarland and Katy Prudic","eButterfly","ebutterfly","eButterfly","","eButterfly"
