"observed_scientific_name","year_obs","day_obs","time_obs","dwc_event_date","obs_variable","obs_unit","obs_value","lat","lon","original_source","creator","title","publisher","intellectual_rights","license","owner"
"Speyeria aphrodite",1906,8,"","1906-08-02","presence",NA,1,45.5017,-73.5673,"ebutterfly","Maxim Larrivée, Jeremy Kerr, Kent McFarland and Katy Prudic","eButterfly","ebutterfly","eButterfly","","eButterfly"
"Speyeria aphrodite",1906,8,"00:00:00","1906-08-02T00:00:00","occurrence",NA,1,45.501689,-73.567256,"gbif","GBIF","eButterfly Surveys","Vermont Center for Ecostudies","Vermont Center for Ecostudies","cc by nc 4.0","Vermont Center for Ecostudies"
"Feniseca tarquinius",1906,7,"00:00:00","1906-07-01T00:00:00","occurrence",NA,1,47.333333,-79.5,"gbif","GBIF","University of Michigan Museum of Zoology, Division of Insects","University of Michigan Museum of Zoology","University of Michigan Museum of Zoology","cc by nc 4.0","University of Michigan Museum of Zoology"
"Speyeria aphrodite",1906,8,"00:00:00","1906-08-02T00:00:00","occurrence",NA,1,45.5,-73.5833,"gbif","GBIF","Lyman Entomological Museum","Canadian Biodiversity Information Facility","Canadian Biodiversity Information Facility","cc0 1.0","Canadian Biodiversity Information Facility"
"Peronea",1906,8,"00:00:00","1906-08-28T00:00:00","occurrence",NA,1,45.538502,-75.897673,"gbif","GBIF","Academy of Natural Sciences Entomology Collection","Academy of Natural Sciences","Academy of Natural Sciences","cc by nc 4.0","Academy of Natural Sciences"
"Nymphalis l-album",1906,9,"00:00:00","1906-09-08T00:00:00","occurrence",NA,1,45.501689,-73.567256,"gbif","GBIF","eButterfly Surveys","Vermont Center for Ecostudies","Vermont Center for Ecostudies","cc by nc 4.0","Vermont Center for Ecostudies"
"Satyrium calanus",1906,7,"00:00:00","1906-07-21T00:00:00","occurrence",NA,1,45.5333,-75.8833,"gbif","GBIF","Canadian National Collection (CNC) of Insects, Arachnids and Nematodes","Canadian Biodiversity Information Facility","Canadian Biodiversity Information Facility","cc by 4.0","Canadian Biodiversity Information Facility"
"Satyrium caryaevorus",1906,7,"00:00:00","1906-07-21T00:00:00","occurrence",NA,1,45.5333,-75.8833,"gbif","GBIF","Canadian National Collection (CNC) of Insects, Arachnids and Nematodes","Canadian Biodiversity Information Facility","Canadian Biodiversity Information Facility","cc by 4.0","Canadian Biodiversity Information Facility"
"Cucullia lucifuga",1906,7,"00:00:00","1906-07-25T00:00:00","occurrence",NA,1,48.36743,-70.677971,"gbif","GBIF","University of Minnesota Insect Collection","University of Minnesota Insect Collection","University of Minnesota Insect Collection","cc0 1.0","University of Minnesota Insect Collection"
"Euptoieta claudia",1906,8,"00:00:00","1906-08-14T00:00:00","presence",NA,1,49.5771,-101.6992,"ebutterfly","Maxim Larrivée, Jeremy Kerr, Kent McFarland and Katy Prudic","eButterfly","ebutterfly","eButterfly","","eButterfly"
"Erebia epipsodea",1906,6,"","1906-06-17","presence",NA,1,49.5771,-101.6992,"ebutterfly","Maxim Larrivée, Jeremy Kerr, Kent McFarland and Katy Prudic","eButterfly","ebutterfly","eButterfly","","eButterfly"
"Phyciodes batesii",1906,6,"","1906-06-03","presence",NA,1,41.409,-75.6624,"ebutterfly","Maxim Larrivée, Jeremy Kerr, Kent McFarland and Katy Prudic","eButterfly","ebutterfly","eButterfly","","eButterfly"
"Amblyscirtes hegon",1906,5,"","1906-05-30","presence",NA,1,41.409,-75.6624,"ebutterfly","Maxim Larrivée, Jeremy Kerr, Kent McFarland and Katy Prudic","eButterfly","ebutterfly","eButterfly","","eButterfly"
"Papilio cresphontes",1906,5,"00:00:00","1906-05-24T00:00:00","presence",NA,1,40.8814,-82.6618,"ebutterfly","Maxim Larrivée, Jeremy Kerr, Kent McFarland and Katy Prudic","eButterfly","ebutterfly","eButterfly","","eButterfly"
"Lycaena dione",1906,7,"","1906-07-20","presence",NA,1,43.9695,-99.9018,"ebutterfly","Maxim Larrivée, Jeremy Kerr, Kent McFarland and Katy Prudic","eButterfly","ebutterfly","eButterfly","","eButterfly"
"Hesperia sassacus",1906,6,"","1906-06-14","presence",NA,1,41.409,-75.6624,"ebutterfly","Maxim Larrivée, Jeremy Kerr, Kent McFarland and Katy Prudic","eButterfly","ebutterfly","eButterfly","","eButterfly"
"Battus philenor",1906,5,"00:00:00","1906-05-13T00:00:00","presence",NA,1,38.627,-90.1994,"ebutterfly","Maxim Larrivée, Jeremy Kerr, Kent McFarland and Katy Prudic","eButterfly","ebutterfly","eButterfly","","eButterfly"
"Cercyonis pegala",1906,7,"","1906-07-22","presence",NA,1,49.5771,-101.6992,"ebutterfly","Maxim Larrivée, Jeremy Kerr, Kent McFarland and Katy Prudic","eButterfly","ebutterfly","eButterfly","","eButterfly"
"Chlosyne gorgone",1906,6,"","1906-06-01","presence",NA,1,49.5771,-101.6992,"ebutterfly","Maxim Larrivée, Jeremy Kerr, Kent McFarland and Katy Prudic","eButterfly","ebutterfly","eButterfly","","eButterfly"
"Erebia epipsodea",1906,6,"","1906-06-11","presence",NA,1,49.5771,-101.6992,"ebutterfly","Maxim Larrivée, Jeremy Kerr, Kent McFarland and Katy Prudic","eButterfly","ebutterfly","eButterfly","","eButterfly"
"Glaucopsyche lygdamus",1906,6,"","1906-06-02","presence",NA,1,49.5771,-101.6992,"ebutterfly","Maxim Larrivée, Jeremy Kerr, Kent McFarland and Katy Prudic","eButterfly","ebutterfly","eButterfly","","eButterfly"
"Callophrys irus",1906,5,"","1906-05-19","presence",NA,1,41.409,-75.6624,"ebutterfly","Maxim Larrivée, Jeremy Kerr, Kent McFarland and Katy Prudic","eButterfly","ebutterfly","eButterfly","","eButterfly"
"Plebejus saepiolus",1906,6,"","1906-06-02","presence",NA,1,49.5771,-101.6992,"ebutterfly","Maxim Larrivée, Jeremy Kerr, Kent McFarland and Katy Prudic","eButterfly","ebutterfly","eButterfly","","eButterfly"
"Erynnis icelus",1906,7,"","1906-07-10","presence",NA,1,41.409,-75.6624,"ebutterfly","Maxim Larrivée, Jeremy Kerr, Kent McFarland and Katy Prudic","eButterfly","ebutterfly","eButterfly","","eButterfly"
"Speyeria hesperis",1906,7,"","1906-07-17","presence",NA,1,50.26,-101.0355,"ebutterfly","Maxim Larrivée, Jeremy Kerr, Kent McFarland and Katy Prudic","eButterfly","ebutterfly","eButterfly","","eButterfly"
"Asterocampa clyton",1906,6,"","1906-06-09","presence",NA,1,39.1031,-84.512,"ebutterfly","Maxim Larrivée, Jeremy Kerr, Kent McFarland and Katy Prudic","eButterfly","ebutterfly","eButterfly","","eButterfly"
"Asterocampa clyton",1906,6,"","1906-06-10","presence",NA,1,39.1031,-84.512,"ebutterfly","Maxim Larrivée, Jeremy Kerr, Kent McFarland and Katy Prudic","eButterfly","ebutterfly","eButterfly","","eButterfly"
"Glaucopsyche lygdamus",1906,6,"","1906-06-25","presence",NA,1,49.5771,-101.6992,"ebutterfly","Maxim Larrivée, Jeremy Kerr, Kent McFarland and Katy Prudic","eButterfly","ebutterfly","eButterfly","","eButterfly"
"Coenonympha inornata",1906,7,"","1906-07-02","presence",NA,1,49.5771,-101.6992,"ebutterfly","Maxim Larrivée, Jeremy Kerr, Kent McFarland and Katy Prudic","eButterfly","ebutterfly","eButterfly","","eButterfly"
"Glaucopsyche lygdamus",1906,8,"","1906-08-06","presence",NA,1,49.5771,-101.6992,"ebutterfly","Maxim Larrivée, Jeremy Kerr, Kent McFarland and Katy Prudic","eButterfly","ebutterfly","eButterfly","","eButterfly"
"Erebia epipsodea",1906,6,"","1906-06-01","presence",NA,1,49.5771,-101.6992,"ebutterfly","Maxim Larrivée, Jeremy Kerr, Kent McFarland and Katy Prudic","eButterfly","ebutterfly","eButterfly","","eButterfly"
"Plebejus saepiolus",1906,6,"","1906-06-25","presence",NA,1,49.5771,-101.6992,"ebutterfly","Maxim Larrivée, Jeremy Kerr, Kent McFarland and Katy Prudic","eButterfly","ebutterfly","eButterfly","","eButterfly"
"Boloria bellona",1906,6,"","1906-06-01","presence",NA,1,49.5771,-101.6992,"ebutterfly","Maxim Larrivée, Jeremy Kerr, Kent McFarland and Katy Prudic","eButterfly","ebutterfly","eButterfly","","eButterfly"
"Phyciodes batesii",1906,6,"","1906-06-23","presence",NA,1,41.409,-75.6624,"ebutterfly","Maxim Larrivée, Jeremy Kerr, Kent McFarland and Katy Prudic","eButterfly","ebutterfly","eButterfly","","eButterfly"
"Chlosyne gorgone",1906,7,"","1906-07-10","presence",NA,1,49.5771,-101.6992,"ebutterfly","Maxim Larrivée, Jeremy Kerr, Kent McFarland and Katy Prudic","eButterfly","ebutterfly","eButterfly","","eButterfly"
"Chlosyne gorgone",1906,7,"","1906-07-12","presence",NA,1,49.5771,-101.6992,"ebutterfly","Maxim Larrivée, Jeremy Kerr, Kent McFarland and Katy Prudic","eButterfly","ebutterfly","eButterfly","","eButterfly"
"Cercyonis pegala",1906,7,"00:00:00","1906-07-02T00:00:00","presence",NA,1,44.9429,-123.0351,"ebutterfly","Maxim Larrivée, Jeremy Kerr, Kent McFarland and Katy Prudic","eButterfly","ebutterfly","eButterfly","","eButterfly"
"Erebia discoidalis",1906,5,"","1906-05-16","presence",NA,1,49.5771,-101.6992,"ebutterfly","Maxim Larrivée, Jeremy Kerr, Kent McFarland and Katy Prudic","eButterfly","ebutterfly","eButterfly","","eButterfly"
