"observed_scientific_name","year_obs","day_obs","time_obs","dwc_event_date","obs_variable","obs_unit","obs_value","lat","lon","original_source","creator","title","publisher","intellectual_rights","license","owner"
"Thorybes pylades",1915,6,"00:00:00","1915-06-13T00:00:00","presence",NA,1,45.3653,-73.2577,"ebutterfly","Maxim Larrivée, Jeremy Kerr, Kent McFarland and Katy Prudic","eButterfly","ebutterfly","eButterfly","","eButterfly"
"Colias philodice",1915,4,"12:00:00","1915-04-28T12:00:00","presence",NA,1,45.5087,-73.554,"ebutterfly","Maxim Larrivée, Jeremy Kerr, Kent McFarland and Katy Prudic","eButterfly","ebutterfly","eButterfly","","eButterfly"
"Lethe anthedon",1915,7,"00:00:00","1915-07-07T00:00:00","presence",NA,1,45.3653,-73.2577,"ebutterfly","Maxim Larrivée, Jeremy Kerr, Kent McFarland and Katy Prudic","eButterfly","ebutterfly","eButterfly","","eButterfly"
"Celastrina lucia",1915,4,"00:00:00","1915-04-25T00:00:00","presence",NA,1,45.3058,-73.2545,"ebutterfly","Maxim Larrivée, Jeremy Kerr, Kent McFarland and Katy Prudic","eButterfly","ebutterfly","eButterfly","","eButterfly"
"Celastrina lucia",1915,4,"00:00:00","1915-04-24T00:00:00","presence",NA,1,45.3058,-73.2545,"ebutterfly","Maxim Larrivée, Jeremy Kerr, Kent McFarland and Katy Prudic","eButterfly","ebutterfly","eButterfly","","eButterfly"
"Celastrina lucia",1915,4,"00:00:00","1915-04-27T00:00:00","presence",NA,1,45.3058,-73.2545,"ebutterfly","Maxim Larrivée, Jeremy Kerr, Kent McFarland and Katy Prudic","eButterfly","ebutterfly","eButterfly","","eButterfly"
"Limenitis archippus",1915,6,"00:00:00","1915-06-10T00:00:00","presence",NA,1,45.3653,-73.2577,"ebutterfly","Maxim Larrivée, Jeremy Kerr, Kent McFarland and Katy Prudic","eButterfly","ebutterfly","eButterfly","","eButterfly"
"Euphyes vestris",1915,7,"00:00:00","1915-07-09T00:00:00","presence",NA,1,45.3653,-73.2577,"ebutterfly","Maxim Larrivée, Jeremy Kerr, Kent McFarland and Katy Prudic","eButterfly","ebutterfly","eButterfly","","eButterfly"
"Celastrina neglecta",1915,7,"00:00:00","1915-07-03T00:00:00","presence",NA,1,45.3653,-73.2577,"ebutterfly","Maxim Larrivée, Jeremy Kerr, Kent McFarland and Katy Prudic","eButterfly","ebutterfly","eButterfly","","eButterfly"
"Glutophrissa drusilla",1915,11,"","1915-11-15","presence",NA,1,25.7617,-80.1918,"ebutterfly","Maxim Larrivée, Jeremy Kerr, Kent McFarland and Katy Prudic","eButterfly","ebutterfly","eButterfly","","eButterfly"
"Speyeria aphrodite",1915,7,"00:00:00","1915-07-02T00:00:00","presence",NA,1,45.8654,-73.2413,"ebutterfly","Maxim Larrivée, Jeremy Kerr, Kent McFarland and Katy Prudic","eButterfly","ebutterfly","eButterfly","","eButterfly"
"Celastrina neglecta",1915,7,"00:00:00","1915-07-07T00:00:00","presence",NA,1,45.3653,-73.2577,"ebutterfly","Maxim Larrivée, Jeremy Kerr, Kent McFarland and Katy Prudic","eButterfly","ebutterfly","eButterfly","","eButterfly"
"Pieris virginiensis",1915,5,"","1915-05-24","presence",NA,1,45.564,-73.179,"ebutterfly","Maxim Larrivée, Jeremy Kerr, Kent McFarland and Katy Prudic","eButterfly","ebutterfly","eButterfly","","eButterfly"
"Erynnis lucilius",1915,5,"","1915-05-24","presence",NA,1,45.564,-73.179,"ebutterfly","Maxim Larrivée, Jeremy Kerr, Kent McFarland and Katy Prudic","eButterfly","ebutterfly","eButterfly","","eButterfly"
"Papilio canadensis",1915,6,"00:00:00","1915-06-04T00:00:00","presence",NA,1,45.3058,-73.2545,"ebutterfly","Maxim Larrivée, Jeremy Kerr, Kent McFarland and Katy Prudic","eButterfly","ebutterfly","eButterfly","","eButterfly"
"Phyciodes cocyta",1915,6,"00:00:00","1915-06-10T00:00:00","presence",NA,1,45.3653,-73.2577,"ebutterfly","Maxim Larrivée, Jeremy Kerr, Kent McFarland and Katy Prudic","eButterfly","ebutterfly","eButterfly","","eButterfly"
"Polites mystic",1915,6,"00:00:00","1915-06-13T00:00:00","presence",NA,1,45.3653,-73.2577,"ebutterfly","Maxim Larrivée, Jeremy Kerr, Kent McFarland and Katy Prudic","eButterfly","ebutterfly","eButterfly","","eButterfly"
"Poanes hobomok",1915,6,"00:00:00","1915-06-10T00:00:00","presence",NA,1,45.3058,-73.2545,"ebutterfly","Maxim Larrivée, Jeremy Kerr, Kent McFarland and Katy Prudic","eButterfly","ebutterfly","eButterfly","","eButterfly"
"Celastrina neglecta",1915,7,"00:00:00","1915-07-06T00:00:00","presence",NA,1,45.3058,-73.2545,"ebutterfly","Maxim Larrivée, Jeremy Kerr, Kent McFarland and Katy Prudic","eButterfly","ebutterfly","eButterfly","","eButterfly"
"Nymphalis antiopa",1915,9,"00:00:00","1915-09-09T00:00:00","presence",NA,1,45.3653,-73.2577,"ebutterfly","Maxim Larrivée, Jeremy Kerr, Kent McFarland and Katy Prudic","eButterfly","ebutterfly","eButterfly","","eButterfly"
"Carterocephalus palaemon",1915,6,"00:00:00","1915-06-10T00:00:00","presence",NA,1,45.3653,-73.2577,"ebutterfly","Maxim Larrivée, Jeremy Kerr, Kent McFarland and Katy Prudic","eButterfly","ebutterfly","eButterfly","","eButterfly"
"Limenitis arthemis",1915,7,"","1915-07-04","presence",NA,1,45.5017,-73.5673,"ebutterfly","Maxim Larrivée, Jeremy Kerr, Kent McFarland and Katy Prudic","eButterfly","ebutterfly","eButterfly","","eButterfly"
"Callophrys henrici",1915,4,"00:00:00","1915-04-28T00:00:00","presence",NA,1,45.3653,-73.2577,"ebutterfly","Maxim Larrivée, Jeremy Kerr, Kent McFarland and Katy Prudic","eButterfly","ebutterfly","eButterfly","","eButterfly"
"Celastrina lucia",1915,5,"00:00:00","1915-05-26T00:00:00","presence",NA,1,45.3058,-73.2545,"ebutterfly","Maxim Larrivée, Jeremy Kerr, Kent McFarland and Katy Prudic","eButterfly","ebutterfly","eButterfly","","eButterfly"
"Celastrina lucia",1915,5,"00:00:00","1915-05-25T00:00:00","presence",NA,1,45.3058,-73.2545,"ebutterfly","Maxim Larrivée, Jeremy Kerr, Kent McFarland and Katy Prudic","eButterfly","ebutterfly","eButterfly","","eButterfly"
"Polygonia comma",1915,9,"00:00:00","1915-09-10T00:00:00","presence",NA,1,45.3653,-73.2577,"ebutterfly","Maxim Larrivée, Jeremy Kerr, Kent McFarland and Katy Prudic","eButterfly","ebutterfly","eButterfly","","eButterfly"
"Polygonia comma",1915,7,"00:00:00","1915-07-07T00:00:00","presence",NA,1,45.3653,-73.2577,"ebutterfly","Maxim Larrivée, Jeremy Kerr, Kent McFarland and Katy Prudic","eButterfly","ebutterfly","eButterfly","","eButterfly"
"Polygonia comma",1915,7,"00:00:00","1915-07-07T00:00:00","occurrence",NA,1,45.365293,-73.257694,"gbif","GBIF","eButterfly Surveys","Vermont Center for Ecostudies","Vermont Center for Ecostudies","cc by nc 4.0","Vermont Center for Ecostudies"
"Carterocephalus palaemon",1915,6,"00:00:00","1915-06-10T00:00:00","occurrence",NA,1,45.365293,-73.257694,"gbif","GBIF","eButterfly Surveys","Vermont Center for Ecostudies","Vermont Center for Ecostudies","cc by nc 4.0","Vermont Center for Ecostudies"
"Poanes hobomok",1915,6,"00:00:00","1915-06-10T00:00:00","occurrence",NA,1,45.305771,-73.25449,"gbif","GBIF","eButterfly Surveys","Vermont Center for Ecostudies","Vermont Center for Ecostudies","cc by nc 4.0","Vermont Center for Ecostudies"
"Nymphalis antiopa",1915,9,"00:00:00","1915-09-09T00:00:00","occurrence",NA,1,45.365293,-73.257694,"gbif","GBIF","eButterfly Surveys","Vermont Center for Ecostudies","Vermont Center for Ecostudies","cc by nc 4.0","Vermont Center for Ecostudies"
"Limenitis archippus",1915,6,"00:00:00","1915-06-10T00:00:00","occurrence",NA,1,45.365293,-73.257694,"gbif","GBIF","eButterfly Surveys","Vermont Center for Ecostudies","Vermont Center for Ecostudies","cc by nc 4.0","Vermont Center for Ecostudies"
"Pieris virginiensis",1915,5,"00:00:00","1915-05-24T00:00:00","abundance",NA,2,45.564042,-73.179013,"gbif","GBIF","eButterfly Surveys","Vermont Center for Ecostudies","Vermont Center for Ecostudies","cc by nc 4.0","Vermont Center for Ecostudies"
"Celastrina lucia",1915,5,"00:00:00","1915-05-26T00:00:00","occurrence",NA,1,45.305771,-73.25449,"gbif","GBIF","eButterfly Surveys","Vermont Center for Ecostudies","Vermont Center for Ecostudies","cc by nc 4.0","Vermont Center for Ecostudies"
"Celastrina lucia",1915,4,"00:00:00","1915-04-24T00:00:00","occurrence",NA,1,45.305771,-73.25449,"gbif","GBIF","eButterfly Surveys","Vermont Center for Ecostudies","Vermont Center for Ecostudies","cc by nc 4.0","Vermont Center for Ecostudies"
"Phyciodes cocyta",1915,6,"00:00:00","1915-06-10T00:00:00","occurrence",NA,1,45.365293,-73.257694,"gbif","GBIF","eButterfly Surveys","Vermont Center for Ecostudies","Vermont Center for Ecostudies","cc by nc 4.0","Vermont Center for Ecostudies"
"Colias philodice",1915,4,"12:00:00","1915-04-28T12:00:00","occurrence",NA,1,45.50867,-73.553992,"gbif","GBIF","eButterfly Surveys","Vermont Center for Ecostudies","Vermont Center for Ecostudies","cc by nc 4.0","Vermont Center for Ecostudies"
"Euphyes vestris",1915,7,"00:00:00","1915-07-09T00:00:00","occurrence",NA,1,45.365293,-73.257694,"gbif","GBIF","eButterfly Surveys","Vermont Center for Ecostudies","Vermont Center for Ecostudies","cc by nc 4.0","Vermont Center for Ecostudies"
"Papilio canadensis",1915,6,"00:00:00","1915-06-04T00:00:00","occurrence",NA,1,45.305771,-73.25449,"gbif","GBIF","eButterfly Surveys","Vermont Center for Ecostudies","Vermont Center for Ecostudies","cc by nc 4.0","Vermont Center for Ecostudies"
"Celastrina lucia",1915,4,"00:00:00","1915-04-27T00:00:00","occurrence",NA,1,45.305771,-73.25449,"gbif","GBIF","eButterfly Surveys","Vermont Center for Ecostudies","Vermont Center for Ecostudies","cc by nc 4.0","Vermont Center for Ecostudies"
"Lepidoptera",1915,9,"00:00:00","1915-09-10T00:00:00","occurrence",NA,1,45.365293,-73.257694,"gbif","GBIF","eButterfly Surveys","Vermont Center for Ecostudies","Vermont Center for Ecostudies","cc by nc 4.0","Vermont Center for Ecostudies"
"Thorybes pylades",1915,6,"00:00:00","1915-06-13T00:00:00","occurrence",NA,1,45.365293,-73.257694,"gbif","GBIF","eButterfly Surveys","Vermont Center for Ecostudies","Vermont Center for Ecostudies","cc by nc 4.0","Vermont Center for Ecostudies"
"Celastrina lucia",1915,4,"00:00:00","1915-04-25T00:00:00","occurrence",NA,1,45.305771,-73.25449,"gbif","GBIF","eButterfly Surveys","Vermont Center for Ecostudies","Vermont Center for Ecostudies","cc by nc 4.0","Vermont Center for Ecostudies"
"Limenitis arthemis",1915,7,"00:00:00","1915-07-04T00:00:00","occurrence",NA,1,45.501689,-73.567256,"gbif","GBIF","eButterfly Surveys","Vermont Center for Ecostudies","Vermont Center for Ecostudies","cc by nc 4.0","Vermont Center for Ecostudies"
"Polites mystic",1915,6,"00:00:00","1915-06-13T00:00:00","occurrence",NA,1,45.365293,-73.257694,"gbif","GBIF","eButterfly Surveys","Vermont Center for Ecostudies","Vermont Center for Ecostudies","cc by nc 4.0","Vermont Center for Ecostudies"
"Callophrys henrici",1915,4,"00:00:00","1915-04-28T00:00:00","occurrence",NA,1,45.365293,-73.257694,"gbif","GBIF","eButterfly Surveys","Vermont Center for Ecostudies","Vermont Center for Ecostudies","cc by nc 4.0","Vermont Center for Ecostudies"
"Celastrina neglecta",1915,7,"00:00:00","1915-07-07T00:00:00","abundance",NA,2,45.365293,-73.257694,"gbif","GBIF","eButterfly Surveys","Vermont Center for Ecostudies","Vermont Center for Ecostudies","cc by nc 4.0","Vermont Center for Ecostudies"
"Celastrina neglecta",1915,7,"00:00:00","1915-07-06T00:00:00","occurrence",NA,1,45.305771,-73.25449,"gbif","GBIF","eButterfly Surveys","Vermont Center for Ecostudies","Vermont Center for Ecostudies","cc by nc 4.0","Vermont Center for Ecostudies"
"Polygonia comma",1915,9,"00:00:00","1915-09-10T00:00:00","occurrence",NA,1,45.365293,-73.257694,"gbif","GBIF","eButterfly Surveys","Vermont Center for Ecostudies","Vermont Center for Ecostudies","cc by nc 4.0","Vermont Center for Ecostudies"
"Lycaena phlaeas americana",1915,5,"00:00:00","1915-05-22T00:00:00","occurrence",NA,1,45.4333,-75.7333,"gbif","GBIF","Royal Ontario Museum: Entomology","Canadian Biodiversity Information Facility","Canadian Biodiversity Information Facility","cc0 1.0","Canadian Biodiversity Information Facility"
"Erynnis lucilius",1915,5,"00:00:00","1915-05-24T00:00:00","occurrence",NA,1,45.55,-73.1667,"gbif","GBIF","Royal Ontario Museum: Entomology","Canadian Biodiversity Information Facility","Canadian Biodiversity Information Facility","cc0 1.0","Canadian Biodiversity Information Facility"
"Phyciodes cocyta",1915,7,"00:00:00","1915-07-10T00:00:00","occurrence",NA,1,45.4333,-75.7333,"gbif","GBIF","Royal Ontario Museum: Entomology","Canadian Biodiversity Information Facility","Canadian Biodiversity Information Facility","cc0 1.0","Canadian Biodiversity Information Facility"
"Hydraecia stramentosa",1915,8,"00:00:00","1915-08-19T00:00:00","occurrence",NA,1,45.5,-73.58333,"gbif","GBIF","Entomology Division, Yale Peabody Museum","Yale University Peabody Museum","Yale University Peabody Museum","cc0 1.0","Yale University Peabody Museum"
"Caripeta divisata",1915,7,"00:00:00","1915-07-18T00:00:00","occurrence",NA,1,48.477,-64.301,"gbif","GBIF","University of Alberta E. H. Strickland Entomological Museum (UASM)","University of Alberta Museums","University of Alberta Museums","cc0 1.0","University of Alberta Museums"
"Limenitis arthemis",1915,7,"00:00:00","1915-07-04T00:00:00","occurrence",NA,1,45.5,-73.5833,"gbif","GBIF","Lyman Entomological Museum","Canadian Biodiversity Information Facility","Canadian Biodiversity Information Facility","cc0 1.0","Canadian Biodiversity Information Facility"
"Polygonia comma",1915,7,"00:00:00","1915-07-14T00:00:00","occurrence",NA,1,45.5,-73.5833,"gbif","GBIF","Lyman Entomological Museum","Canadian Biodiversity Information Facility","Canadian Biodiversity Information Facility","cc0 1.0","Canadian Biodiversity Information Facility"
"Polygonia comma",1915,7,"00:00:00","1915-07-02T00:00:00","occurrence",NA,1,45.5,-73.5833,"gbif","GBIF","Lyman Entomological Museum","Canadian Biodiversity Information Facility","Canadian Biodiversity Information Facility","cc0 1.0","Canadian Biodiversity Information Facility"
"Polygonia comma",1915,7,"00:00:00","1915-07-12T00:00:00","occurrence",NA,1,45.5,-73.5833,"gbif","GBIF","Lyman Entomological Museum","Canadian Biodiversity Information Facility","Canadian Biodiversity Information Facility","cc0 1.0","Canadian Biodiversity Information Facility"
"Cossidae",1915,9,"00:00:00","1915-09-29T00:00:00","occurrence",NA,1,45.45,-73.5667,"gbif","GBIF","NMNH Extant Specimen Records (USNM, US)","National Museum of Natural History, Smithsonian Institution","National Museum of Natural History, Smithsonian Institution","cc0 1.0","National Museum of Natural History, Smithsonian Institution"
"Schoenobius",1915,7,"00:00:00","1915-07-11T00:00:00","occurrence",NA,1,45.3084,-73.2529,"gbif","GBIF","NMNH Extant Specimen Records (USNM, US)","National Museum of Natural History, Smithsonian Institution","National Museum of Natural History, Smithsonian Institution","cc0 1.0","National Museum of Natural History, Smithsonian Institution"
"Celastrina neglecta",1915,7,"00:00:00","1915-07-03T00:00:00","occurrence",NA,1,45.365293,-73.257694,"gbif","GBIF","eButterfly Surveys","Vermont Center for Ecostudies","Vermont Center for Ecostudies","cc by nc 4.0","Vermont Center for Ecostudies"
"Erynnis lucilius",1915,5,"00:00:00","1915-05-24T00:00:00","abundance",NA,2,45.564042,-73.179013,"gbif","GBIF","eButterfly Surveys","Vermont Center for Ecostudies","Vermont Center for Ecostudies","cc by nc 4.0","Vermont Center for Ecostudies"
"Celastrina lucia",1915,5,"00:00:00","1915-05-25T00:00:00","occurrence",NA,1,45.305771,-73.25449,"gbif","GBIF","eButterfly Surveys","Vermont Center for Ecostudies","Vermont Center for Ecostudies","cc by nc 4.0","Vermont Center for Ecostudies"
"Lethe anthedon",1915,7,"00:00:00","1915-07-07T00:00:00","occurrence",NA,1,45.365293,-73.257694,"gbif","GBIF","eButterfly Surveys","Vermont Center for Ecostudies","Vermont Center for Ecostudies","cc by nc 4.0","Vermont Center for Ecostudies"
"Boloria freija",1915,7,"00:00:00","1915-07-07T00:00:00","occurrence",NA,1,51.3167,-58.05,"gbif","GBIF","Canadian National Collection (CNC) of Insects, Arachnids and Nematodes","Canadian Biodiversity Information Facility","Canadian Biodiversity Information Facility","cc by 4.0","Canadian Biodiversity Information Facility"
"Agriades glandon",1915,7,"00:00:00","1915-07-02T00:00:00","occurrence",NA,1,51.3167,-58.05,"gbif","GBIF","Canadian National Collection (CNC) of Insects, Arachnids and Nematodes","Canadian Biodiversity Information Facility","Canadian Biodiversity Information Facility","cc by 4.0","Canadian Biodiversity Information Facility"
"Polites peckius",1915,7,"00:00:00","1915-07-19T00:00:00","occurrence",NA,1,48.5,-64.1667,"gbif","GBIF","Canadian National Collection (CNC) of Insects, Arachnids and Nematodes","Canadian Biodiversity Information Facility","Canadian Biodiversity Information Facility","cc by 4.0","Canadian Biodiversity Information Facility"
"Polites peckius",1915,7,"00:00:00","1915-07-19T00:00:00","occurrence",NA,1,48.5,-64.1667,"gbif","GBIF","Canadian National Collection (CNC) of Insects, Arachnids and Nematodes","Canadian Biodiversity Information Facility","Canadian Biodiversity Information Facility","cc by 4.0","Canadian Biodiversity Information Facility"
"Oeneis polixenes polixenes",1915,7,"00:00:00","1915-07-02T00:00:00","occurrence",NA,1,51.5,-57.5833,"gbif","GBIF","Canadian National Collection (CNC) of Insects, Arachnids and Nematodes","Canadian Biodiversity Information Facility","Canadian Biodiversity Information Facility","cc by 4.0","Canadian Biodiversity Information Facility"
"Oeneis polixenes polixenes",1915,7,"00:00:00","1915-07-07T00:00:00","occurrence",NA,1,51.3167,-58.05,"gbif","GBIF","Canadian National Collection (CNC) of Insects, Arachnids and Nematodes","Canadian Biodiversity Information Facility","Canadian Biodiversity Information Facility","cc by 4.0","Canadian Biodiversity Information Facility"
"Oeneis polixenes polixenes",1915,7,"00:00:00","1915-07-07T00:00:00","occurrence",NA,1,51.3167,-58.05,"gbif","GBIF","Canadian National Collection (CNC) of Insects, Arachnids and Nematodes","Canadian Biodiversity Information Facility","Canadian Biodiversity Information Facility","cc by 4.0","Canadian Biodiversity Information Facility"
"Oeneis polixenes polixenes",1915,7,"00:00:00","1915-07-07T00:00:00","occurrence",NA,1,51.3167,-58.05,"gbif","GBIF","Canadian National Collection (CNC) of Insects, Arachnids and Nematodes","Canadian Biodiversity Information Facility","Canadian Biodiversity Information Facility","cc by 4.0","Canadian Biodiversity Information Facility"
"Speyeria atlantis",1915,7,"00:00:00","1915-07-19T00:00:00","occurrence",NA,1,48.5,-64.1667,"gbif","GBIF","Canadian National Collection (CNC) of Insects, Arachnids and Nematodes","Canadian Biodiversity Information Facility","Canadian Biodiversity Information Facility","cc by 4.0","Canadian Biodiversity Information Facility"
"Plebejus acmon",1915,6,"00:00:00","1915-06-22T00:00:00","presence",NA,1,40.4527,-112.3608,"ebutterfly","Maxim Larrivée, Jeremy Kerr, Kent McFarland and Katy Prudic","eButterfly","ebutterfly","eButterfly","","eButterfly"
"Heliconius charithonia",1915,11,"","1915-11-01","presence",NA,1,27.7676,-82.6403,"ebutterfly","Maxim Larrivée, Jeremy Kerr, Kent McFarland and Katy Prudic","eButterfly","ebutterfly","eButterfly","","eButterfly"
"Speyeria cybele",1915,8,"","1915-08-07","presence",NA,1,45.0769,-64.4945,"ebutterfly","Maxim Larrivée, Jeremy Kerr, Kent McFarland and Katy Prudic","eButterfly","ebutterfly","eButterfly","","eButterfly"
"Phoebis sennae",1915,11,"00:00:00","1915-11-03T00:00:00","presence",NA,1,25.7617,-80.1918,"ebutterfly","Maxim Larrivée, Jeremy Kerr, Kent McFarland and Katy Prudic","eButterfly","ebutterfly","eButterfly","","eButterfly"
"Cercyonis pegala",1915,8,"","1915-08-22","presence",NA,1,45.0769,-64.4945,"ebutterfly","Maxim Larrivée, Jeremy Kerr, Kent McFarland and Katy Prudic","eButterfly","ebutterfly","eButterfly","","eButterfly"
"Speyeria aphrodite",1915,8,"","1915-08-07","presence",NA,1,45.0769,-64.4945,"ebutterfly","Maxim Larrivée, Jeremy Kerr, Kent McFarland and Katy Prudic","eButterfly","ebutterfly","eButterfly","","eButterfly"
"Speyeria atlantis",1915,8,"","1915-08-07","presence",NA,1,45.0769,-64.4945,"ebutterfly","Maxim Larrivée, Jeremy Kerr, Kent McFarland and Katy Prudic","eButterfly","ebutterfly","eButterfly","","eButterfly"
"Papilio canadensis",1915,6,"","1915-06-18","presence",NA,1,45.0769,-64.4945,"ebutterfly","Maxim Larrivée, Jeremy Kerr, Kent McFarland and Katy Prudic","eButterfly","ebutterfly","eButterfly","","eButterfly"
"Glaucopsyche lygdamus",1915,5,"00:00:00","1915-05-16T00:00:00","presence",NA,1,51.0486,-114.0708,"ebutterfly","Maxim Larrivée, Jeremy Kerr, Kent McFarland and Katy Prudic","eButterfly","ebutterfly","eButterfly","","eButterfly"
