"observed_scientific_name","year_obs","day_obs","time_obs","dwc_event_date","obs_variable","obs_unit","obs_value","lat","lon","original_source","creator","title","publisher","intellectual_rights","license","owner"
"Pieris rapae",1917,9,"00:00:00","1917-09-04T00:00:00","presence",NA,1,45.3653,-73.2577,"ebutterfly","Maxim Larrivée, Jeremy Kerr, Kent McFarland and Katy Prudic","eButterfly","ebutterfly","eButterfly","","eButterfly"
"Pieris rapae",1917,8,"00:00:00","1917-08-27T00:00:00","presence",NA,1,45.3653,-73.2577,"ebutterfly","Maxim Larrivée, Jeremy Kerr, Kent McFarland and Katy Prudic","eButterfly","ebutterfly","eButterfly","","eButterfly"
"Limenitis arthemis",1917,7,"00:00:00","1917-07-13T00:00:00","presence",NA,1,45.3653,-73.2577,"ebutterfly","Maxim Larrivée, Jeremy Kerr, Kent McFarland and Katy Prudic","eButterfly","ebutterfly","eButterfly","","eButterfly"
"Colias philodice",1917,9,"00:00:00","1917-09-04T00:00:00","presence",NA,1,45.3653,-73.2577,"ebutterfly","Maxim Larrivée, Jeremy Kerr, Kent McFarland and Katy Prudic","eButterfly","ebutterfly","eButterfly","","eButterfly"
"Megisto cymela",1917,7,"00:00:00","1917-07-02T00:00:00","presence",NA,1,45.3653,-73.2577,"ebutterfly","Maxim Larrivée, Jeremy Kerr, Kent McFarland and Katy Prudic","eButterfly","ebutterfly","eButterfly","","eButterfly"
"Megisto cymela",1917,7,"","1917-07-09","presence",NA,1,45.9931,-73.2985,"ebutterfly","Maxim Larrivée, Jeremy Kerr, Kent McFarland and Katy Prudic","eButterfly","ebutterfly","eButterfly","","eButterfly"
"Limenitis archippus",1917,6,"00:00:00","1917-06-30T00:00:00","presence",NA,1,45.3653,-73.2577,"ebutterfly","Maxim Larrivée, Jeremy Kerr, Kent McFarland and Katy Prudic","eButterfly","ebutterfly","eButterfly","","eButterfly"
"Lycaena arota",1917,7,"00:00:00","1917-07-09T00:00:00","presence",NA,1,35.7686,-106.6923,"ebutterfly","Maxim Larrivée, Jeremy Kerr, Kent McFarland and Katy Prudic","eButterfly","ebutterfly","eButterfly","","eButterfly"
"Lycaena arota",1917,8,"00:00:00","1917-08-03T00:00:00","presence",NA,1,35.7686,-106.6923,"ebutterfly","Maxim Larrivée, Jeremy Kerr, Kent McFarland and Katy Prudic","eButterfly","ebutterfly","eButterfly","","eButterfly"
"Battus polydamas",1917,9,"","1917-09-18","presence",NA,1,27.4989,-82.5748,"ebutterfly","Maxim Larrivée, Jeremy Kerr, Kent McFarland and Katy Prudic","eButterfly","ebutterfly","eButterfly","","eButterfly"
"Speyeria aphrodite",1917,8,"","1917-08-01","presence",NA,1,46.0446,-74.0348,"ebutterfly","Maxim Larrivée, Jeremy Kerr, Kent McFarland and Katy Prudic","eButterfly","ebutterfly","eButterfly","","eButterfly"
"Boloria bellona",1917,9,"00:00:00","1917-09-04T00:00:00","presence",NA,1,45.3653,-73.2577,"ebutterfly","Maxim Larrivée, Jeremy Kerr, Kent McFarland and Katy Prudic","eButterfly","ebutterfly","eButterfly","","eButterfly"
"Cupido comyntas",1917,4,"","1917-04-08","presence",NA,1,45.1941,-72.5715,"ebutterfly","Maxim Larrivée, Jeremy Kerr, Kent McFarland and Katy Prudic","eButterfly","ebutterfly","eButterfly","","eButterfly"
"Lethe eurydice",1917,7,"","1917-07-15","presence",NA,1,45.2418,-72.546,"ebutterfly","Maxim Larrivée, Jeremy Kerr, Kent McFarland and Katy Prudic","eButterfly","ebutterfly","eButterfly","","eButterfly"
"Nymphalis antiopa",1917,7,"","1917-07-27","presence",NA,1,45.9931,-73.2985,"ebutterfly","Maxim Larrivée, Jeremy Kerr, Kent McFarland and Katy Prudic","eButterfly","ebutterfly","eButterfly","","eButterfly"
"Celastrina neglecta",1917,7,"00:00:00","1917-07-15T00:00:00","presence",NA,1,45.3653,-73.2577,"ebutterfly","Maxim Larrivée, Jeremy Kerr, Kent McFarland and Katy Prudic","eButterfly","ebutterfly","eButterfly","","eButterfly"
"Chlosyne fulvia",1917,6,"00:00:00","1917-06-25T00:00:00","presence",NA,1,35.7686,-106.6923,"ebutterfly","Maxim Larrivée, Jeremy Kerr, Kent McFarland and Katy Prudic","eButterfly","ebutterfly","eButterfly","","eButterfly"
"Cyllopsis pertepida",1917,7,"00:00:00","1917-07-09T00:00:00","presence",NA,1,35.7686,-106.6923,"ebutterfly","Maxim Larrivée, Jeremy Kerr, Kent McFarland and Katy Prudic","eButterfly","ebutterfly","eButterfly","","eButterfly"
"Papilio canadensis",1917,1,"","1917-01-01","presence",NA,1,45.5017,-73.5673,"ebutterfly","Maxim Larrivée, Jeremy Kerr, Kent McFarland and Katy Prudic","eButterfly","ebutterfly","eButterfly","","eButterfly"
"Polygonia faunus",1917,1,"","1917-01-01","presence",NA,1,45.5017,-73.5673,"ebutterfly","Maxim Larrivée, Jeremy Kerr, Kent McFarland and Katy Prudic","eButterfly","ebutterfly","eButterfly","","eButterfly"
"Polygonia comma",1917,1,"","1917-01-01","presence",NA,1,45.5017,-73.5673,"ebutterfly","Maxim Larrivée, Jeremy Kerr, Kent McFarland and Katy Prudic","eButterfly","ebutterfly","eButterfly","","eButterfly"
"Pieris rapae",1917,6,"","1917-06-01","presence",NA,1,45.9931,-73.2985,"ebutterfly","Maxim Larrivée, Jeremy Kerr, Kent McFarland and Katy Prudic","eButterfly","ebutterfly","eButterfly","","eButterfly"
"Papilio canadensis",1917,8,"","1917-08-04","presence",NA,1,47.657,-70.1522,"ebutterfly","Maxim Larrivée, Jeremy Kerr, Kent McFarland and Katy Prudic","eButterfly","ebutterfly","eButterfly","","eButterfly"
"Glaucopsyche lygdamus",1917,6,"","1917-06-06","presence",NA,1,47.657,-70.1522,"ebutterfly","Maxim Larrivée, Jeremy Kerr, Kent McFarland and Katy Prudic","eButterfly","ebutterfly","eButterfly","","eButterfly"
"Papilio canadensis",1917,7,"","1917-07-15","presence",NA,1,47.657,-70.1522,"ebutterfly","Maxim Larrivée, Jeremy Kerr, Kent McFarland and Katy Prudic","eButterfly","ebutterfly","eButterfly","","eButterfly"
"Poanes hobomok",1917,6,"","1917-06-24","presence",NA,1,45.5017,-73.5673,"ebutterfly","Maxim Larrivée, Jeremy Kerr, Kent McFarland and Katy Prudic","eButterfly","ebutterfly","eButterfly","","eButterfly"
"Colias interior",1917,7,"","1917-07-08","presence",NA,1,47.657,-70.1522,"ebutterfly","Maxim Larrivée, Jeremy Kerr, Kent McFarland and Katy Prudic","eButterfly","ebutterfly","eButterfly","","eButterfly"
"Lycaena phlaeas",1917,7,"","1917-07-18","presence",NA,1,45.1941,-72.5715,"ebutterfly","Maxim Larrivée, Jeremy Kerr, Kent McFarland and Katy Prudic","eButterfly","ebutterfly","eButterfly","","eButterfly"
"Poanes hobomok",1917,6,"00:00:00","1917-06-18T00:00:00","presence",NA,1,45.3058,-73.2545,"ebutterfly","Maxim Larrivée, Jeremy Kerr, Kent McFarland and Katy Prudic","eButterfly","ebutterfly","eButterfly","","eButterfly"
"Limenitis arthemis",1917,7,"00:00:00","1917-07-13T00:00:00","occurrence",NA,1,45.365293,-73.257694,"gbif","GBIF","eButterfly Surveys","Vermont Center for Ecostudies","Vermont Center for Ecostudies","cc by nc 4.0","Vermont Center for Ecostudies"
"Papilio canadensis",1917,8,"00:00:00","1917-08-04T00:00:00","occurrence",NA,1,47.656968,-70.152187,"gbif","GBIF","eButterfly Surveys","Vermont Center for Ecostudies","Vermont Center for Ecostudies","cc by nc 4.0","Vermont Center for Ecostudies"
"Glaucopsyche lygdamus",1917,6,"00:00:00","1917-06-06T00:00:00","abundance",NA,3,47.656968,-70.152187,"gbif","GBIF","eButterfly Surveys","Vermont Center for Ecostudies","Vermont Center for Ecostudies","cc by nc 4.0","Vermont Center for Ecostudies"
"Lethe eurydice",1917,7,"00:00:00","1917-07-15T00:00:00","abundance",NA,3,45.241774,-72.545964,"gbif","GBIF","eButterfly Surveys","Vermont Center for Ecostudies","Vermont Center for Ecostudies","cc by nc 4.0","Vermont Center for Ecostudies"
"Pieris rapae",1917,9,"00:00:00","1917-09-04T00:00:00","occurrence",NA,1,45.365293,-73.257694,"gbif","GBIF","eButterfly Surveys","Vermont Center for Ecostudies","Vermont Center for Ecostudies","cc by nc 4.0","Vermont Center for Ecostudies"
"Pieris rapae",1917,8,"00:00:00","1917-08-27T00:00:00","occurrence",NA,1,45.365293,-73.257694,"gbif","GBIF","eButterfly Surveys","Vermont Center for Ecostudies","Vermont Center for Ecostudies","cc by nc 4.0","Vermont Center for Ecostudies"
"Cupido comyntas",1917,4,"00:00:00","1917-04-08T00:00:00","occurrence",NA,1,45.194051,-72.571504,"gbif","GBIF","eButterfly Surveys","Vermont Center for Ecostudies","Vermont Center for Ecostudies","cc by nc 4.0","Vermont Center for Ecostudies"
"Celastrina neglecta",1917,7,"00:00:00","1917-07-15T00:00:00","occurrence",NA,1,45.365293,-73.257694,"gbif","GBIF","eButterfly Surveys","Vermont Center for Ecostudies","Vermont Center for Ecostudies","cc by nc 4.0","Vermont Center for Ecostudies"
"Boloria bellona",1917,9,"00:00:00","1917-09-04T00:00:00","occurrence",NA,1,45.365293,-73.257694,"gbif","GBIF","eButterfly Surveys","Vermont Center for Ecostudies","Vermont Center for Ecostudies","cc by nc 4.0","Vermont Center for Ecostudies"
"Nymphalis l-album",1917,7,"00:00:00","1917-07-21T00:00:00","occurrence",NA,1,45.993107,-73.29848,"gbif","GBIF","eButterfly Surveys","Vermont Center for Ecostudies","Vermont Center for Ecostudies","cc by nc 4.0","Vermont Center for Ecostudies"
"Papilio canadensis",1917,1,"00:00:00","1917-01-01T00:00:00","occurrence",NA,1,45.501689,-73.567256,"gbif","GBIF","eButterfly Surveys","Vermont Center for Ecostudies","Vermont Center for Ecostudies","cc by nc 4.0","Vermont Center for Ecostudies"
"Lepidoptera",1917,10,"00:00:00","1917-10-01T00:00:00","occurrence",NA,1,46.747041,-71.459344,"gbif","GBIF","eButterfly Surveys","Vermont Center for Ecostudies","Vermont Center for Ecostudies","cc by nc 4.0","Vermont Center for Ecostudies"
"Polygonia faunus",1917,1,"00:00:00","1917-01-01T00:00:00","abundance",NA,3,45.501689,-73.567256,"gbif","GBIF","eButterfly Surveys","Vermont Center for Ecostudies","Vermont Center for Ecostudies","cc by nc 4.0","Vermont Center for Ecostudies"
"Nymphalis antiopa",1917,7,"00:00:00","1917-07-27T00:00:00","abundance",NA,2,45.993107,-73.29848,"gbif","GBIF","eButterfly Surveys","Vermont Center for Ecostudies","Vermont Center for Ecostudies","cc by nc 4.0","Vermont Center for Ecostudies"
"Megisto cymela",1917,7,"00:00:00","1917-07-02T00:00:00","occurrence",NA,1,45.365293,-73.257694,"gbif","GBIF","eButterfly Surveys","Vermont Center for Ecostudies","Vermont Center for Ecostudies","cc by nc 4.0","Vermont Center for Ecostudies"
"Limenitis archippus",1917,6,"00:00:00","1917-06-30T00:00:00","occurrence",NA,1,45.365293,-73.257694,"gbif","GBIF","eButterfly Surveys","Vermont Center for Ecostudies","Vermont Center for Ecostudies","cc by nc 4.0","Vermont Center for Ecostudies"
"Nymphalis l-album",1917,1,"00:00:00","1917-01-01T00:00:00","abundance",NA,2,45.501689,-73.567256,"gbif","GBIF","eButterfly Surveys","Vermont Center for Ecostudies","Vermont Center for Ecostudies","cc by nc 4.0","Vermont Center for Ecostudies"
"Colias philodice",1917,9,"00:00:00","1917-09-04T00:00:00","abundance",NA,2,45.365293,-73.257694,"gbif","GBIF","eButterfly Surveys","Vermont Center for Ecostudies","Vermont Center for Ecostudies","cc by nc 4.0","Vermont Center for Ecostudies"
"Pieris rapae",1917,6,"00:00:00","1917-06-01T00:00:00","occurrence",NA,1,45.993107,-73.29848,"gbif","GBIF","eButterfly Surveys","Vermont Center for Ecostudies","Vermont Center for Ecostudies","cc by nc 4.0","Vermont Center for Ecostudies"
"Megisto cymela",1917,7,"00:00:00","1917-07-09T00:00:00","occurrence",NA,1,45.993107,-73.29848,"gbif","GBIF","eButterfly Surveys","Vermont Center for Ecostudies","Vermont Center for Ecostudies","cc by nc 4.0","Vermont Center for Ecostudies"
"Lycaena phlaeas",1917,7,"00:00:00","1917-07-18T00:00:00","occurrence",NA,1,45.194051,-72.571504,"gbif","GBIF","eButterfly Surveys","Vermont Center for Ecostudies","Vermont Center for Ecostudies","cc by nc 4.0","Vermont Center for Ecostudies"
"Colias interior",1917,7,"00:00:00","1917-07-08T00:00:00","occurrence",NA,1,47.656968,-70.152187,"gbif","GBIF","eButterfly Surveys","Vermont Center for Ecostudies","Vermont Center for Ecostudies","cc by nc 4.0","Vermont Center for Ecostudies"
"Speyeria aphrodite",1917,8,"00:00:00","1917-08-01T00:00:00","occurrence",NA,1,46.044603,-74.034756,"gbif","GBIF","eButterfly Surveys","Vermont Center for Ecostudies","Vermont Center for Ecostudies","cc by nc 4.0","Vermont Center for Ecostudies"
"Datana ministra",1917,7,"00:00:00","1917-07-06T00:00:00","occurrence",NA,1,45.842,-76.738,"gbif","GBIF","University of Alberta E. H. Strickland Entomological Museum (UASM)","University of Alberta Museums","University of Alberta Museums","cc0 1.0","University of Alberta Museums"
"Papilio canadensis",1917,6,"00:00:00","1917-06-15T00:00:00","occurrence",NA,1,45.1333,-72.25,"gbif","GBIF","Lyman Entomological Museum","Canadian Biodiversity Information Facility","Canadian Biodiversity Information Facility","cc0 1.0","Canadian Biodiversity Information Facility"
"Nymphalis vaualbum",1917,7,"00:00:00","1917-07-21T00:00:00","occurrence",NA,1,45.4167,-73.9333,"gbif","GBIF","Lyman Entomological Museum","Canadian Biodiversity Information Facility","Canadian Biodiversity Information Facility","cc0 1.0","Canadian Biodiversity Information Facility"
"Nymphalis vaualbum",1917,1,"00:00:00","1917-01-01T00:00:00","occurrence",NA,1,45.5,-73.5833,"gbif","GBIF","Lyman Entomological Museum","Canadian Biodiversity Information Facility","Canadian Biodiversity Information Facility","cc0 1.0","Canadian Biodiversity Information Facility"
"Pieris rapae",1917,6,"00:00:00","1917-06-01T00:00:00","occurrence",NA,1,45.4167,-73.9333,"gbif","GBIF","Lyman Entomological Museum","Canadian Biodiversity Information Facility","Canadian Biodiversity Information Facility","cc0 1.0","Canadian Biodiversity Information Facility"
"Polygonia comma",1917,1,"00:00:00","1917-01-01T00:00:00","occurrence",NA,1,45.5,-73.5833,"gbif","GBIF","Lyman Entomological Museum","Canadian Biodiversity Information Facility","Canadian Biodiversity Information Facility","cc0 1.0","Canadian Biodiversity Information Facility"
"Glaucopsyche lygdamus",1917,7,"00:00:00","1917-07-06T00:00:00","occurrence",NA,1,45.1333,-72.25,"gbif","GBIF","Lyman Entomological Museum","Canadian Biodiversity Information Facility","Canadian Biodiversity Information Facility","cc0 1.0","Canadian Biodiversity Information Facility"
"Satyrodes eurydice",1917,7,"00:00:00","1917-07-15T00:00:00","occurrence",NA,1,45.1333,-72.8,"gbif","GBIF","Lyman Entomological Museum","Canadian Biodiversity Information Facility","Canadian Biodiversity Information Facility","cc0 1.0","Canadian Biodiversity Information Facility"
"Satyrodes eurydice",1917,7,"00:00:00","1917-07-18T00:00:00","occurrence",NA,1,45.1333,-72.8,"gbif","GBIF","Lyman Entomological Museum","Canadian Biodiversity Information Facility","Canadian Biodiversity Information Facility","cc0 1.0","Canadian Biodiversity Information Facility"
"Polygonia faunus",1917,1,"00:00:00","1917-01-01T00:00:00","occurrence",NA,1,45.5,-73.5833,"gbif","GBIF","Lyman Entomological Museum","Canadian Biodiversity Information Facility","Canadian Biodiversity Information Facility","cc0 1.0","Canadian Biodiversity Information Facility"
"Polygonia comma",1917,1,"00:00:00","1917-01-01T00:00:00","occurrence",NA,1,45.5,-73.5833,"gbif","GBIF","Lyman Entomological Museum","Canadian Biodiversity Information Facility","Canadian Biodiversity Information Facility","cc0 1.0","Canadian Biodiversity Information Facility"
"Poanes hobomok",1917,6,"00:00:00","1917-06-14T00:00:00","occurrence",NA,1,45.5,-73.5833,"gbif","GBIF","Lyman Entomological Museum","Canadian Biodiversity Information Facility","Canadian Biodiversity Information Facility","cc0 1.0","Canadian Biodiversity Information Facility"
"Megisto cymela",1917,7,"00:00:00","1917-07-09T00:00:00","occurrence",NA,1,45.4167,-73.9333,"gbif","GBIF","Lyman Entomological Museum","Canadian Biodiversity Information Facility","Canadian Biodiversity Information Facility","cc0 1.0","Canadian Biodiversity Information Facility"
"Lycaena phlaeas",1917,7,"00:00:00","1917-07-18T00:00:00","occurrence",NA,1,45.1333,-72.8,"gbif","GBIF","Lyman Entomological Museum","Canadian Biodiversity Information Facility","Canadian Biodiversity Information Facility","cc0 1.0","Canadian Biodiversity Information Facility"
"Nymphalis antiopa",1917,7,"00:00:00","1917-07-27T00:00:00","occurrence",NA,1,45.4167,-73.9333,"gbif","GBIF","Lyman Entomological Museum","Canadian Biodiversity Information Facility","Canadian Biodiversity Information Facility","cc0 1.0","Canadian Biodiversity Information Facility"
"Nymphalis antiopa",1917,5,"00:00:00","1917-05-13T00:00:00","occurrence",NA,1,45.4167,-73.9333,"gbif","GBIF","Lyman Entomological Museum","Canadian Biodiversity Information Facility","Canadian Biodiversity Information Facility","cc0 1.0","Canadian Biodiversity Information Facility"
"Papilio canadensis",1917,1,"00:00:00","1917-01-01T00:00:00","occurrence",NA,1,45.5,-73.5833,"gbif","GBIF","Lyman Entomological Museum","Canadian Biodiversity Information Facility","Canadian Biodiversity Information Facility","cc0 1.0","Canadian Biodiversity Information Facility"
"Glaucopsyche lygdamus",1917,6,"00:00:00","1917-06-04T00:00:00","occurrence",NA,1,45.56667,-75.95,"gbif","GBIF","Entomology Division, Yale Peabody Museum","Yale University Peabody Museum","Yale University Peabody Museum","cc0 1.0","Yale University Peabody Museum"
"Poanes hobomok",1917,6,"00:00:00","1917-06-18T00:00:00","occurrence",NA,1,45.305771,-73.25449,"gbif","GBIF","eButterfly Surveys","Vermont Center for Ecostudies","Vermont Center for Ecostudies","cc by nc 4.0","Vermont Center for Ecostudies"
"Poanes hobomok",1917,6,"00:00:00","1917-06-24T00:00:00","occurrence",NA,1,45.501689,-73.567256,"gbif","GBIF","eButterfly Surveys","Vermont Center for Ecostudies","Vermont Center for Ecostudies","cc by nc 4.0","Vermont Center for Ecostudies"
"Papilio canadensis",1917,7,"00:00:00","1917-07-15T00:00:00","occurrence",NA,1,47.656968,-70.152187,"gbif","GBIF","eButterfly Surveys","Vermont Center for Ecostudies","Vermont Center for Ecostudies","cc by nc 4.0","Vermont Center for Ecostudies"
"Polygonia comma",1917,1,"00:00:00","1917-01-01T00:00:00","abundance",NA,4,45.501689,-73.567256,"gbif","GBIF","eButterfly Surveys","Vermont Center for Ecostudies","Vermont Center for Ecostudies","cc by nc 4.0","Vermont Center for Ecostudies"
"Polygonia comma",1917,1,"00:00:00","1917-01-01T00:00:00","occurrence",NA,1,45.501689,-73.567256,"gbif","GBIF","eButterfly Surveys","Vermont Center for Ecostudies","Vermont Center for Ecostudies","cc by nc 4.0","Vermont Center for Ecostudies"
"Enodia anthedon",1917,7,"00:00:00","1917-07-07T00:00:00","occurrence",NA,1,45.85,-76.7333,"gbif","GBIF","Canadian National Collection (CNC) of Insects, Arachnids and Nematodes","Canadian Biodiversity Information Facility","Canadian Biodiversity Information Facility","cc by 4.0","Canadian Biodiversity Information Facility"
"Syngrapha rectangula",1917,7,"00:00:00","1917-07-28T00:00:00","occurrence",NA,1,47.657,-70.1522,"gbif","GBIF","University of Minnesota Insect Collection","University of Minnesota Insect Collection","University of Minnesota Insect Collection","cc0 1.0","University of Minnesota Insect Collection"
"Syngrapha selecta",1917,8,"00:00:00","1917-08-20T00:00:00","occurrence",NA,1,45.564,-73.179,"gbif","GBIF","University of Minnesota Insect Collection","University of Minnesota Insect Collection","University of Minnesota Insect Collection","cc0 1.0","University of Minnesota Insect Collection"
"Amblyscirtes aenus",1917,6,"00:00:00","1917-06-20T00:00:00","presence",NA,1,35.7686,-106.6923,"ebutterfly","Maxim Larrivée, Jeremy Kerr, Kent McFarland and Katy Prudic","eButterfly","ebutterfly","eButterfly","","eButterfly"
"Papilio zelicaon",1917,6,"00:00:00","1917-06-20T00:00:00","presence",NA,1,35.7686,-106.6923,"ebutterfly","Maxim Larrivée, Jeremy Kerr, Kent McFarland and Katy Prudic","eButterfly","ebutterfly","eButterfly","","eButterfly"
"Vanessa cardui",1917,8,"00:00:00","1917-08-15T00:00:00","presence",NA,1,49.2827,-123.1207,"ebutterfly","Maxim Larrivée, Jeremy Kerr, Kent McFarland and Katy Prudic","eButterfly","ebutterfly","eButterfly","","eButterfly"
"Neophasia menapia",1917,7,"00:00:00","1917-07-25T00:00:00","presence",NA,1,35.7686,-106.6923,"ebutterfly","Maxim Larrivée, Jeremy Kerr, Kent McFarland and Katy Prudic","eButterfly","ebutterfly","eButterfly","","eButterfly"
"Neophasia menapia",1917,8,"","1917-08-25","presence",NA,1,48.7787,-123.7079,"ebutterfly","Maxim Larrivée, Jeremy Kerr, Kent McFarland and Katy Prudic","eButterfly","ebutterfly","eButterfly","","eButterfly"
"Hypaurotis crysalus",1917,7,"00:00:00","1917-07-09T00:00:00","presence",NA,1,35.7686,-106.6923,"ebutterfly","Maxim Larrivée, Jeremy Kerr, Kent McFarland and Katy Prudic","eButterfly","ebutterfly","eButterfly","","eButterfly"
"Hypaurotis crysalus",1917,7,"00:00:00","1917-07-16T00:00:00","presence",NA,1,35.7686,-106.6923,"ebutterfly","Maxim Larrivée, Jeremy Kerr, Kent McFarland and Katy Prudic","eButterfly","ebutterfly","eButterfly","","eButterfly"
"Hypaurotis crysalus",1917,8,"00:00:00","1917-08-03T00:00:00","presence",NA,1,35.7686,-106.6923,"ebutterfly","Maxim Larrivée, Jeremy Kerr, Kent McFarland and Katy Prudic","eButterfly","ebutterfly","eButterfly","","eButterfly"
"Speyeria coronis",1917,7,"","1917-07-16","presence",NA,1,42.5013,-103.7289,"ebutterfly","Maxim Larrivée, Jeremy Kerr, Kent McFarland and Katy Prudic","eButterfly","ebutterfly","eButterfly","","eButterfly"
"Satyrium calanus",1917,7,"00:00:00","1917-07-16T00:00:00","presence",NA,1,35.7686,-106.6923,"ebutterfly","Maxim Larrivée, Jeremy Kerr, Kent McFarland and Katy Prudic","eButterfly","ebutterfly","eButterfly","","eButterfly"
"Speyeria mormonia",1917,7,"00:00:00","1917-07-12T00:00:00","presence",NA,1,35.7686,-106.6923,"ebutterfly","Maxim Larrivée, Jeremy Kerr, Kent McFarland and Katy Prudic","eButterfly","ebutterfly","eButterfly","","eButterfly"
"Speyeria mormonia",1917,7,"00:00:00","1917-07-19T00:00:00","presence",NA,1,35.7686,-106.6923,"ebutterfly","Maxim Larrivée, Jeremy Kerr, Kent McFarland and Katy Prudic","eButterfly","ebutterfly","eButterfly","","eButterfly"
"Battus polydamas",1917,9,"","1917-09-17","presence",NA,1,27.4989,-82.5748,"ebutterfly","Maxim Larrivée, Jeremy Kerr, Kent McFarland and Katy Prudic","eButterfly","ebutterfly","eButterfly","","eButterfly"
"Neophasia menapia",1917,8,"","1917-08-20","presence",NA,1,48.4284,-123.3656,"ebutterfly","Maxim Larrivée, Jeremy Kerr, Kent McFarland and Katy Prudic","eButterfly","ebutterfly","eButterfly","","eButterfly"
"Speyeria coronis",1917,7,"","1917-07-15","presence",NA,1,42.5013,-103.7289,"ebutterfly","Maxim Larrivée, Jeremy Kerr, Kent McFarland and Katy Prudic","eButterfly","ebutterfly","eButterfly","","eButterfly"
"Pieris rapae",1917,6,"","1917-06-12","presence",NA,1,41.409,-75.6624,"ebutterfly","Maxim Larrivée, Jeremy Kerr, Kent McFarland and Katy Prudic","eButterfly","ebutterfly","eButterfly","","eButterfly"
"Pieris rapae",1917,4,"00:00:00","1917-04-24T00:00:00","presence",NA,1,35.7686,-106.6923,"ebutterfly","Maxim Larrivée, Jeremy Kerr, Kent McFarland and Katy Prudic","eButterfly","ebutterfly","eButterfly","","eButterfly"
"Satyrium calanus",1917,7,"00:00:00","1917-07-19T00:00:00","presence",NA,1,35.7686,-106.6923,"ebutterfly","Maxim Larrivée, Jeremy Kerr, Kent McFarland and Katy Prudic","eButterfly","ebutterfly","eButterfly","","eButterfly"
"Pontia sisymbrii",1917,4,"00:00:00","1917-04-21T00:00:00","presence",NA,1,35.7686,-106.6923,"ebutterfly","Maxim Larrivée, Jeremy Kerr, Kent McFarland and Katy Prudic","eButterfly","ebutterfly","eButterfly","","eButterfly"
"Pontia sisymbrii",1917,4,"00:00:00","1917-04-11T00:00:00","presence",NA,1,35.7686,-106.6923,"ebutterfly","Maxim Larrivée, Jeremy Kerr, Kent McFarland and Katy Prudic","eButterfly","ebutterfly","eButterfly","","eButterfly"
"Pontia sisymbrii",1917,4,"00:00:00","1917-04-13T00:00:00","presence",NA,1,35.7686,-106.6923,"ebutterfly","Maxim Larrivée, Jeremy Kerr, Kent McFarland and Katy Prudic","eButterfly","ebutterfly","eButterfly","","eButterfly"
"Plebejus glandon",1917,7,"","1917-07-22","presence",NA,1,50.6863,-121.9368,"ebutterfly","Maxim Larrivée, Jeremy Kerr, Kent McFarland and Katy Prudic","eButterfly","ebutterfly","eButterfly","","eButterfly"
