"observed_scientific_name","year_obs","day_obs","time_obs","dwc_event_date","obs_variable","obs_unit","obs_value","lat","lon","original_source","creator","title","publisher","intellectual_rights","license","owner"
"Papilio canadensis",1921,5,"00:00:00","1921-05-24T00:00:00","presence",NA,1,45.564,-73.179,"ebutterfly","Maxim Larrivée, Jeremy Kerr, Kent McFarland and Katy Prudic","eButterfly","ebutterfly","eButterfly","","eButterfly"
"Pieris rapae",1921,5,"00:00:00","1921-05-14T00:00:00","presence",NA,1,45.564,-73.179,"ebutterfly","Maxim Larrivée, Jeremy Kerr, Kent McFarland and Katy Prudic","eButterfly","ebutterfly","eButterfly","","eButterfly"
"Phyciodes cocyta",1921,6,"00:00:00","1921-06-25T00:00:00","presence",NA,1,45.5017,-73.5673,"ebutterfly","Maxim Larrivée, Jeremy Kerr, Kent McFarland and Katy Prudic","eButterfly","ebutterfly","eButterfly","","eButterfly"
"Phyciodes cocyta",1921,7,"00:00:00","1921-07-02T00:00:00","presence",NA,1,45.564,-73.179,"ebutterfly","Maxim Larrivée, Jeremy Kerr, Kent McFarland and Katy Prudic","eButterfly","ebutterfly","eButterfly","","eButterfly"
"Colias philodice",1921,7,"00:00:00","1921-07-01T00:00:00","presence",NA,1,45.564,-73.179,"ebutterfly","Maxim Larrivée, Jeremy Kerr, Kent McFarland and Katy Prudic","eButterfly","ebutterfly","eButterfly","","eButterfly"
"Colias philodice",1921,8,"00:00:00","1921-08-23T00:00:00","presence",NA,1,45.5017,-73.5673,"ebutterfly","Maxim Larrivée, Jeremy Kerr, Kent McFarland and Katy Prudic","eButterfly","ebutterfly","eButterfly","","eButterfly"
"Colias philodice",1921,8,"00:00:00","1921-08-30T00:00:00","presence",NA,1,45.5017,-73.5673,"ebutterfly","Maxim Larrivée, Jeremy Kerr, Kent McFarland and Katy Prudic","eButterfly","ebutterfly","eButterfly","","eButterfly"
"Cercyonis pegala",1921,7,"00:00:00","1921-07-16T00:00:00","presence",NA,1,45.564,-73.179,"ebutterfly","Maxim Larrivée, Jeremy Kerr, Kent McFarland and Katy Prudic","eButterfly","ebutterfly","eButterfly","","eButterfly"
"Lethe anthedon",1921,6,"00:00:00","1921-06-12T00:00:00","presence",NA,1,45.5017,-73.5673,"ebutterfly","Maxim Larrivée, Jeremy Kerr, Kent McFarland and Katy Prudic","eButterfly","ebutterfly","eButterfly","","eButterfly"
"Lethe eurydice",1921,7,"00:00:00","1921-07-09T00:00:00","presence",NA,1,45.5017,-73.5673,"ebutterfly","Maxim Larrivée, Jeremy Kerr, Kent McFarland and Katy Prudic","eButterfly","ebutterfly","eButterfly","","eButterfly"
"Megisto cymela",1921,6,"00:00:00","1921-06-05T00:00:00","presence",NA,1,45.5017,-73.5673,"ebutterfly","Maxim Larrivée, Jeremy Kerr, Kent McFarland and Katy Prudic","eButterfly","ebutterfly","eButterfly","","eButterfly"
"Megisto cymela",1921,5,"00:00:00","1921-05-26T00:00:00","presence",NA,1,45.5017,-73.5673,"ebutterfly","Maxim Larrivée, Jeremy Kerr, Kent McFarland and Katy Prudic","eButterfly","ebutterfly","eButterfly","","eButterfly"
"Megisto cymela",1921,6,"00:00:00","1921-06-12T00:00:00","presence",NA,1,45.5017,-73.5673,"ebutterfly","Maxim Larrivée, Jeremy Kerr, Kent McFarland and Katy Prudic","eButterfly","ebutterfly","eButterfly","","eButterfly"
"Megisto cymela",1921,6,"00:00:00","1921-06-06T00:00:00","presence",NA,1,45.5017,-73.5673,"ebutterfly","Maxim Larrivée, Jeremy Kerr, Kent McFarland and Katy Prudic","eButterfly","ebutterfly","eButterfly","","eButterfly"
"Colias philodice",1921,10,"","1921-10-13","presence",NA,1,45.5017,-73.5673,"ebutterfly","Maxim Larrivée, Jeremy Kerr, Kent McFarland and Katy Prudic","eButterfly","ebutterfly","eButterfly","","eButterfly"
"Celastrina lucia",1921,6,"00:00:00","1921-06-05T00:00:00","presence",NA,1,45.5017,-73.5673,"ebutterfly","Maxim Larrivée, Jeremy Kerr, Kent McFarland and Katy Prudic","eButterfly","ebutterfly","eButterfly","","eButterfly"
"Celastrina lucia",1921,5,"00:00:00","1921-05-01T00:00:00","presence",NA,1,45.8755,-74.0821,"ebutterfly","Maxim Larrivée, Jeremy Kerr, Kent McFarland and Katy Prudic","eButterfly","ebutterfly","eButterfly","","eButterfly"
"Celastrina lucia",1921,5,"00:00:00","1921-05-03T00:00:00","presence",NA,1,45.5017,-73.5673,"ebutterfly","Maxim Larrivée, Jeremy Kerr, Kent McFarland and Katy Prudic","eButterfly","ebutterfly","eButterfly","","eButterfly"
"Limenitis archippus",1921,8,"00:00:00","1921-08-28T00:00:00","presence",NA,1,45.5017,-73.5673,"ebutterfly","Maxim Larrivée, Jeremy Kerr, Kent McFarland and Katy Prudic","eButterfly","ebutterfly","eButterfly","","eButterfly"
"Limenitis archippus",1921,9,"00:00:00","1921-09-02T00:00:00","presence",NA,1,45.5017,-73.5673,"ebutterfly","Maxim Larrivée, Jeremy Kerr, Kent McFarland and Katy Prudic","eButterfly","ebutterfly","eButterfly","","eButterfly"
"Polygonia comma",1921,7,"00:00:00","1921-07-01T00:00:00","presence",NA,1,45.5017,-73.5673,"ebutterfly","Maxim Larrivée, Jeremy Kerr, Kent McFarland and Katy Prudic","eButterfly","ebutterfly","eButterfly","","eButterfly"
"Papilio polyxenes",1921,8,"","1921-08-02","presence",NA,1,45.9931,-73.2985,"ebutterfly","Maxim Larrivée, Jeremy Kerr, Kent McFarland and Katy Prudic","eButterfly","ebutterfly","eButterfly","","eButterfly"
"Lycaena phlaeas",1921,8,"00:00:00","1921-08-14T00:00:00","presence",NA,1,45.8755,-74.0821,"ebutterfly","Maxim Larrivée, Jeremy Kerr, Kent McFarland and Katy Prudic","eButterfly","ebutterfly","eButterfly","","eButterfly"
"Erynnis icelus",1921,5,"","1921-05-20","presence",NA,1,45.9238,-74.4673,"ebutterfly","Maxim Larrivée, Jeremy Kerr, Kent McFarland and Katy Prudic","eButterfly","ebutterfly","eButterfly","","eButterfly"
"Thorybes pylades",1921,6,"","1921-06-16","presence",NA,1,45.564,-73.179,"ebutterfly","Maxim Larrivée, Jeremy Kerr, Kent McFarland and Katy Prudic","eButterfly","ebutterfly","eButterfly","","eButterfly"
"Boloria bellona",1921,8,"00:00:00","1921-08-05T00:00:00","presence",NA,1,45.5017,-73.5673,"ebutterfly","Maxim Larrivée, Jeremy Kerr, Kent McFarland and Katy Prudic","eButterfly","ebutterfly","eButterfly","","eButterfly"
"Boloria bellona",1921,7,"","1921-07-04","presence",NA,1,45.8755,-74.0821,"ebutterfly","Maxim Larrivée, Jeremy Kerr, Kent McFarland and Katy Prudic","eButterfly","ebutterfly","eButterfly","","eButterfly"
"Chlosyne nycteis",1921,5,"00:00:00","1921-05-28T00:00:00","presence",NA,1,45.5017,-73.5673,"ebutterfly","Maxim Larrivée, Jeremy Kerr, Kent McFarland and Katy Prudic","eButterfly","ebutterfly","eButterfly","","eButterfly"
"Chlosyne nycteis",1921,5,"00:00:00","1921-05-26T00:00:00","presence",NA,1,45.564,-73.179,"ebutterfly","Maxim Larrivée, Jeremy Kerr, Kent McFarland and Katy Prudic","eButterfly","ebutterfly","eButterfly","","eButterfly"
"Chlosyne nycteis",1921,6,"","1921-06-04","presence",NA,1,45.5126,-73.6468,"ebutterfly","Maxim Larrivée, Jeremy Kerr, Kent McFarland and Katy Prudic","eButterfly","ebutterfly","eButterfly","","eButterfly"
"Pieris oleracea",1921,7,"","1921-07-03","presence",NA,1,45.2745,-71.9739,"ebutterfly","Maxim Larrivée, Jeremy Kerr, Kent McFarland and Katy Prudic","eButterfly","ebutterfly","eButterfly","","eButterfly"
"Nymphalis antiopa",1921,8,"","1921-08-04","presence",NA,1,45.8755,-74.0821,"ebutterfly","Maxim Larrivée, Jeremy Kerr, Kent McFarland and Katy Prudic","eButterfly","ebutterfly","eButterfly","","eButterfly"
"Colias philodice",1921,5,"","1921-05-08","presence",NA,1,45.4426,-74.1052,"ebutterfly","Maxim Larrivée, Jeremy Kerr, Kent McFarland and Katy Prudic","eButterfly","ebutterfly","eButterfly","","eButterfly"
"Pieris oleracea",1921,5,"","1921-05-09","presence",NA,1,45.9238,-74.4673,"ebutterfly","Maxim Larrivée, Jeremy Kerr, Kent McFarland and Katy Prudic","eButterfly","ebutterfly","eButterfly","","eButterfly"
"Colias philodice",1921,7,"","1921-07-11","presence",NA,1,45.2745,-71.9739,"ebutterfly","Maxim Larrivée, Jeremy Kerr, Kent McFarland and Katy Prudic","eButterfly","ebutterfly","eButterfly","","eButterfly"
"Erora laeta",1921,5,"","1921-05-19","presence",NA,1,45.9238,-74.4673,"ebutterfly","Maxim Larrivée, Jeremy Kerr, Kent McFarland and Katy Prudic","eButterfly","ebutterfly","eButterfly","","eButterfly"
"Wallengrenia egeremet",1921,6,"","1921-06-16","presence",NA,1,45.564,-73.179,"ebutterfly","Maxim Larrivée, Jeremy Kerr, Kent McFarland and Katy Prudic","eButterfly","ebutterfly","eButterfly","","eButterfly"
"Lycaena phlaeas",1921,7,"","1921-07-14","presence",NA,1,45.8755,-74.0821,"ebutterfly","Maxim Larrivée, Jeremy Kerr, Kent McFarland and Katy Prudic","eButterfly","ebutterfly","eButterfly","","eButterfly"
"Celastrina lucia",1921,5,"","1921-05-08","presence",NA,1,45.4426,-74.1052,"ebutterfly","Maxim Larrivée, Jeremy Kerr, Kent McFarland and Katy Prudic","eButterfly","ebutterfly","eButterfly","","eButterfly"
"Nymphalis antiopa",1921,8,"","1921-08-19","presence",NA,1,45.8755,-74.0821,"ebutterfly","Maxim Larrivée, Jeremy Kerr, Kent McFarland and Katy Prudic","eButterfly","ebutterfly","eButterfly","","eButterfly"
"Colias philodice",1921,7,"","1921-07-09","presence",NA,1,45.2745,-71.9739,"ebutterfly","Maxim Larrivée, Jeremy Kerr, Kent McFarland and Katy Prudic","eButterfly","ebutterfly","eButterfly","","eButterfly"
"Celastrina lucia",1921,7,"","1921-07-02","presence",NA,1,45.5017,-73.5673,"ebutterfly","Maxim Larrivée, Jeremy Kerr, Kent McFarland and Katy Prudic","eButterfly","ebutterfly","eButterfly","","eButterfly"
"Celastrina lucia",1921,5,"","1921-05-18","presence",NA,1,45.9013,-74.4661,"ebutterfly","Maxim Larrivée, Jeremy Kerr, Kent McFarland and Katy Prudic","eButterfly","ebutterfly","eButterfly","","eButterfly"
"Euphyes vestris",1921,6,"","1921-06-16","presence",NA,1,45.564,-73.179,"ebutterfly","Maxim Larrivée, Jeremy Kerr, Kent McFarland and Katy Prudic","eButterfly","ebutterfly","eButterfly","","eButterfly"
"Colias philodice",1921,7,"","1921-07-17","presence",NA,1,45.5017,-73.5673,"ebutterfly","Maxim Larrivée, Jeremy Kerr, Kent McFarland and Katy Prudic","eButterfly","ebutterfly","eButterfly","","eButterfly"
"Boloria bellona",1921,7,"","1921-07-23","presence",NA,1,45.3018,-72.2789,"ebutterfly","Maxim Larrivée, Jeremy Kerr, Kent McFarland and Katy Prudic","eButterfly","ebutterfly","eButterfly","","eButterfly"
"Lycaena phlaeas",1921,7,"","1921-07-20","presence",NA,1,45.9238,-74.4673,"ebutterfly","Maxim Larrivée, Jeremy Kerr, Kent McFarland and Katy Prudic","eButterfly","ebutterfly","eButterfly","","eButterfly"
"Colias philodice",1921,8,"","1921-08-05","presence",NA,1,45.5017,-73.5673,"ebutterfly","Maxim Larrivée, Jeremy Kerr, Kent McFarland and Katy Prudic","eButterfly","ebutterfly","eButterfly","","eButterfly"
"Cercyonis pegala",1921,7,"","1921-07-05","presence",NA,1,45.2745,-71.9739,"ebutterfly","Maxim Larrivée, Jeremy Kerr, Kent McFarland and Katy Prudic","eButterfly","ebutterfly","eButterfly","","eButterfly"
"Wallengrenia egeremet",1921,7,"","1921-07-16","presence",NA,1,45.564,-73.179,"ebutterfly","Maxim Larrivée, Jeremy Kerr, Kent McFarland and Katy Prudic","eButterfly","ebutterfly","eButterfly","","eButterfly"
"Pieris oleracea",1921,5,"","1921-05-08","presence",NA,1,45.4426,-74.1052,"ebutterfly","Maxim Larrivée, Jeremy Kerr, Kent McFarland and Katy Prudic","eButterfly","ebutterfly","eButterfly","","eButterfly"
"Polygonia faunus",1921,8,"","1921-08-06","presence",NA,1,45.8755,-74.0821,"ebutterfly","Maxim Larrivée, Jeremy Kerr, Kent McFarland and Katy Prudic","eButterfly","ebutterfly","eButterfly","","eButterfly"
"Erora laeta",1921,4,"","1921-04-30","presence",NA,1,45.1859,-71.9367,"ebutterfly","Maxim Larrivée, Jeremy Kerr, Kent McFarland and Katy Prudic","eButterfly","ebutterfly","eButterfly","","eButterfly"
"Polites mystic",1921,6,"","1921-06-18","presence",NA,1,45.564,-73.179,"ebutterfly","Maxim Larrivée, Jeremy Kerr, Kent McFarland and Katy Prudic","eButterfly","ebutterfly","eButterfly","","eButterfly"
"Lycaena phlaeas",1921,7,"","1921-07-16","presence",NA,1,45.9238,-74.4673,"ebutterfly","Maxim Larrivée, Jeremy Kerr, Kent McFarland and Katy Prudic","eButterfly","ebutterfly","eButterfly","","eButterfly"
"Speyeria aphrodite",1921,7,"","1921-07-23","presence",NA,1,45.3018,-72.2789,"ebutterfly","Maxim Larrivée, Jeremy Kerr, Kent McFarland and Katy Prudic","eButterfly","ebutterfly","eButterfly","","eButterfly"
"Pieris virginiensis",1921,5,"","1921-05-14","presence",NA,1,45.564,-73.179,"ebutterfly","Maxim Larrivée, Jeremy Kerr, Kent McFarland and Katy Prudic","eButterfly","ebutterfly","eButterfly","","eButterfly"
"Phyciodes cocyta",1921,7,"","1921-07-16","presence",NA,1,45.564,-73.179,"ebutterfly","Maxim Larrivée, Jeremy Kerr, Kent McFarland and Katy Prudic","eButterfly","ebutterfly","eButterfly","","eButterfly"
"Colias philodice",1921,8,"","1921-08-20","presence",NA,1,45.8755,-74.0821,"ebutterfly","Maxim Larrivée, Jeremy Kerr, Kent McFarland and Katy Prudic","eButterfly","ebutterfly","eButterfly","","eButterfly"
"Colias philodice",1921,10,"","1921-10-14","presence",NA,1,45.5017,-73.5673,"ebutterfly","Maxim Larrivée, Jeremy Kerr, Kent McFarland and Katy Prudic","eButterfly","ebutterfly","eButterfly","","eButterfly"
"Boloria bellona",1921,5,"","1921-05-07","presence",NA,1,45.4585,-74.1407,"ebutterfly","Maxim Larrivée, Jeremy Kerr, Kent McFarland and Katy Prudic","eButterfly","ebutterfly","eButterfly","","eButterfly"
"Amblyscirtes hegon",1921,5,"","1921-05-24","presence",NA,1,45.564,-73.179,"ebutterfly","Maxim Larrivée, Jeremy Kerr, Kent McFarland and Katy Prudic","eButterfly","ebutterfly","eButterfly","","eButterfly"
"Speyeria aphrodite",1921,7,"","1921-07-09","presence",NA,1,45.2745,-71.9739,"ebutterfly","Maxim Larrivée, Jeremy Kerr, Kent McFarland and Katy Prudic","eButterfly","ebutterfly","eButterfly","","eButterfly"
"Polygonia faunus",1921,7,"","1921-07-16","presence",NA,1,45.9238,-74.4673,"ebutterfly","Maxim Larrivée, Jeremy Kerr, Kent McFarland and Katy Prudic","eButterfly","ebutterfly","eButterfly","","eButterfly"
"Boloria bellona",1921,5,"","1921-05-08","presence",NA,1,45.4426,-74.1052,"ebutterfly","Maxim Larrivée, Jeremy Kerr, Kent McFarland and Katy Prudic","eButterfly","ebutterfly","eButterfly","","eButterfly"
"Amblyscirtes vialis",1921,5,"","1921-05-19","presence",NA,1,45.9238,-74.4673,"ebutterfly","Maxim Larrivée, Jeremy Kerr, Kent McFarland and Katy Prudic","eButterfly","ebutterfly","eButterfly","","eButterfly"
"Thorybes pylades",1921,6,"","1921-06-18","presence",NA,1,45.564,-73.179,"ebutterfly","Maxim Larrivée, Jeremy Kerr, Kent McFarland and Katy Prudic","eButterfly","ebutterfly","eButterfly","","eButterfly"
"Erynnis lucilius",1921,8,"","1921-08-26","presence",NA,1,45.564,-73.179,"ebutterfly","Maxim Larrivée, Jeremy Kerr, Kent McFarland and Katy Prudic","eButterfly","ebutterfly","eButterfly","","eButterfly"
"Boloria bellona",1921,5,"","1921-05-14","presence",NA,1,45.564,-73.179,"ebutterfly","Maxim Larrivée, Jeremy Kerr, Kent McFarland and Katy Prudic","eButterfly","ebutterfly","eButterfly","","eButterfly"
"Pieris rapae",1921,5,"","1921-05-08","presence",NA,1,45.4426,-74.1052,"ebutterfly","Maxim Larrivée, Jeremy Kerr, Kent McFarland and Katy Prudic","eButterfly","ebutterfly","eButterfly","","eButterfly"
"Pieris rapae",1921,7,"","1921-07-09","presence",NA,1,45.2745,-71.9739,"ebutterfly","Maxim Larrivée, Jeremy Kerr, Kent McFarland and Katy Prudic","eButterfly","ebutterfly","eButterfly","","eButterfly"
"Pieris oleracea",1921,7,"","1921-07-09","presence",NA,1,45.2745,-71.9739,"ebutterfly","Maxim Larrivée, Jeremy Kerr, Kent McFarland and Katy Prudic","eButterfly","ebutterfly","eButterfly","","eButterfly"
"Erynnis lucilius",1921,9,"","1921-09-05","presence",NA,1,45.564,-73.179,"ebutterfly","Maxim Larrivée, Jeremy Kerr, Kent McFarland and Katy Prudic","eButterfly","ebutterfly","eButterfly","","eButterfly"
"Chlosyne nycteis",1921,5,"","1921-05-24","presence",NA,1,45.564,-73.179,"ebutterfly","Maxim Larrivée, Jeremy Kerr, Kent McFarland and Katy Prudic","eButterfly","ebutterfly","eButterfly","","eButterfly"
"Polites themistocles",1921,6,"","1921-06-18","presence",NA,1,45.564,-73.179,"ebutterfly","Maxim Larrivée, Jeremy Kerr, Kent McFarland and Katy Prudic","eButterfly","ebutterfly","eButterfly","","eButterfly"
"Cercyonis pegala",1921,7,"","1921-07-07","presence",NA,1,45.2745,-71.9739,"ebutterfly","Maxim Larrivée, Jeremy Kerr, Kent McFarland and Katy Prudic","eButterfly","ebutterfly","eButterfly","","eButterfly"
"Colias philodice",1921,7,"","1921-07-07","presence",NA,1,45.2745,-71.9739,"ebutterfly","Maxim Larrivée, Jeremy Kerr, Kent McFarland and Katy Prudic","eButterfly","ebutterfly","eButterfly","","eButterfly"
"Speyeria aphrodite",1921,7,"","1921-07-10","presence",NA,1,45.8755,-74.0821,"ebutterfly","Maxim Larrivée, Jeremy Kerr, Kent McFarland and Katy Prudic","eButterfly","ebutterfly","eButterfly","","eButterfly"
"Cercyonis pegala",1921,7,"","1921-07-16","presence",NA,1,45.9238,-74.4673,"ebutterfly","Maxim Larrivée, Jeremy Kerr, Kent McFarland and Katy Prudic","eButterfly","ebutterfly","eButterfly","","eButterfly"
"Speyeria aphrodite",1921,7,"","1921-07-20","presence",NA,1,45.3018,-72.2789,"ebutterfly","Maxim Larrivée, Jeremy Kerr, Kent McFarland and Katy Prudic","eButterfly","ebutterfly","eButterfly","","eButterfly"
"Celastrina lucia",1921,5,"","1921-05-09","presence",NA,1,45.9238,-74.4673,"ebutterfly","Maxim Larrivée, Jeremy Kerr, Kent McFarland and Katy Prudic","eButterfly","ebutterfly","eButterfly","","eButterfly"
"Polites peckius",1921,7,"","1921-07-09","presence",NA,1,45.2745,-71.9739,"ebutterfly","Maxim Larrivée, Jeremy Kerr, Kent McFarland and Katy Prudic","eButterfly","ebutterfly","eButterfly","","eButterfly"
"Speyeria atlantis",1921,7,"","1921-07-24","presence",NA,1,45.8755,-74.0821,"ebutterfly","Maxim Larrivée, Jeremy Kerr, Kent McFarland and Katy Prudic","eButterfly","ebutterfly","eButterfly","","eButterfly"
"Cercyonis pegala",1921,7,"","1921-07-09","presence",NA,1,45.2745,-71.9739,"ebutterfly","Maxim Larrivée, Jeremy Kerr, Kent McFarland and Katy Prudic","eButterfly","ebutterfly","eButterfly","","eButterfly"
"Papilio polyxenes",1921,7,"00:00:00","1921-07-05T00:00:00","presence",NA,1,45.5017,-73.5673,"ebutterfly","Maxim Larrivée, Jeremy Kerr, Kent McFarland and Katy Prudic","eButterfly","ebutterfly","eButterfly","","eButterfly"
"Pieris oleracea",1921,5,"00:00:00","1921-05-01T00:00:00","presence",NA,1,45.8755,-74.0821,"ebutterfly","Maxim Larrivée, Jeremy Kerr, Kent McFarland and Katy Prudic","eButterfly","ebutterfly","eButterfly","","eButterfly"
"Lycaena phlaeas",1921,7,"","1921-07-19","presence",NA,1,45.5017,-73.5673,"ebutterfly","Maxim Larrivée, Jeremy Kerr, Kent McFarland and Katy Prudic","eButterfly","ebutterfly","eButterfly","","eButterfly"
"Speyeria cybele",1921,7,"","1921-07-07","presence",NA,1,45.2745,-71.9739,"ebutterfly","Maxim Larrivée, Jeremy Kerr, Kent McFarland and Katy Prudic","eButterfly","ebutterfly","eButterfly","","eButterfly"
"Nymphalis antiopa",1921,4,"00:00:00","1921-04-03T00:00:00","presence",NA,1,45.5017,-73.5673,"ebutterfly","Maxim Larrivée, Jeremy Kerr, Kent McFarland and Katy Prudic","eButterfly","ebutterfly","eButterfly","","eButterfly"
"Nymphalis antiopa",1921,7,"00:00:00","1921-07-23T00:00:00","presence",NA,1,45.5017,-73.5673,"ebutterfly","Maxim Larrivée, Jeremy Kerr, Kent McFarland and Katy Prudic","eButterfly","ebutterfly","eButterfly","","eButterfly"
"Plebejus saepiolus",1921,7,"","1921-07-29","presence",NA,1,45.8755,-74.0821,"ebutterfly","Maxim Larrivée, Jeremy Kerr, Kent McFarland and Katy Prudic","eButterfly","ebutterfly","eButterfly","","eButterfly"
"Satyrium titus",1921,6,"00:00:00","1921-06-25T00:00:00","presence",NA,1,45.5017,-73.5673,"ebutterfly","Maxim Larrivée, Jeremy Kerr, Kent McFarland and Katy Prudic","eButterfly","ebutterfly","eButterfly","","eButterfly"
"Satyrium titus",1921,7,"00:00:00","1921-07-09T00:00:00","presence",NA,1,45.5017,-73.5673,"ebutterfly","Maxim Larrivée, Jeremy Kerr, Kent McFarland and Katy Prudic","eButterfly","ebutterfly","eButterfly","","eButterfly"
"Phyciodes cocyta",1921,7,"00:00:00","1921-07-09T00:00:00","presence",NA,1,45.5017,-73.5673,"ebutterfly","Maxim Larrivée, Jeremy Kerr, Kent McFarland and Katy Prudic","eButterfly","ebutterfly","eButterfly","","eButterfly"
"Satyrium calanus",1921,6,"00:00:00","1921-06-25T00:00:00","presence",NA,1,45.5017,-73.5673,"ebutterfly","Maxim Larrivée, Jeremy Kerr, Kent McFarland and Katy Prudic","eButterfly","ebutterfly","eButterfly","","eButterfly"
"Satyrium calanus",1921,7,"00:00:00","1921-07-01T00:00:00","presence",NA,1,45.5017,-73.5673,"ebutterfly","Maxim Larrivée, Jeremy Kerr, Kent McFarland and Katy Prudic","eButterfly","ebutterfly","eButterfly","","eButterfly"
"Pontia protodice",1921,9,"","1921-09-18","presence",NA,1,45.5017,-73.5673,"ebutterfly","Maxim Larrivée, Jeremy Kerr, Kent McFarland and Katy Prudic","eButterfly","ebutterfly","eButterfly","","eButterfly"
"Nymphalis antiopa",1921,7,"00:00:00","1921-07-23T00:00:00","occurrence",NA,1,45.501689,-73.567256,"gbif","GBIF","eButterfly Surveys","Vermont Center for Ecostudies","Vermont Center for Ecostudies","cc by nc 4.0","Vermont Center for Ecostudies"
"Boloria bellona",1921,8,"00:00:00","1921-08-05T00:00:00","occurrence",NA,1,45.501689,-73.567256,"gbif","GBIF","eButterfly Surveys","Vermont Center for Ecostudies","Vermont Center for Ecostudies","cc by nc 4.0","Vermont Center for Ecostudies"
"Boloria bellona",1921,5,"00:00:00","1921-05-14T00:00:00","occurrence",NA,1,45.564042,-73.179013,"gbif","GBIF","eButterfly Surveys","Vermont Center for Ecostudies","Vermont Center for Ecostudies","cc by nc 4.0","Vermont Center for Ecostudies"
"Cercyonis pegala",1921,7,"00:00:00","1921-07-05T00:00:00","abundance",NA,2,45.274509,-71.97394,"gbif","GBIF","eButterfly Surveys","Vermont Center for Ecostudies","Vermont Center for Ecostudies","cc by nc 4.0","Vermont Center for Ecostudies"
"Cercyonis pegala",1921,7,"00:00:00","1921-07-09T00:00:00","abundance",NA,2,45.274509,-71.97394,"gbif","GBIF","eButterfly Surveys","Vermont Center for Ecostudies","Vermont Center for Ecostudies","cc by nc 4.0","Vermont Center for Ecostudies"
"Boloria selene",1921,8,"00:00:00","1921-08-16T00:00:00","occurrence",NA,1,45.875457,-74.082091,"gbif","GBIF","eButterfly Surveys","Vermont Center for Ecostudies","Vermont Center for Ecostudies","cc by nc 4.0","Vermont Center for Ecostudies"
"Pieris rapae",1921,7,"00:00:00","1921-07-09T00:00:00","occurrence",NA,1,45.274509,-71.97394,"gbif","GBIF","eButterfly Surveys","Vermont Center for Ecostudies","Vermont Center for Ecostudies","cc by nc 4.0","Vermont Center for Ecostudies"
"Colias philodice",1921,8,"00:00:00","1921-08-23T00:00:00","occurrence",NA,1,45.501689,-73.567256,"gbif","GBIF","eButterfly Surveys","Vermont Center for Ecostudies","Vermont Center for Ecostudies","cc by nc 4.0","Vermont Center for Ecostudies"
"Celastrina lucia",1921,6,"00:00:00","1921-06-05T00:00:00","occurrence",NA,1,45.501689,-73.567256,"gbif","GBIF","eButterfly Surveys","Vermont Center for Ecostudies","Vermont Center for Ecostudies","cc by nc 4.0","Vermont Center for Ecostudies"
"Boloria selene",1921,8,"00:00:00","1921-08-21T00:00:00","occurrence",NA,1,45.501689,-73.567256,"gbif","GBIF","eButterfly Surveys","Vermont Center for Ecostudies","Vermont Center for Ecostudies","cc by nc 4.0","Vermont Center for Ecostudies"
"Chlosyne nycteis",1921,5,"00:00:00","1921-05-26T00:00:00","occurrence",NA,1,45.564042,-73.179013,"gbif","GBIF","eButterfly Surveys","Vermont Center for Ecostudies","Vermont Center for Ecostudies","cc by nc 4.0","Vermont Center for Ecostudies"
"Limenitis archippus",1921,9,"00:00:00","1921-09-02T00:00:00","occurrence",NA,1,45.501689,-73.567256,"gbif","GBIF","eButterfly Surveys","Vermont Center for Ecostudies","Vermont Center for Ecostudies","cc by nc 4.0","Vermont Center for Ecostudies"
"Megisto cymela",1921,6,"00:00:00","1921-06-06T00:00:00","occurrence",NA,1,45.501689,-73.567256,"gbif","GBIF","eButterfly Surveys","Vermont Center for Ecostudies","Vermont Center for Ecostudies","cc by nc 4.0","Vermont Center for Ecostudies"
"Celastrina lucia",1921,5,"00:00:00","1921-05-18T00:00:00","occurrence",NA,1,45.9013,-74.466114,"gbif","GBIF","eButterfly Surveys","Vermont Center for Ecostudies","Vermont Center for Ecostudies","cc by nc 4.0","Vermont Center for Ecostudies"
"Thorybes pylades",1921,6,"00:00:00","1921-06-16T00:00:00","occurrence",NA,1,45.564042,-73.179013,"gbif","GBIF","eButterfly Surveys","Vermont Center for Ecostudies","Vermont Center for Ecostudies","cc by nc 4.0","Vermont Center for Ecostudies"
"Colias philodice",1921,7,"00:00:00","1921-07-07T00:00:00","occurrence",NA,1,45.274509,-71.97394,"gbif","GBIF","eButterfly Surveys","Vermont Center for Ecostudies","Vermont Center for Ecostudies","cc by nc 4.0","Vermont Center for Ecostudies"
"Speyeria aphrodite",1921,7,"00:00:00","1921-07-10T00:00:00","occurrence",NA,1,45.875457,-74.082091,"gbif","GBIF","eButterfly Surveys","Vermont Center for Ecostudies","Vermont Center for Ecostudies","cc by nc 4.0","Vermont Center for Ecostudies"
"Colias philodice",1921,7,"00:00:00","1921-07-17T00:00:00","abundance",NA,2,45.501689,-73.567256,"gbif","GBIF","eButterfly Surveys","Vermont Center for Ecostudies","Vermont Center for Ecostudies","cc by nc 4.0","Vermont Center for Ecostudies"
"Lycaena phlaeas",1921,7,"00:00:00","1921-07-19T00:00:00","occurrence",NA,1,45.501689,-73.567256,"gbif","GBIF","eButterfly Surveys","Vermont Center for Ecostudies","Vermont Center for Ecostudies","cc by nc 4.0","Vermont Center for Ecostudies"
"Colias philodice",1921,8,"00:00:00","1921-08-20T00:00:00","occurrence",NA,1,45.875457,-74.082091,"gbif","GBIF","eButterfly Surveys","Vermont Center for Ecostudies","Vermont Center for Ecostudies","cc by nc 4.0","Vermont Center for Ecostudies"
"Colias philodice",1921,7,"00:00:00","1921-07-09T00:00:00","occurrence",NA,1,45.274509,-71.97394,"gbif","GBIF","eButterfly Surveys","Vermont Center for Ecostudies","Vermont Center for Ecostudies","cc by nc 4.0","Vermont Center for Ecostudies"
"Amblyscirtes vialis",1921,5,"00:00:00","1921-05-19T00:00:00","occurrence",NA,1,45.923754,-74.467349,"gbif","GBIF","eButterfly Surveys","Vermont Center for Ecostudies","Vermont Center for Ecostudies","cc by nc 4.0","Vermont Center for Ecostudies"
"Chlosyne nycteis",1921,5,"00:00:00","1921-05-24T00:00:00","occurrence",NA,1,45.564042,-73.179013,"gbif","GBIF","eButterfly Surveys","Vermont Center for Ecostudies","Vermont Center for Ecostudies","cc by nc 4.0","Vermont Center for Ecostudies"
"Euphyes vestris",1921,6,"00:00:00","1921-06-16T00:00:00","occurrence",NA,1,45.564042,-73.179013,"gbif","GBIF","eButterfly Surveys","Vermont Center for Ecostudies","Vermont Center for Ecostudies","cc by nc 4.0","Vermont Center for Ecostudies"
"Cercyonis pegala",1921,7,"00:00:00","1921-07-07T00:00:00","occurrence",NA,1,45.274509,-71.97394,"gbif","GBIF","eButterfly Surveys","Vermont Center for Ecostudies","Vermont Center for Ecostudies","cc by nc 4.0","Vermont Center for Ecostudies"
"Lycaena phlaeas",1921,7,"00:00:00","1921-07-14T00:00:00","occurrence",NA,1,45.875457,-74.082091,"gbif","GBIF","eButterfly Surveys","Vermont Center for Ecostudies","Vermont Center for Ecostudies","cc by nc 4.0","Vermont Center for Ecostudies"
"Pieris rapae",1921,5,"00:00:00","1921-05-08T00:00:00","abundance",NA,3,45.442607,-74.105223,"gbif","GBIF","eButterfly Surveys","Vermont Center for Ecostudies","Vermont Center for Ecostudies","cc by nc 4.0","Vermont Center for Ecostudies"
"Erynnis lucilius",1921,8,"00:00:00","1921-08-26T00:00:00","occurrence",NA,1,45.564042,-73.179013,"gbif","GBIF","eButterfly Surveys","Vermont Center for Ecostudies","Vermont Center for Ecostudies","cc by nc 4.0","Vermont Center for Ecostudies"
"Pontia protodice",1921,9,"00:00:00","1921-09-18T00:00:00","occurrence",NA,1,45.501689,-73.567256,"gbif","GBIF","eButterfly Surveys","Vermont Center for Ecostudies","Vermont Center for Ecostudies","cc by nc 4.0","Vermont Center for Ecostudies"
"Nymphalis l-album",1921,4,"00:00:00","1921-04-25T00:00:00","occurrence",NA,1,45.501689,-73.567256,"gbif","GBIF","eButterfly Surveys","Vermont Center for Ecostudies","Vermont Center for Ecostudies","cc by nc 4.0","Vermont Center for Ecostudies"
"Nymphalis antiopa",1921,4,"00:00:00","1921-04-03T00:00:00","occurrence",NA,1,45.501689,-73.567256,"gbif","GBIF","eButterfly Surveys","Vermont Center for Ecostudies","Vermont Center for Ecostudies","cc by nc 4.0","Vermont Center for Ecostudies"
"Pieris oleracea",1921,5,"00:00:00","1921-05-01T00:00:00","occurrence",NA,1,45.875457,-74.082091,"gbif","GBIF","eButterfly Surveys","Vermont Center for Ecostudies","Vermont Center for Ecostudies","cc by nc 4.0","Vermont Center for Ecostudies"
"Lethe anthedon",1921,6,"00:00:00","1921-06-12T00:00:00","occurrence",NA,1,45.501689,-73.567256,"gbif","GBIF","eButterfly Surveys","Vermont Center for Ecostudies","Vermont Center for Ecostudies","cc by nc 4.0","Vermont Center for Ecostudies"
"Megisto cymela",1921,6,"00:00:00","1921-06-05T00:00:00","occurrence",NA,1,45.501689,-73.567256,"gbif","GBIF","eButterfly Surveys","Vermont Center for Ecostudies","Vermont Center for Ecostudies","cc by nc 4.0","Vermont Center for Ecostudies"
"Papilio polyxenes",1921,8,"00:00:00","1921-08-02T00:00:00","occurrence",NA,1,45.993107,-73.29848,"gbif","GBIF","eButterfly Surveys","Vermont Center for Ecostudies","Vermont Center for Ecostudies","cc by nc 4.0","Vermont Center for Ecostudies"
"Boloria bellona",1921,5,"00:00:00","1921-05-08T00:00:00","abundance",NA,4,45.442607,-74.105223,"gbif","GBIF","eButterfly Surveys","Vermont Center for Ecostudies","Vermont Center for Ecostudies","cc by nc 4.0","Vermont Center for Ecostudies"
"Erora laeta",1921,5,"00:00:00","1921-05-19T00:00:00","occurrence",NA,1,45.923754,-74.467349,"gbif","GBIF","eButterfly Surveys","Vermont Center for Ecostudies","Vermont Center for Ecostudies","cc by nc 4.0","Vermont Center for Ecostudies"
"Thorybes pylades",1921,6,"00:00:00","1921-06-18T00:00:00","occurrence",NA,1,45.564042,-73.179013,"gbif","GBIF","eButterfly Surveys","Vermont Center for Ecostudies","Vermont Center for Ecostudies","cc by nc 4.0","Vermont Center for Ecostudies"
"Polygonia faunus",1921,7,"00:00:00","1921-07-16T00:00:00","occurrence",NA,1,45.923754,-74.467349,"gbif","GBIF","eButterfly Surveys","Vermont Center for Ecostudies","Vermont Center for Ecostudies","cc by nc 4.0","Vermont Center for Ecostudies"
"Colias philodice",1921,5,"00:00:00","1921-05-08T00:00:00","occurrence",NA,1,45.442607,-74.105223,"gbif","GBIF","eButterfly Surveys","Vermont Center for Ecostudies","Vermont Center for Ecostudies","cc by nc 4.0","Vermont Center for Ecostudies"
"Colias philodice",1921,10,"00:00:00","1921-10-14T00:00:00","occurrence",NA,1,45.501689,-73.567256,"gbif","GBIF","eButterfly Surveys","Vermont Center for Ecostudies","Vermont Center for Ecostudies","cc by nc 4.0","Vermont Center for Ecostudies"
"Nymphalis l-album",1921,7,"00:00:00","1921-07-23T00:00:00","occurrence",NA,1,45.501689,-73.567256,"gbif","GBIF","eButterfly Surveys","Vermont Center for Ecostudies","Vermont Center for Ecostudies","cc by nc 4.0","Vermont Center for Ecostudies"
"Papilio polyxenes",1921,7,"00:00:00","1921-07-05T00:00:00","occurrence",NA,1,45.501689,-73.567256,"gbif","GBIF","eButterfly Surveys","Vermont Center for Ecostudies","Vermont Center for Ecostudies","cc by nc 4.0","Vermont Center for Ecostudies"
"Pieris rapae",1921,5,"00:00:00","1921-05-14T00:00:00","occurrence",NA,1,45.564042,-73.179013,"gbif","GBIF","eButterfly Surveys","Vermont Center for Ecostudies","Vermont Center for Ecostudies","cc by nc 4.0","Vermont Center for Ecostudies"
"Satyrium calanus",1921,6,"00:00:00","1921-06-25T00:00:00","occurrence",NA,1,45.501689,-73.567256,"gbif","GBIF","eButterfly Surveys","Vermont Center for Ecostudies","Vermont Center for Ecostudies","cc by nc 4.0","Vermont Center for Ecostudies"
"Lethe eurydice",1921,7,"00:00:00","1921-07-09T00:00:00","occurrence",NA,1,45.501689,-73.567256,"gbif","GBIF","eButterfly Surveys","Vermont Center for Ecostudies","Vermont Center for Ecostudies","cc by nc 4.0","Vermont Center for Ecostudies"
"Erynnis lucilius",1921,9,"00:00:00","1921-09-05T00:00:00","occurrence",NA,1,45.564042,-73.179013,"gbif","GBIF","eButterfly Surveys","Vermont Center for Ecostudies","Vermont Center for Ecostudies","cc by nc 4.0","Vermont Center for Ecostudies"
"Polites themistocles",1921,6,"00:00:00","1921-06-18T00:00:00","occurrence",NA,1,45.564042,-73.179013,"gbif","GBIF","eButterfly Surveys","Vermont Center for Ecostudies","Vermont Center for Ecostudies","cc by nc 4.0","Vermont Center for Ecostudies"
"Speyeria aphrodite",1921,7,"00:00:00","1921-07-09T00:00:00","occurrence",NA,1,45.274509,-71.97394,"gbif","GBIF","eButterfly Surveys","Vermont Center for Ecostudies","Vermont Center for Ecostudies","cc by nc 4.0","Vermont Center for Ecostudies"
"Boloria bellona",1921,7,"00:00:00","1921-07-23T00:00:00","occurrence",NA,1,45.301781,-72.278871,"gbif","GBIF","eButterfly Surveys","Vermont Center for Ecostudies","Vermont Center for Ecostudies","cc by nc 4.0","Vermont Center for Ecostudies"
"Polygonia faunus",1921,8,"00:00:00","1921-08-06T00:00:00","occurrence",NA,1,45.875457,-74.082091,"gbif","GBIF","eButterfly Surveys","Vermont Center for Ecostudies","Vermont Center for Ecostudies","cc by nc 4.0","Vermont Center for Ecostudies"
"Celastrina lucia",1921,5,"00:00:00","1921-05-09T00:00:00","occurrence",NA,1,45.923754,-74.467349,"gbif","GBIF","eButterfly Surveys","Vermont Center for Ecostudies","Vermont Center for Ecostudies","cc by nc 4.0","Vermont Center for Ecostudies"
"Colias philodice",1921,7,"00:00:00","1921-07-11T00:00:00","occurrence",NA,1,45.274509,-71.97394,"gbif","GBIF","eButterfly Surveys","Vermont Center for Ecostudies","Vermont Center for Ecostudies","cc by nc 4.0","Vermont Center for Ecostudies"
"Celastrina lucia",1921,5,"00:00:00","1921-05-01T00:00:00","abundance",NA,5,45.875457,-74.082091,"gbif","GBIF","eButterfly Surveys","Vermont Center for Ecostudies","Vermont Center for Ecostudies","cc by nc 4.0","Vermont Center for Ecostudies"
"Phyciodes cocyta",1921,7,"00:00:00","1921-07-09T00:00:00","occurrence",NA,1,45.501689,-73.567256,"gbif","GBIF","eButterfly Surveys","Vermont Center for Ecostudies","Vermont Center for Ecostudies","cc by nc 4.0","Vermont Center for Ecostudies"
"Chlosyne nycteis",1921,5,"00:00:00","1921-05-28T00:00:00","occurrence",NA,1,45.501689,-73.567256,"gbif","GBIF","eButterfly Surveys","Vermont Center for Ecostudies","Vermont Center for Ecostudies","cc by nc 4.0","Vermont Center for Ecostudies"
"Megisto cymela",1921,6,"00:00:00","1921-06-12T00:00:00","abundance",NA,2,45.501689,-73.567256,"gbif","GBIF","eButterfly Surveys","Vermont Center for Ecostudies","Vermont Center for Ecostudies","cc by nc 4.0","Vermont Center for Ecostudies"
"Colias philodice",1921,8,"00:00:00","1921-08-05T00:00:00","occurrence",NA,1,45.501689,-73.567256,"gbif","GBIF","eButterfly Surveys","Vermont Center for Ecostudies","Vermont Center for Ecostudies","cc by nc 4.0","Vermont Center for Ecostudies"
"Erynnis icelus",1921,5,"00:00:00","1921-05-20T00:00:00","occurrence",NA,1,45.923754,-74.467349,"gbif","GBIF","eButterfly Surveys","Vermont Center for Ecostudies","Vermont Center for Ecostudies","cc by nc 4.0","Vermont Center for Ecostudies"
"Chlosyne nycteis",1921,6,"00:00:00","1921-06-04T00:00:00","occurrence",NA,1,45.512582,-73.646831,"gbif","GBIF","eButterfly Surveys","Vermont Center for Ecostudies","Vermont Center for Ecostudies","cc by nc 4.0","Vermont Center for Ecostudies"
"Cercyonis pegala",1921,7,"00:00:00","1921-07-16T00:00:00","occurrence",NA,1,45.923754,-74.467349,"gbif","GBIF","eButterfly Surveys","Vermont Center for Ecostudies","Vermont Center for Ecostudies","cc by nc 4.0","Vermont Center for Ecostudies"
"Speyeria aphrodite",1921,7,"00:00:00","1921-07-23T00:00:00","abundance",NA,3,45.301781,-72.278871,"gbif","GBIF","eButterfly Surveys","Vermont Center for Ecostudies","Vermont Center for Ecostudies","cc by nc 4.0","Vermont Center for Ecostudies"
"Celastrina lucia",1921,5,"00:00:00","1921-05-08T00:00:00","abundance",NA,6,45.442607,-74.105223,"gbif","GBIF","eButterfly Surveys","Vermont Center for Ecostudies","Vermont Center for Ecostudies","cc by nc 4.0","Vermont Center for Ecostudies"
"Pieris oleracea",1921,5,"00:00:00","1921-05-09T00:00:00","occurrence",NA,1,45.923754,-74.467349,"gbif","GBIF","eButterfly Surveys","Vermont Center for Ecostudies","Vermont Center for Ecostudies","cc by nc 4.0","Vermont Center for Ecostudies"
"Satyrium titus",1921,6,"00:00:00","1921-06-25T00:00:00","occurrence",NA,1,45.501689,-73.567256,"gbif","GBIF","eButterfly Surveys","Vermont Center for Ecostudies","Vermont Center for Ecostudies","cc by nc 4.0","Vermont Center for Ecostudies"
"Satyrium calanus",1921,7,"00:00:00","1921-07-01T00:00:00","abundance",NA,7,45.501689,-73.567256,"gbif","GBIF","eButterfly Surveys","Vermont Center for Ecostudies","Vermont Center for Ecostudies","cc by nc 4.0","Vermont Center for Ecostudies"
"Phyciodes cocyta",1921,7,"00:00:00","1921-07-02T00:00:00","occurrence",NA,1,45.564042,-73.179013,"gbif","GBIF","eButterfly Surveys","Vermont Center for Ecostudies","Vermont Center for Ecostudies","cc by nc 4.0","Vermont Center for Ecostudies"
"Pieris oleracea",1921,7,"00:00:00","1921-07-03T00:00:00","abundance",NA,2,45.274509,-71.97394,"gbif","GBIF","eButterfly Surveys","Vermont Center for Ecostudies","Vermont Center for Ecostudies","cc by nc 4.0","Vermont Center for Ecostudies"
"Pieris virginiensis",1921,5,"00:00:00","1921-05-14T00:00:00","abundance",NA,2,45.564042,-73.179013,"gbif","GBIF","eButterfly Surveys","Vermont Center for Ecostudies","Vermont Center for Ecostudies","cc by nc 4.0","Vermont Center for Ecostudies"
"Polites mystic",1921,6,"00:00:00","1921-06-18T00:00:00","occurrence",NA,1,45.564042,-73.179013,"gbif","GBIF","eButterfly Surveys","Vermont Center for Ecostudies","Vermont Center for Ecostudies","cc by nc 4.0","Vermont Center for Ecostudies"
"Boloria bellona",1921,7,"00:00:00","1921-07-04T00:00:00","occurrence",NA,1,45.875457,-74.082091,"gbif","GBIF","eButterfly Surveys","Vermont Center for Ecostudies","Vermont Center for Ecostudies","cc by nc 4.0","Vermont Center for Ecostudies"
"Wallengrenia egeremet",1921,7,"00:00:00","1921-07-16T00:00:00","occurrence",NA,1,45.564042,-73.179013,"gbif","GBIF","eButterfly Surveys","Vermont Center for Ecostudies","Vermont Center for Ecostudies","cc by nc 4.0","Vermont Center for Ecostudies"
"Speyeria atlantis",1921,7,"00:00:00","1921-07-24T00:00:00","occurrence",NA,1,45.875457,-74.082091,"gbif","GBIF","eButterfly Surveys","Vermont Center for Ecostudies","Vermont Center for Ecostudies","cc by nc 4.0","Vermont Center for Ecostudies"
"Nymphalis l-album",1921,8,"00:00:00","1921-08-06T00:00:00","occurrence",NA,1,45.875457,-74.082091,"gbif","GBIF","eButterfly Surveys","Vermont Center for Ecostudies","Vermont Center for Ecostudies","cc by nc 4.0","Vermont Center for Ecostudies"
"Polites peckius",1921,7,"00:00:00","1921-07-09T00:00:00","occurrence",NA,1,45.274509,-71.97394,"gbif","GBIF","eButterfly Surveys","Vermont Center for Ecostudies","Vermont Center for Ecostudies","cc by nc 4.0","Vermont Center for Ecostudies"
"Colias philodice",1921,10,"00:00:00","1921-10-13T00:00:00","abundance",NA,2,45.501689,-73.567256,"gbif","GBIF","eButterfly Surveys","Vermont Center for Ecostudies","Vermont Center for Ecostudies","cc by nc 4.0","Vermont Center for Ecostudies"
"Polygonia comma",1921,7,"00:00:00","1921-07-01T00:00:00","occurrence",NA,1,45.501689,-73.567256,"gbif","GBIF","eButterfly Surveys","Vermont Center for Ecostudies","Vermont Center for Ecostudies","cc by nc 4.0","Vermont Center for Ecostudies"
"Satyrium titus",1921,7,"00:00:00","1921-07-09T00:00:00","occurrence",NA,1,45.501689,-73.567256,"gbif","GBIF","eButterfly Surveys","Vermont Center for Ecostudies","Vermont Center for Ecostudies","cc by nc 4.0","Vermont Center for Ecostudies"
"Celastrina lucia",1921,5,"00:00:00","1921-05-03T00:00:00","occurrence",NA,1,45.501689,-73.567256,"gbif","GBIF","eButterfly Surveys","Vermont Center for Ecostudies","Vermont Center for Ecostudies","cc by nc 4.0","Vermont Center for Ecostudies"
"Limenitis archippus",1921,8,"00:00:00","1921-08-28T00:00:00","occurrence",NA,1,45.501689,-73.567256,"gbif","GBIF","eButterfly Surveys","Vermont Center for Ecostudies","Vermont Center for Ecostudies","cc by nc 4.0","Vermont Center for Ecostudies"
"Megisto cymela",1921,5,"00:00:00","1921-05-26T00:00:00","occurrence",NA,1,45.501689,-73.567256,"gbif","GBIF","eButterfly Surveys","Vermont Center for Ecostudies","Vermont Center for Ecostudies","cc by nc 4.0","Vermont Center for Ecostudies"
"Cercyonis pegala",1921,7,"00:00:00","1921-07-16T00:00:00","occurrence",NA,1,45.564042,-73.179013,"gbif","GBIF","eButterfly Surveys","Vermont Center for Ecostudies","Vermont Center for Ecostudies","cc by nc 4.0","Vermont Center for Ecostudies"
"Erora laeta",1921,4,"00:00:00","1921-04-30T00:00:00","occurrence",NA,1,45.185861,-71.936715,"gbif","GBIF","eButterfly Surveys","Vermont Center for Ecostudies","Vermont Center for Ecostudies","cc by nc 4.0","Vermont Center for Ecostudies"
"Boloria selene",1921,7,"00:00:00","1921-07-10T00:00:00","occurrence",NA,1,45.923754,-74.467349,"gbif","GBIF","eButterfly Surveys","Vermont Center for Ecostudies","Vermont Center for Ecostudies","cc by nc 4.0","Vermont Center for Ecostudies"
"Phyciodes cocyta",1921,7,"00:00:00","1921-07-16T00:00:00","occurrence",NA,1,45.564042,-73.179013,"gbif","GBIF","eButterfly Surveys","Vermont Center for Ecostudies","Vermont Center for Ecostudies","cc by nc 4.0","Vermont Center for Ecostudies"
"Plebejus saepiolus",1921,7,"00:00:00","1921-07-29T00:00:00","occurrence",NA,1,45.875457,-74.082091,"gbif","GBIF","eButterfly Surveys","Vermont Center for Ecostudies","Vermont Center for Ecostudies","cc by nc 4.0","Vermont Center for Ecostudies"
"Nymphalis antiopa",1921,8,"00:00:00","1921-08-19T00:00:00","occurrence",NA,1,45.875457,-74.082091,"gbif","GBIF","eButterfly Surveys","Vermont Center for Ecostudies","Vermont Center for Ecostudies","cc by nc 4.0","Vermont Center for Ecostudies"
"Pieris oleracea",1921,7,"00:00:00","1921-07-09T00:00:00","occurrence",NA,1,45.274509,-71.97394,"gbif","GBIF","eButterfly Surveys","Vermont Center for Ecostudies","Vermont Center for Ecostudies","cc by nc 4.0","Vermont Center for Ecostudies"
"Celastrina ladon",1921,5,"00:00:00","1921-05-18T00:00:00","occurrence",NA,1,45.8833,-74.4667,"gbif","GBIF","Lyman Entomological Museum","Canadian Biodiversity Information Facility","Canadian Biodiversity Information Facility","cc0 1.0","Canadian Biodiversity Information Facility"
"Celastrina ladon",1921,5,"00:00:00","1921-05-09T00:00:00","occurrence",NA,1,45.8833,-74.4667,"gbif","GBIF","Lyman Entomological Museum","Canadian Biodiversity Information Facility","Canadian Biodiversity Information Facility","cc0 1.0","Canadian Biodiversity Information Facility"
"Speyeria aphrodite",1921,9,"00:00:00","1921-09-09T00:00:00","occurrence",NA,1,45.2833,-71.9667,"gbif","GBIF","Lyman Entomological Museum","Canadian Biodiversity Information Facility","Canadian Biodiversity Information Facility","cc0 1.0","Canadian Biodiversity Information Facility"
"Boloria bellona",1921,5,"00:00:00","1921-05-08T00:00:00","occurrence",NA,1,45.45,-74.1167,"gbif","GBIF","Lyman Entomological Museum","Canadian Biodiversity Information Facility","Canadian Biodiversity Information Facility","cc0 1.0","Canadian Biodiversity Information Facility"
"Celastrina neglecta",1921,7,"00:00:00","1921-07-02T00:00:00","occurrence",NA,1,45.5,-73.5833,"gbif","GBIF","Lyman Entomological Museum","Canadian Biodiversity Information Facility","Canadian Biodiversity Information Facility","cc0 1.0","Canadian Biodiversity Information Facility"
"Pieris rapae",1921,5,"00:00:00","1921-05-09T00:00:00","occurrence",NA,1,45.5,-73.5833,"gbif","GBIF","Lyman Entomological Museum","Canadian Biodiversity Information Facility","Canadian Biodiversity Information Facility","cc0 1.0","Canadian Biodiversity Information Facility"
"Polygonia faunus",1921,7,"00:00:00","1921-07-16T00:00:00","occurrence",NA,1,45.8833,-74.4667,"gbif","GBIF","Lyman Entomological Museum","Canadian Biodiversity Information Facility","Canadian Biodiversity Information Facility","cc0 1.0","Canadian Biodiversity Information Facility"
"Chlosyne nycteis",1921,6,"00:00:00","1921-06-04T00:00:00","occurrence",NA,1,45.5,-73.6,"gbif","GBIF","Lyman Entomological Museum","Canadian Biodiversity Information Facility","Canadian Biodiversity Information Facility","cc0 1.0","Canadian Biodiversity Information Facility"
"Colias philodice",1921,10,"00:00:00","1921-10-13T00:00:00","occurrence",NA,1,45.5,-73.5833,"gbif","GBIF","Lyman Entomological Museum","Canadian Biodiversity Information Facility","Canadian Biodiversity Information Facility","cc0 1.0","Canadian Biodiversity Information Facility"
"Colias philodice",1921,8,"00:00:00","1921-08-05T00:00:00","occurrence",NA,1,45.5,-73.5833,"gbif","GBIF","Lyman Entomological Museum","Canadian Biodiversity Information Facility","Canadian Biodiversity Information Facility","cc0 1.0","Canadian Biodiversity Information Facility"
"Colias philodice",1921,10,"00:00:00","1921-10-17T00:00:00","occurrence",NA,1,45.5,-73.5833,"gbif","GBIF","Lyman Entomological Museum","Canadian Biodiversity Information Facility","Canadian Biodiversity Information Facility","cc0 1.0","Canadian Biodiversity Information Facility"
"Erora laeta",1921,4,"00:00:00","1921-04-30T00:00:00","occurrence",NA,1,45.1833,-71.9333,"gbif","GBIF","Lyman Entomological Museum","Canadian Biodiversity Information Facility","Canadian Biodiversity Information Facility","cc0 1.0","Canadian Biodiversity Information Facility"
"Erora laeta",1921,5,"00:00:00","1921-05-19T00:00:00","occurrence",NA,1,45.8833,-74.4667,"gbif","GBIF","Lyman Entomological Museum","Canadian Biodiversity Information Facility","Canadian Biodiversity Information Facility","cc0 1.0","Canadian Biodiversity Information Facility"
"Pontia protodice",1921,9,"00:00:00","1921-09-18T00:00:00","occurrence",NA,1,45.5,-73.5833,"gbif","GBIF","Lyman Entomological Museum","Canadian Biodiversity Information Facility","Canadian Biodiversity Information Facility","cc0 1.0","Canadian Biodiversity Information Facility"
"Colias philodice",1921,10,"00:00:00","1921-10-15T00:00:00","occurrence",NA,1,45.8833,-74.4667,"gbif","GBIF","Lyman Entomological Museum","Canadian Biodiversity Information Facility","Canadian Biodiversity Information Facility","cc0 1.0","Canadian Biodiversity Information Facility"
"Colias philodice",1921,10,"00:00:00","1921-10-14T00:00:00","occurrence",NA,1,45.5,-73.5833,"gbif","GBIF","Lyman Entomological Museum","Canadian Biodiversity Information Facility","Canadian Biodiversity Information Facility","cc0 1.0","Canadian Biodiversity Information Facility"
"Papilio polyxenes",1921,8,"00:00:00","1921-08-02T00:00:00","occurrence",NA,1,45.4167,-73.9333,"gbif","GBIF","Lyman Entomological Museum","Canadian Biodiversity Information Facility","Canadian Biodiversity Information Facility","cc0 1.0","Canadian Biodiversity Information Facility"
"Speyeria cybele",1921,7,"00:00:00","1921-07-07T00:00:00","occurrence",NA,1,45.2833,-71.9667,"gbif","GBIF","Lyman Entomological Museum","Canadian Biodiversity Information Facility","Canadian Biodiversity Information Facility","cc0 1.0","Canadian Biodiversity Information Facility"
"Pieris rapae",1921,5,"00:00:00","1921-05-08T00:00:00","occurrence",NA,1,45.45,-74.1167,"gbif","GBIF","Lyman Entomological Museum","Canadian Biodiversity Information Facility","Canadian Biodiversity Information Facility","cc0 1.0","Canadian Biodiversity Information Facility"
"Pieris rapae",1921,7,"00:00:00","1921-07-09T00:00:00","occurrence",NA,1,45.2833,-71.9667,"gbif","GBIF","Lyman Entomological Museum","Canadian Biodiversity Information Facility","Canadian Biodiversity Information Facility","cc0 1.0","Canadian Biodiversity Information Facility"
"Polites peckius",1921,7,"00:00:00","1921-07-09T00:00:00","occurrence",NA,1,45.2833,-71.9667,"gbif","GBIF","Lyman Entomological Museum","Canadian Biodiversity Information Facility","Canadian Biodiversity Information Facility","cc0 1.0","Canadian Biodiversity Information Facility"
"Pieris oleracea",1921,5,"00:00:00","1921-05-08T00:00:00","occurrence",NA,1,45.45,-74.1167,"gbif","GBIF","Lyman Entomological Museum","Canadian Biodiversity Information Facility","Canadian Biodiversity Information Facility","cc0 1.0","Canadian Biodiversity Information Facility"
"Colias philodice",1921,7,"00:00:00","1921-07-11T00:00:00","occurrence",NA,1,45.2833,-71.9667,"gbif","GBIF","Lyman Entomological Museum","Canadian Biodiversity Information Facility","Canadian Biodiversity Information Facility","cc0 1.0","Canadian Biodiversity Information Facility"
"Colias philodice",1921,7,"00:00:00","1921-07-07T00:00:00","occurrence",NA,1,45.2833,-71.9667,"gbif","GBIF","Lyman Entomological Museum","Canadian Biodiversity Information Facility","Canadian Biodiversity Information Facility","cc0 1.0","Canadian Biodiversity Information Facility"
"Celastrina ladon",1921,5,"00:00:00","1921-05-08T00:00:00","occurrence",NA,1,45.45,-74.1167,"gbif","GBIF","Lyman Entomological Museum","Canadian Biodiversity Information Facility","Canadian Biodiversity Information Facility","cc0 1.0","Canadian Biodiversity Information Facility"
"Pieris oleracea",1921,7,"00:00:00","1921-07-03T00:00:00","occurrence",NA,1,45.2833,-71.9667,"gbif","GBIF","Lyman Entomological Museum","Canadian Biodiversity Information Facility","Canadian Biodiversity Information Facility","cc0 1.0","Canadian Biodiversity Information Facility"
"Pieris oleracea",1921,5,"00:00:00","1921-05-09T00:00:00","occurrence",NA,1,45.8833,-74.4667,"gbif","GBIF","Lyman Entomological Museum","Canadian Biodiversity Information Facility","Canadian Biodiversity Information Facility","cc0 1.0","Canadian Biodiversity Information Facility"
"Pieris oleracea",1921,7,"00:00:00","1921-07-09T00:00:00","occurrence",NA,1,45.2833,-71.9667,"gbif","GBIF","Lyman Entomological Museum","Canadian Biodiversity Information Facility","Canadian Biodiversity Information Facility","cc0 1.0","Canadian Biodiversity Information Facility"
"Boloria selene",1921,7,"00:00:00","1921-07-10T00:00:00","occurrence",NA,1,45.8833,-74.4667,"gbif","GBIF","Lyman Entomological Museum","Canadian Biodiversity Information Facility","Canadian Biodiversity Information Facility","cc0 1.0","Canadian Biodiversity Information Facility"
"Celastrina ladon",1921,5,"00:00:00","1921-05-08T00:00:00","occurrence",NA,1,45.45,-74.1167,"gbif","GBIF","Lyman Entomological Museum","Canadian Biodiversity Information Facility","Canadian Biodiversity Information Facility","cc0 1.0","Canadian Biodiversity Information Facility"
"Poanes hobomok",1921,6,"00:00:00","1921-06-04T00:00:00","occurrence",NA,1,45.5,-73.6,"gbif","GBIF","Lyman Entomological Museum","Canadian Biodiversity Information Facility","Canadian Biodiversity Information Facility","cc0 1.0","Canadian Biodiversity Information Facility"
"Boloria bellona",1921,5,"00:00:00","1921-05-08T00:00:00","occurrence",NA,1,45.45,-74.1167,"gbif","GBIF","Lyman Entomological Museum","Canadian Biodiversity Information Facility","Canadian Biodiversity Information Facility","cc0 1.0","Canadian Biodiversity Information Facility"
"Boloria bellona",1921,5,"00:00:00","1921-05-07T00:00:00","occurrence",NA,1,45.45,-74.15,"gbif","GBIF","Lyman Entomological Museum","Canadian Biodiversity Information Facility","Canadian Biodiversity Information Facility","cc0 1.0","Canadian Biodiversity Information Facility"
"Boloria bellona",1921,7,"00:00:00","1921-07-23T00:00:00","occurrence",NA,1,45.3833,-72.2,"gbif","GBIF","Lyman Entomological Museum","Canadian Biodiversity Information Facility","Canadian Biodiversity Information Facility","cc0 1.0","Canadian Biodiversity Information Facility"
"Erynnis icelus",1921,5,"00:00:00","1921-05-20T00:00:00","occurrence",NA,1,45.8833,-74.4667,"gbif","GBIF","Lyman Entomological Museum","Canadian Biodiversity Information Facility","Canadian Biodiversity Information Facility","cc0 1.0","Canadian Biodiversity Information Facility"
"Colias philodice",1921,7,"00:00:00","1921-07-09T00:00:00","occurrence",NA,1,45.2833,-71.9667,"gbif","GBIF","Lyman Entomological Museum","Canadian Biodiversity Information Facility","Canadian Biodiversity Information Facility","cc0 1.0","Canadian Biodiversity Information Facility"
"Colias philodice",1921,5,"00:00:00","1921-05-05T00:00:00","occurrence",NA,1,45.45,-74.1167,"gbif","GBIF","Lyman Entomological Museum","Canadian Biodiversity Information Facility","Canadian Biodiversity Information Facility","cc0 1.0","Canadian Biodiversity Information Facility"
"Cercyonis pegala",1921,7,"00:00:00","1921-07-07T00:00:00","occurrence",NA,1,45.2833,-71.9667,"gbif","GBIF","Lyman Entomological Museum","Canadian Biodiversity Information Facility","Canadian Biodiversity Information Facility","cc0 1.0","Canadian Biodiversity Information Facility"
"Cercyonis pegala",1921,7,"00:00:00","1921-07-09T00:00:00","occurrence",NA,1,45.2833,-71.9667,"gbif","GBIF","Lyman Entomological Museum","Canadian Biodiversity Information Facility","Canadian Biodiversity Information Facility","cc0 1.0","Canadian Biodiversity Information Facility"
"Cercyonis pegala",1921,7,"00:00:00","1921-07-05T00:00:00","occurrence",NA,1,45.2833,-71.9667,"gbif","GBIF","Lyman Entomological Museum","Canadian Biodiversity Information Facility","Canadian Biodiversity Information Facility","cc0 1.0","Canadian Biodiversity Information Facility"
"Amblyscirtes vialis",1921,5,"00:00:00","1921-05-19T00:00:00","occurrence",NA,1,45.8833,-74.4667,"gbif","GBIF","Lyman Entomological Museum","Canadian Biodiversity Information Facility","Canadian Biodiversity Information Facility","cc0 1.0","Canadian Biodiversity Information Facility"
"Lycaena phlaeas",1921,7,"00:00:00","1921-07-16T00:00:00","occurrence",NA,1,45.8833,-74.4667,"gbif","GBIF","Lyman Entomological Museum","Canadian Biodiversity Information Facility","Canadian Biodiversity Information Facility","cc0 1.0","Canadian Biodiversity Information Facility"
"Lycaena phlaeas",1921,7,"00:00:00","1921-07-24T00:00:00","occurrence",NA,1,45.8833,-74.4667,"gbif","GBIF","Lyman Entomological Museum","Canadian Biodiversity Information Facility","Canadian Biodiversity Information Facility","cc0 1.0","Canadian Biodiversity Information Facility"
"Lycaena phlaeas",1921,7,"00:00:00","1921-07-19T00:00:00","occurrence",NA,1,45.5,-73.5833,"gbif","GBIF","Lyman Entomological Museum","Canadian Biodiversity Information Facility","Canadian Biodiversity Information Facility","cc0 1.0","Canadian Biodiversity Information Facility"
"Colias philodice",1921,7,"00:00:00","1921-07-01T00:00:00","occurrence",NA,1,45.564042,-73.179013,"gbif","GBIF","eButterfly Surveys","Vermont Center for Ecostudies","Vermont Center for Ecostudies","cc by nc 4.0","Vermont Center for Ecostudies"
"Colias philodice",1921,8,"00:00:00","1921-08-30T00:00:00","occurrence",NA,1,45.501689,-73.567256,"gbif","GBIF","eButterfly Surveys","Vermont Center for Ecostudies","Vermont Center for Ecostudies","cc by nc 4.0","Vermont Center for Ecostudies"
"Amblyscirtes hegon",1921,5,"00:00:00","1921-05-24T00:00:00","abundance",NA,3,45.564042,-73.179013,"gbif","GBIF","eButterfly Surveys","Vermont Center for Ecostudies","Vermont Center for Ecostudies","cc by nc 4.0","Vermont Center for Ecostudies"
"Wallengrenia egeremet",1921,6,"00:00:00","1921-06-16T00:00:00","occurrence",NA,1,45.564042,-73.179013,"gbif","GBIF","eButterfly Surveys","Vermont Center for Ecostudies","Vermont Center for Ecostudies","cc by nc 4.0","Vermont Center for Ecostudies"
"Speyeria cybele",1921,7,"00:00:00","1921-07-07T00:00:00","occurrence",NA,1,45.274509,-71.97394,"gbif","GBIF","eButterfly Surveys","Vermont Center for Ecostudies","Vermont Center for Ecostudies","cc by nc 4.0","Vermont Center for Ecostudies"
"Lycaena phlaeas",1921,7,"00:00:00","1921-07-20T00:00:00","occurrence",NA,1,45.923754,-74.467349,"gbif","GBIF","eButterfly Surveys","Vermont Center for Ecostudies","Vermont Center for Ecostudies","cc by nc 4.0","Vermont Center for Ecostudies"
"Nymphalis antiopa",1921,8,"00:00:00","1921-08-04T00:00:00","abundance",NA,2,45.875457,-74.082091,"gbif","GBIF","eButterfly Surveys","Vermont Center for Ecostudies","Vermont Center for Ecostudies","cc by nc 4.0","Vermont Center for Ecostudies"
"Nymphalis l-album",1921,8,"00:00:00","1921-08-20T00:00:00","occurrence",NA,1,45.875457,-74.082091,"gbif","GBIF","eButterfly Surveys","Vermont Center for Ecostudies","Vermont Center for Ecostudies","cc by nc 4.0","Vermont Center for Ecostudies"
"Papilio canadensis",1921,5,"00:00:00","1921-05-24T00:00:00","occurrence",NA,1,45.564042,-73.179013,"gbif","GBIF","eButterfly Surveys","Vermont Center for Ecostudies","Vermont Center for Ecostudies","cc by nc 4.0","Vermont Center for Ecostudies"
"Lycaena phlaeas",1921,8,"00:00:00","1921-08-14T00:00:00","abundance",NA,3,45.875457,-74.082091,"gbif","GBIF","eButterfly Surveys","Vermont Center for Ecostudies","Vermont Center for Ecostudies","cc by nc 4.0","Vermont Center for Ecostudies"
"Phyciodes cocyta",1921,6,"00:00:00","1921-06-25T00:00:00","occurrence",NA,1,45.501689,-73.567256,"gbif","GBIF","eButterfly Surveys","Vermont Center for Ecostudies","Vermont Center for Ecostudies","cc by nc 4.0","Vermont Center for Ecostudies"
"Celastrina lucia",1921,7,"00:00:00","1921-07-02T00:00:00","occurrence",NA,1,45.501689,-73.567256,"gbif","GBIF","eButterfly Surveys","Vermont Center for Ecostudies","Vermont Center for Ecostudies","cc by nc 4.0","Vermont Center for Ecostudies"
"Boloria bellona",1921,5,"00:00:00","1921-05-07T00:00:00","occurrence",NA,1,45.458544,-74.140665,"gbif","GBIF","eButterfly Surveys","Vermont Center for Ecostudies","Vermont Center for Ecostudies","cc by nc 4.0","Vermont Center for Ecostudies"
"Lycaena phlaeas",1921,7,"00:00:00","1921-07-16T00:00:00","occurrence",NA,1,45.923754,-74.467349,"gbif","GBIF","eButterfly Surveys","Vermont Center for Ecostudies","Vermont Center for Ecostudies","cc by nc 4.0","Vermont Center for Ecostudies"
"Speyeria aphrodite",1921,7,"00:00:00","1921-07-20T00:00:00","occurrence",NA,1,45.301781,-72.278871,"gbif","GBIF","eButterfly Surveys","Vermont Center for Ecostudies","Vermont Center for Ecostudies","cc by nc 4.0","Vermont Center for Ecostudies"
"Pieris oleracea",1921,5,"00:00:00","1921-05-08T00:00:00","abundance",NA,4,45.442607,-74.105223,"gbif","GBIF","eButterfly Surveys","Vermont Center for Ecostudies","Vermont Center for Ecostudies","cc by nc 4.0","Vermont Center for Ecostudies"
"Callophrys niphon",1921,5,"00:00:00","1921-05-07T00:00:00","occurrence",NA,1,45.3833,-75.8333,"gbif","GBIF","Canadian National Collection (CNC) of Insects, Arachnids and Nematodes","Canadian Biodiversity Information Facility","Canadian Biodiversity Information Facility","cc by 4.0","Canadian Biodiversity Information Facility"
"Pieris oleracea",1921,5,"00:00:00","1921-05-08T00:00:00","occurrence",NA,1,45.3833,-75.8333,"gbif","GBIF","Canadian National Collection (CNC) of Insects, Arachnids and Nematodes","Canadian Biodiversity Information Facility","Canadian Biodiversity Information Facility","cc by 4.0","Canadian Biodiversity Information Facility"
"Celastrina ladon",1921,5,"00:00:00","1921-05-08T00:00:00","occurrence",NA,1,45.3833,-75.8333,"gbif","GBIF","Canadian National Collection (CNC) of Insects, Arachnids and Nematodes","Canadian Biodiversity Information Facility","Canadian Biodiversity Information Facility","cc by 4.0","Canadian Biodiversity Information Facility"
"Syngrapha rectangula",1921,7,"00:00:00","1921-07-16T00:00:00","occurrence",NA,1,45.8657,-74.0721,"gbif","GBIF","University of Minnesota Insect Collection","University of Minnesota Insect Collection","University of Minnesota Insect Collection","cc0 1.0","University of Minnesota Insect Collection"
"Danaus plexippus",1921,9,"","1921-09-11","presence",NA,1,45.1437,-74.5027,"ebutterfly","Maxim Larrivée, Jeremy Kerr, Kent McFarland and Katy Prudic","eButterfly","ebutterfly","eButterfly","","eButterfly"
"Phoebis sennae",1921,9,"","1921-09-12","presence",NA,1,30.3322,-81.6557,"ebutterfly","Maxim Larrivée, Jeremy Kerr, Kent McFarland and Katy Prudic","eButterfly","ebutterfly","eButterfly","","eButterfly"
"Epargyreus clarus",1921,4,"","1921-04-20","presence",NA,1,50.1427,-101.0346,"ebutterfly","Maxim Larrivée, Jeremy Kerr, Kent McFarland and Katy Prudic","eButterfly","ebutterfly","eButterfly","","eButterfly"
"Ascia monuste",1921,3,"","1921-03-23","presence",NA,1,26.9342,-80.0942,"ebutterfly","Maxim Larrivée, Jeremy Kerr, Kent McFarland and Katy Prudic","eButterfly","ebutterfly","eButterfly","","eButterfly"
"Glaucopsyche lygdamus",1921,5,"","1921-05-10","presence",NA,1,48.4284,-123.3656,"ebutterfly","Maxim Larrivée, Jeremy Kerr, Kent McFarland and Katy Prudic","eButterfly","ebutterfly","eButterfly","","eButterfly"
"Phoebis sennae",1921,9,"","1921-09-04","presence",NA,1,30.3322,-81.6557,"ebutterfly","Maxim Larrivée, Jeremy Kerr, Kent McFarland and Katy Prudic","eButterfly","ebutterfly","eButterfly","","eButterfly"
"Ascia monuste",1921,6,"","1921-06-12","presence",NA,1,30.3924,-81.43,"ebutterfly","Maxim Larrivée, Jeremy Kerr, Kent McFarland and Katy Prudic","eButterfly","ebutterfly","eButterfly","","eButterfly"
"Callophrys eryphon",1921,5,"","1921-05-04","presence",NA,1,48.4572,-123.5509,"ebutterfly","Maxim Larrivée, Jeremy Kerr, Kent McFarland and Katy Prudic","eButterfly","ebutterfly","eButterfly","","eButterfly"
"Pholisora catullus",1921,5,"","1921-05-20","presence",NA,1,39.6548,-77.5728,"ebutterfly","Maxim Larrivée, Jeremy Kerr, Kent McFarland and Katy Prudic","eButterfly","ebutterfly","eButterfly","","eButterfly"
"Oarisma poweshiek",1921,6,"","1921-06-24","presence",NA,1,43.3821,-95.1588,"ebutterfly","Maxim Larrivée, Jeremy Kerr, Kent McFarland and Katy Prudic","eButterfly","ebutterfly","eButterfly","","eButterfly"
"Lycaena hyllus",1921,8,"","1921-08-10","presence",NA,1,45.3658,-75.887,"ebutterfly","Maxim Larrivée, Jeremy Kerr, Kent McFarland and Katy Prudic","eButterfly","ebutterfly","eButterfly","","eButterfly"
"Celastrina echo",1921,4,"","1921-04-17","presence",NA,1,48.4572,-123.5509,"ebutterfly","Maxim Larrivée, Jeremy Kerr, Kent McFarland and Katy Prudic","eButterfly","ebutterfly","eButterfly","","eButterfly"
"Limenitis lorquini",1921,7,"","1921-07-18","presence",NA,1,48.4284,-123.3656,"ebutterfly","Maxim Larrivée, Jeremy Kerr, Kent McFarland and Katy Prudic","eButterfly","ebutterfly","eButterfly","","eButterfly"
"Colias philodice",1921,6,"00:00:00","1921-06-03T00:00:00","presence",NA,1,53.5444,-113.4909,"ebutterfly","Maxim Larrivée, Jeremy Kerr, Kent McFarland and Katy Prudic","eButterfly","ebutterfly","eButterfly","","eButterfly"
