"observed_scientific_name","year_obs","day_obs","time_obs","dwc_event_date","obs_variable","obs_unit","obs_value","lat","lon","original_source","creator","title","publisher","intellectual_rights","license","owner"
"Plebejus saepiolus",1926,7,"00:00:00","1926-07-04T00:00:00","presence",NA,1,46.0447,-73.7106,"ebutterfly","Maxim Larrivée, Jeremy Kerr, Kent McFarland and Katy Prudic","eButterfly","ebutterfly","eButterfly","","eButterfly"
"Coenonympha inornata",1926,6,"00:00:00","1926-06-27T00:00:00","presence",NA,1,46.0447,-73.7106,"ebutterfly","Maxim Larrivée, Jeremy Kerr, Kent McFarland and Katy Prudic","eButterfly","ebutterfly","eButterfly","","eButterfly"
"Erynnis icelus",1926,6,"00:00:00","1926-06-27T00:00:00","presence",NA,1,46.0447,-73.7106,"ebutterfly","Maxim Larrivée, Jeremy Kerr, Kent McFarland and Katy Prudic","eButterfly","ebutterfly","eButterfly","","eButterfly"
"Euphyes vestris",1926,7,"00:00:00","1926-07-27T00:00:00","presence",NA,1,45.2418,-72.546,"ebutterfly","Maxim Larrivée, Jeremy Kerr, Kent McFarland and Katy Prudic","eButterfly","ebutterfly","eButterfly","","eButterfly"
"Polites peckius",1926,7,"00:00:00","1926-07-29T00:00:00","presence",NA,1,45.2418,-72.546,"ebutterfly","Maxim Larrivée, Jeremy Kerr, Kent McFarland and Katy Prudic","eButterfly","ebutterfly","eButterfly","","eButterfly"
"Lycaena hyllus",1926,7,"00:00:00","1926-07-29T00:00:00","presence",NA,1,45.2418,-72.546,"ebutterfly","Maxim Larrivée, Jeremy Kerr, Kent McFarland and Katy Prudic","eButterfly","ebutterfly","eButterfly","","eButterfly"
"Boloria bellona",1926,8,"","1926-08-12","presence",NA,1,45.8755,-74.0821,"ebutterfly","Maxim Larrivée, Jeremy Kerr, Kent McFarland and Katy Prudic","eButterfly","ebutterfly","eButterfly","","eButterfly"
"Polites peckius",1926,7,"","1926-07-01","presence",NA,1,45.2418,-72.546,"ebutterfly","Maxim Larrivée, Jeremy Kerr, Kent McFarland and Katy Prudic","eButterfly","ebutterfly","eButterfly","","eButterfly"
"Amblyscirtes vialis",1926,7,"","1926-07-19","presence",NA,1,45.8755,-74.0821,"ebutterfly","Maxim Larrivée, Jeremy Kerr, Kent McFarland and Katy Prudic","eButterfly","ebutterfly","eButterfly","","eButterfly"
"Megisto cymela",1926,8,"","1926-08-11","presence",NA,1,45.8755,-74.0821,"ebutterfly","Maxim Larrivée, Jeremy Kerr, Kent McFarland and Katy Prudic","eButterfly","ebutterfly","eButterfly","","eButterfly"
"Colias philodice",1926,7,"","1926-07-11","presence",NA,1,45.8755,-74.0821,"ebutterfly","Maxim Larrivée, Jeremy Kerr, Kent McFarland and Katy Prudic","eButterfly","ebutterfly","eButterfly","","eButterfly"
"Satyrium acadica",1926,8,"","1926-08-11","presence",NA,1,45.8755,-74.0821,"ebutterfly","Maxim Larrivée, Jeremy Kerr, Kent McFarland and Katy Prudic","eButterfly","ebutterfly","eButterfly","","eButterfly"
"Hesperia leonardus",1926,8,"","1926-08-01","presence",NA,1,45.8755,-74.0821,"ebutterfly","Maxim Larrivée, Jeremy Kerr, Kent McFarland and Katy Prudic","eButterfly","ebutterfly","eButterfly","","eButterfly"
"Plebejus saepiolus",1926,7,"","1926-07-04","presence",NA,1,45.8755,-74.0821,"ebutterfly","Maxim Larrivée, Jeremy Kerr, Kent McFarland and Katy Prudic","eButterfly","ebutterfly","eButterfly","","eButterfly"
"Coenonympha inornata",1926,6,"","1926-06-28","presence",NA,1,45.8755,-74.0821,"ebutterfly","Maxim Larrivée, Jeremy Kerr, Kent McFarland and Katy Prudic","eButterfly","ebutterfly","eButterfly","","eButterfly"
"Limenitis archippus",1926,7,"","1926-07-17","presence",NA,1,45.8755,-74.0821,"ebutterfly","Maxim Larrivée, Jeremy Kerr, Kent McFarland and Katy Prudic","eButterfly","ebutterfly","eButterfly","","eButterfly"
"Lycaena phlaeas",1926,7,"","1926-07-22","presence",NA,1,45.8755,-74.0821,"ebutterfly","Maxim Larrivée, Jeremy Kerr, Kent McFarland and Katy Prudic","eButterfly","ebutterfly","eButterfly","","eButterfly"
"Satyrium acadica",1926,7,"","1926-07-29","presence",NA,1,45.2418,-72.546,"ebutterfly","Maxim Larrivée, Jeremy Kerr, Kent McFarland and Katy Prudic","eButterfly","ebutterfly","eButterfly","","eButterfly"
"Colias eurytheme",1926,9,"","1926-09-08","presence",NA,1,45.8755,-74.0821,"ebutterfly","Maxim Larrivée, Jeremy Kerr, Kent McFarland and Katy Prudic","eButterfly","ebutterfly","eButterfly","","eButterfly"
"Speyeria aphrodite",1926,8,"","1926-08-09","presence",NA,1,45.8755,-74.0821,"ebutterfly","Maxim Larrivée, Jeremy Kerr, Kent McFarland and Katy Prudic","eButterfly","ebutterfly","eButterfly","","eButterfly"
"Poanes hobomok",1926,7,"","1926-07-09","presence",NA,1,45.8755,-74.0821,"ebutterfly","Maxim Larrivée, Jeremy Kerr, Kent McFarland and Katy Prudic","eButterfly","ebutterfly","eButterfly","","eButterfly"
"Speyeria aphrodite",1926,7,"","1926-07-30","presence",NA,1,45.2418,-72.546,"ebutterfly","Maxim Larrivée, Jeremy Kerr, Kent McFarland and Katy Prudic","eButterfly","ebutterfly","eButterfly","","eButterfly"
"Hesperia comma",1926,8,"","1926-08-24","presence",NA,1,45.8755,-74.0821,"ebutterfly","Maxim Larrivée, Jeremy Kerr, Kent McFarland and Katy Prudic","eButterfly","ebutterfly","eButterfly","","eButterfly"
"Chlosyne harrisii",1926,7,"","1926-07-04","presence",NA,1,45.8755,-74.0821,"ebutterfly","Maxim Larrivée, Jeremy Kerr, Kent McFarland and Katy Prudic","eButterfly","ebutterfly","eButterfly","","eButterfly"
"Boloria bellona",1926,7,"","1926-07-14","presence",NA,1,45.8755,-74.0821,"ebutterfly","Maxim Larrivée, Jeremy Kerr, Kent McFarland and Katy Prudic","eButterfly","ebutterfly","eButterfly","","eButterfly"
"Polygonia faunus",1926,7,"","1926-07-20","presence",NA,1,45.8755,-74.0821,"ebutterfly","Maxim Larrivée, Jeremy Kerr, Kent McFarland and Katy Prudic","eButterfly","ebutterfly","eButterfly","","eButterfly"
"Satyrium acadica",1926,7,"","1926-07-30","presence",NA,1,45.2418,-72.546,"ebutterfly","Maxim Larrivée, Jeremy Kerr, Kent McFarland and Katy Prudic","eButterfly","ebutterfly","eButterfly","","eButterfly"
"Lycaena phlaeas",1926,8,"","1926-08-09","presence",NA,1,45.8755,-74.0821,"ebutterfly","Maxim Larrivée, Jeremy Kerr, Kent McFarland and Katy Prudic","eButterfly","ebutterfly","eButterfly","","eButterfly"
"Plebejus saepiolus",1926,7,"","1926-07-11","presence",NA,1,45.8755,-74.0821,"ebutterfly","Maxim Larrivée, Jeremy Kerr, Kent McFarland and Katy Prudic","eButterfly","ebutterfly","eButterfly","","eButterfly"
"Coenonympha inornata",1926,8,"","1926-08-01","presence",NA,1,45.8755,-74.0821,"ebutterfly","Maxim Larrivée, Jeremy Kerr, Kent McFarland and Katy Prudic","eButterfly","ebutterfly","eButterfly","","eButterfly"
"Feniseca tarquinius",1926,8,"","1926-08-22","presence",NA,1,45.8755,-74.0821,"ebutterfly","Maxim Larrivée, Jeremy Kerr, Kent McFarland and Katy Prudic","eButterfly","ebutterfly","eButterfly","","eButterfly"
"Plebejus saepiolus",1926,7,"","1926-07-02","presence",NA,1,45.8755,-74.0821,"ebutterfly","Maxim Larrivée, Jeremy Kerr, Kent McFarland and Katy Prudic","eButterfly","ebutterfly","eButterfly","","eButterfly"
"Satyrium titus",1926,7,"","1926-07-17","presence",NA,1,45.8755,-74.0821,"ebutterfly","Maxim Larrivée, Jeremy Kerr, Kent McFarland and Katy Prudic","eButterfly","ebutterfly","eButterfly","","eButterfly"
"Boloria bellona",1926,7,"","1926-07-22","presence",NA,1,45.8755,-74.0821,"ebutterfly","Maxim Larrivée, Jeremy Kerr, Kent McFarland and Katy Prudic","eButterfly","ebutterfly","eButterfly","","eButterfly"
"Speyeria aphrodite",1926,7,"","1926-07-29","presence",NA,1,45.2418,-72.546,"ebutterfly","Maxim Larrivée, Jeremy Kerr, Kent McFarland and Katy Prudic","eButterfly","ebutterfly","eButterfly","","eButterfly"
"Celastrina lucia",1926,7,"","1926-07-02","presence",NA,1,45.8755,-74.0821,"ebutterfly","Maxim Larrivée, Jeremy Kerr, Kent McFarland and Katy Prudic","eButterfly","ebutterfly","eButterfly","","eButterfly"
"Polites peckius",1926,6,"","1926-06-24","presence",NA,1,45.8755,-74.0821,"ebutterfly","Maxim Larrivée, Jeremy Kerr, Kent McFarland and Katy Prudic","eButterfly","ebutterfly","eButterfly","","eButterfly"
"Coenonympha inornata",1926,7,"","1926-07-01","presence",NA,1,45.8755,-74.0821,"ebutterfly","Maxim Larrivée, Jeremy Kerr, Kent McFarland and Katy Prudic","eButterfly","ebutterfly","eButterfly","","eButterfly"
"Speyeria aphrodite",1926,7,"","1926-07-03","presence",NA,1,45.8755,-74.0821,"ebutterfly","Maxim Larrivée, Jeremy Kerr, Kent McFarland and Katy Prudic","eButterfly","ebutterfly","eButterfly","","eButterfly"
"Coenonympha inornata",1926,7,"","1926-07-10","presence",NA,1,45.8755,-74.0821,"ebutterfly","Maxim Larrivée, Jeremy Kerr, Kent McFarland and Katy Prudic","eButterfly","ebutterfly","eButterfly","","eButterfly"
"Speyeria atlantis",1926,7,"","1926-07-14","presence",NA,1,45.8755,-74.0821,"ebutterfly","Maxim Larrivée, Jeremy Kerr, Kent McFarland and Katy Prudic","eButterfly","ebutterfly","eButterfly","","eButterfly"
"Lycaena hyllus",1926,7,"","1926-07-25","presence",NA,1,45.2418,-72.546,"ebutterfly","Maxim Larrivée, Jeremy Kerr, Kent McFarland and Katy Prudic","eButterfly","ebutterfly","eButterfly","","eButterfly"
"Speyeria atlantis",1926,8,"","1926-08-04","presence",NA,1,45.9422,-73.9698,"ebutterfly","Maxim Larrivée, Jeremy Kerr, Kent McFarland and Katy Prudic","eButterfly","ebutterfly","eButterfly","","eButterfly"
"Hesperia leonardus",1926,8,"","1926-08-27","presence",NA,1,45.8755,-74.0821,"ebutterfly","Maxim Larrivée, Jeremy Kerr, Kent McFarland and Katy Prudic","eButterfly","ebutterfly","eButterfly","","eButterfly"
"Vanessa cardui",1926,5,"","1926-05-20","presence",NA,1,45.5017,-73.5673,"ebutterfly","Maxim Larrivée, Jeremy Kerr, Kent McFarland and Katy Prudic","eButterfly","ebutterfly","eButterfly","","eButterfly"
"Polygonia comma",1926,7,"","1926-07-01","presence",NA,1,45.564,-73.179,"ebutterfly","Maxim Larrivée, Jeremy Kerr, Kent McFarland and Katy Prudic","eButterfly","ebutterfly","eButterfly","","eButterfly"
"Colias interior",1926,7,"","1926-07-22","presence",NA,1,45.8755,-74.0821,"ebutterfly","Maxim Larrivée, Jeremy Kerr, Kent McFarland and Katy Prudic","eButterfly","ebutterfly","eButterfly","","eButterfly"
"Euphyes vestris",1926,7,"","1926-07-26","presence",NA,1,45.8755,-74.0821,"ebutterfly","Maxim Larrivée, Jeremy Kerr, Kent McFarland and Katy Prudic","eButterfly","ebutterfly","eButterfly","","eButterfly"
"Erynnis icelus",1926,6,"","1926-06-30","presence",NA,1,45.8755,-74.0821,"ebutterfly","Maxim Larrivée, Jeremy Kerr, Kent McFarland and Katy Prudic","eButterfly","ebutterfly","eButterfly","","eButterfly"
"Polites peckius",1926,7,"","1926-07-21","presence",NA,1,45.8755,-74.0821,"ebutterfly","Maxim Larrivée, Jeremy Kerr, Kent McFarland and Katy Prudic","eButterfly","ebutterfly","eButterfly","","eButterfly"
"Speyeria aphrodite",1926,7,"","1926-07-25","presence",NA,1,45.2418,-72.546,"ebutterfly","Maxim Larrivée, Jeremy Kerr, Kent McFarland and Katy Prudic","eButterfly","ebutterfly","eButterfly","","eButterfly"
"Phyciodes cocyta",1926,8,"","1926-08-14","presence",NA,1,45.8755,-74.0821,"ebutterfly","Maxim Larrivée, Jeremy Kerr, Kent McFarland and Katy Prudic","eButterfly","ebutterfly","eButterfly","","eButterfly"
"Plebejus saepiolus",1926,7,"","1926-07-10","presence",NA,1,45.8755,-74.0821,"ebutterfly","Maxim Larrivée, Jeremy Kerr, Kent McFarland and Katy Prudic","eButterfly","ebutterfly","eButterfly","","eButterfly"
"Pieris rapae",1926,8,"","1926-08-04","presence",NA,1,45.9422,-73.9698,"ebutterfly","Maxim Larrivée, Jeremy Kerr, Kent McFarland and Katy Prudic","eButterfly","ebutterfly","eButterfly","","eButterfly"
"Polites mystic",1926,6,"","1926-06-29","presence",NA,1,45.8755,-74.0821,"ebutterfly","Maxim Larrivée, Jeremy Kerr, Kent McFarland and Katy Prudic","eButterfly","ebutterfly","eButterfly","","eButterfly"
"Thorybes pylades",1926,7,"","1926-07-10","presence",NA,1,45.8755,-74.0821,"ebutterfly","Maxim Larrivée, Jeremy Kerr, Kent McFarland and Katy Prudic","eButterfly","ebutterfly","eButterfly","","eButterfly"
"Erynnis icelus",1926,7,"","1926-07-11","presence",NA,1,45.8755,-74.0821,"ebutterfly","Maxim Larrivée, Jeremy Kerr, Kent McFarland and Katy Prudic","eButterfly","ebutterfly","eButterfly","","eButterfly"
"Polites origenes",1926,8,"","1926-08-11","presence",NA,1,45.8755,-74.0821,"ebutterfly","Maxim Larrivée, Jeremy Kerr, Kent McFarland and Katy Prudic","eButterfly","ebutterfly","eButterfly","","eButterfly"
"Colias philodice",1926,7,"","1926-07-23","presence",NA,1,45.8755,-74.0821,"ebutterfly","Maxim Larrivée, Jeremy Kerr, Kent McFarland and Katy Prudic","eButterfly","ebutterfly","eButterfly","","eButterfly"
"Satyrium acadica",1926,7,"","1926-07-27","presence",NA,1,45.8755,-74.0821,"ebutterfly","Maxim Larrivée, Jeremy Kerr, Kent McFarland and Katy Prudic","eButterfly","ebutterfly","eButterfly","","eButterfly"
"Poanes hobomok",1926,6,"","1926-06-27","presence",NA,1,45.8755,-74.0821,"ebutterfly","Maxim Larrivée, Jeremy Kerr, Kent McFarland and Katy Prudic","eButterfly","ebutterfly","eButterfly","","eButterfly"
"Plebejus saepiolus",1926,7,"","1926-07-03","presence",NA,1,45.8755,-74.0821,"ebutterfly","Maxim Larrivée, Jeremy Kerr, Kent McFarland and Katy Prudic","eButterfly","ebutterfly","eButterfly","","eButterfly"
"Pieris rapae",1926,5,"","1926-05-22","presence",NA,1,45.5017,-73.5673,"ebutterfly","Maxim Larrivée, Jeremy Kerr, Kent McFarland and Katy Prudic","eButterfly","ebutterfly","eButterfly","","eButterfly"
"Erynnis icelus",1926,6,"","1926-06-27","presence",NA,1,45.8755,-74.0821,"ebutterfly","Maxim Larrivée, Jeremy Kerr, Kent McFarland and Katy Prudic","eButterfly","ebutterfly","eButterfly","","eButterfly"
"Plebejus saepiolus",1926,6,"","1926-06-29","presence",NA,1,45.8755,-74.0821,"ebutterfly","Maxim Larrivée, Jeremy Kerr, Kent McFarland and Katy Prudic","eButterfly","ebutterfly","eButterfly","","eButterfly"
"Coenonympha inornata",1926,7,"","1926-07-11","presence",NA,1,45.8755,-74.0821,"ebutterfly","Maxim Larrivée, Jeremy Kerr, Kent McFarland and Katy Prudic","eButterfly","ebutterfly","eButterfly","","eButterfly"
"Hesperia leonardus",1926,9,"","1926-09-01","presence",NA,1,45.8755,-74.0821,"ebutterfly","Maxim Larrivée, Jeremy Kerr, Kent McFarland and Katy Prudic","eButterfly","ebutterfly","eButterfly","","eButterfly"
"Erynnis icelus",1926,7,"","1926-07-01","presence",NA,1,45.8755,-74.0821,"ebutterfly","Maxim Larrivée, Jeremy Kerr, Kent McFarland and Katy Prudic","eButterfly","ebutterfly","eButterfly","","eButterfly"
"Poanes hobomok",1926,6,"","1926-06-24","presence",NA,1,45.8755,-74.0821,"ebutterfly","Maxim Larrivée, Jeremy Kerr, Kent McFarland and Katy Prudic","eButterfly","ebutterfly","eButterfly","","eButterfly"
"Plebejus saepiolus",1926,6,"","1926-06-27","presence",NA,1,45.8755,-74.0821,"ebutterfly","Maxim Larrivée, Jeremy Kerr, Kent McFarland and Katy Prudic","eButterfly","ebutterfly","eButterfly","","eButterfly"
"Erynnis juvenalis",1926,6,"","1926-06-16","presence",NA,1,45.5017,-73.5673,"ebutterfly","Maxim Larrivée, Jeremy Kerr, Kent McFarland and Katy Prudic","eButterfly","ebutterfly","eButterfly","","eButterfly"
"Coenonympha inornata",1926,6,"","1926-06-27","presence",NA,1,45.8755,-74.0821,"ebutterfly","Maxim Larrivée, Jeremy Kerr, Kent McFarland and Katy Prudic","eButterfly","ebutterfly","eButterfly","","eButterfly"
"Plebejus saepiolus",1926,6,"","1926-06-30","presence",NA,1,45.8755,-74.0821,"ebutterfly","Maxim Larrivée, Jeremy Kerr, Kent McFarland and Katy Prudic","eButterfly","ebutterfly","eButterfly","","eButterfly"
"Limenitis arthemis",1926,7,"","1926-07-16","presence",NA,1,45.8755,-74.0821,"ebutterfly","Maxim Larrivée, Jeremy Kerr, Kent McFarland and Katy Prudic","eButterfly","ebutterfly","eButterfly","","eButterfly"
"Thorybes pylades",1926,7,"","1926-07-18","presence",NA,1,45.8755,-74.0821,"ebutterfly","Maxim Larrivée, Jeremy Kerr, Kent McFarland and Katy Prudic","eButterfly","ebutterfly","eButterfly","","eButterfly"
"Lycaena hyllus",1926,7,"","1926-07-27","presence",NA,1,45.2418,-72.546,"ebutterfly","Maxim Larrivée, Jeremy Kerr, Kent McFarland and Katy Prudic","eButterfly","ebutterfly","eButterfly","","eButterfly"
"Plebejus saepiolus",1926,7,"","1926-07-06","presence",NA,1,45.8755,-74.0821,"ebutterfly","Maxim Larrivée, Jeremy Kerr, Kent McFarland and Katy Prudic","eButterfly","ebutterfly","eButterfly","","eButterfly"
"Polites peckius",1926,6,"","1926-06-28","presence",NA,1,45.8755,-74.0821,"ebutterfly","Maxim Larrivée, Jeremy Kerr, Kent McFarland and Katy Prudic","eButterfly","ebutterfly","eButterfly","","eButterfly"
"Plebejus saepiolus",1926,7,"","1926-07-14","presence",NA,1,45.8755,-74.0821,"ebutterfly","Maxim Larrivée, Jeremy Kerr, Kent McFarland and Katy Prudic","eButterfly","ebutterfly","eButterfly","","eButterfly"
"Polygonia progne",1926,7,"","1926-07-28","presence",NA,1,45.8755,-74.0821,"ebutterfly","Maxim Larrivée, Jeremy Kerr, Kent McFarland and Katy Prudic","eButterfly","ebutterfly","eButterfly","","eButterfly"
"Polygonia faunus",1926,8,"","1926-08-04","presence",NA,1,45.9422,-73.9698,"ebutterfly","Maxim Larrivée, Jeremy Kerr, Kent McFarland and Katy Prudic","eButterfly","ebutterfly","eButterfly","","eButterfly"
"Colias philodice",1926,8,"","1926-08-17","presence",NA,1,45.8755,-74.0821,"ebutterfly","Maxim Larrivée, Jeremy Kerr, Kent McFarland and Katy Prudic","eButterfly","ebutterfly","eButterfly","","eButterfly"
"Erynnis icelus",1926,6,"","1926-06-27","presence",NA,1,46.0447,-73.7106,"ebutterfly","Maxim Larrivée, Jeremy Kerr, Kent McFarland and Katy Prudic","eButterfly","ebutterfly","eButterfly","","eButterfly"
"Hesperia comma",1926,8,"","1926-08-16","presence",NA,1,45.8755,-74.0821,"ebutterfly","Maxim Larrivée, Jeremy Kerr, Kent McFarland and Katy Prudic","eButterfly","ebutterfly","eButterfly","","eButterfly"
"Phyciodes cocyta",1926,8,"","1926-08-11","presence",NA,1,45.8755,-74.0821,"ebutterfly","Maxim Larrivée, Jeremy Kerr, Kent McFarland and Katy Prudic","eButterfly","ebutterfly","eButterfly","","eButterfly"
"Polites mystic",1926,7,"00:00:00","1926-07-30T00:00:00","presence",NA,1,45.2418,-72.546,"ebutterfly","Maxim Larrivée, Jeremy Kerr, Kent McFarland and Katy Prudic","eButterfly","ebutterfly","eButterfly","","eButterfly"
"Polites mystic",1926,7,"00:00:00","1926-07-29T00:00:00","presence",NA,1,45.2418,-72.546,"ebutterfly","Maxim Larrivée, Jeremy Kerr, Kent McFarland and Katy Prudic","eButterfly","ebutterfly","eButterfly","","eButterfly"
"Lycaena phlaeas",1926,8,"","1926-08-17","presence",NA,1,45.8755,-74.0821,"ebutterfly","Maxim Larrivée, Jeremy Kerr, Kent McFarland and Katy Prudic","eButterfly","ebutterfly","eButterfly","","eButterfly"
"Hesperia leonardus",1926,8,"00:00:00","1926-08-20T00:00:00","presence",NA,1,45.9489,-73.9787,"ebutterfly","Maxim Larrivée, Jeremy Kerr, Kent McFarland and Katy Prudic","eButterfly","ebutterfly","eButterfly","","eButterfly"
"Hesperia leonardus",1926,8,"","1926-08-20","presence",NA,1,45.8755,-74.0821,"ebutterfly","Maxim Larrivée, Jeremy Kerr, Kent McFarland and Katy Prudic","eButterfly","ebutterfly","eButterfly","","eButterfly"
"Plebejus saepiolus",1926,6,"00:00:00","1926-06-27T00:00:00","presence",NA,1,46.0447,-73.7106,"ebutterfly","Maxim Larrivée, Jeremy Kerr, Kent McFarland and Katy Prudic","eButterfly","ebutterfly","eButterfly","","eButterfly"
"Polites mystic",1926,7,"00:00:00","1926-07-30T00:00:00","abundance",NA,2,45.241774,-72.545964,"gbif","GBIF","eButterfly Surveys","Vermont Center for Ecostudies","Vermont Center for Ecostudies","cc by nc 4.0","Vermont Center for Ecostudies"
"Coenonympha tullia",1926,6,"00:00:00","1926-06-28T00:00:00","occurrence",NA,1,45.875457,-74.082091,"gbif","GBIF","eButterfly Surveys","Vermont Center for Ecostudies","Vermont Center for Ecostudies","cc by nc 4.0","Vermont Center for Ecostudies"
"Coenonympha tullia",1926,7,"00:00:00","1926-07-10T00:00:00","occurrence",NA,1,45.875457,-74.082091,"gbif","GBIF","eButterfly Surveys","Vermont Center for Ecostudies","Vermont Center for Ecostudies","cc by nc 4.0","Vermont Center for Ecostudies"
"Plebejus saepiolus",1926,7,"00:00:00","1926-07-14T00:00:00","occurrence",NA,1,45.875457,-74.082091,"gbif","GBIF","eButterfly Surveys","Vermont Center for Ecostudies","Vermont Center for Ecostudies","cc by nc 4.0","Vermont Center for Ecostudies"
"Lepidoptera",1926,7,"00:00:00","1926-07-22T00:00:00","abundance",NA,2,45.875457,-74.082091,"gbif","GBIF","eButterfly Surveys","Vermont Center for Ecostudies","Vermont Center for Ecostudies","cc by nc 4.0","Vermont Center for Ecostudies"
"Lycaena hyllus",1926,7,"00:00:00","1926-07-27T00:00:00","occurrence",NA,1,45.241774,-72.545964,"gbif","GBIF","eButterfly Surveys","Vermont Center for Ecostudies","Vermont Center for Ecostudies","cc by nc 4.0","Vermont Center for Ecostudies"
"Polygonia faunus",1926,8,"00:00:00","1926-08-04T00:00:00","occurrence",NA,1,45.942248,-73.969815,"gbif","GBIF","eButterfly Surveys","Vermont Center for Ecostudies","Vermont Center for Ecostudies","cc by nc 4.0","Vermont Center for Ecostudies"
"Hesperia leonardus",1926,8,"00:00:00","1926-08-20T00:00:00","occurrence",NA,1,45.875457,-74.082091,"gbif","GBIF","eButterfly Surveys","Vermont Center for Ecostudies","Vermont Center for Ecostudies","cc by nc 4.0","Vermont Center for Ecostudies"
"Thorybes pylades",1926,7,"00:00:00","1926-07-10T00:00:00","occurrence",NA,1,45.875457,-74.082091,"gbif","GBIF","eButterfly Surveys","Vermont Center for Ecostudies","Vermont Center for Ecostudies","cc by nc 4.0","Vermont Center for Ecostudies"
"Plebejus saepiolus",1926,6,"00:00:00","1926-06-27T00:00:00","abundance",NA,2,46.044738,-73.710612,"gbif","GBIF","eButterfly Surveys","Vermont Center for Ecostudies","Vermont Center for Ecostudies","cc by nc 4.0","Vermont Center for Ecostudies"
"Plebejus saepiolus",1926,7,"00:00:00","1926-07-02T00:00:00","abundance",NA,2,45.875457,-74.082091,"gbif","GBIF","eButterfly Surveys","Vermont Center for Ecostudies","Vermont Center for Ecostudies","cc by nc 4.0","Vermont Center for Ecostudies"
"Polites peckius",1926,6,"00:00:00","1926-06-24T00:00:00","occurrence",NA,1,45.875457,-74.082091,"gbif","GBIF","eButterfly Surveys","Vermont Center for Ecostudies","Vermont Center for Ecostudies","cc by nc 4.0","Vermont Center for Ecostudies"
"Plebejus saepiolus",1926,6,"00:00:00","1926-06-29T00:00:00","abundance",NA,2,45.875457,-74.082091,"gbif","GBIF","eButterfly Surveys","Vermont Center for Ecostudies","Vermont Center for Ecostudies","cc by nc 4.0","Vermont Center for Ecostudies"
"Boloria bellona",1926,7,"00:00:00","1926-07-14T00:00:00","occurrence",NA,1,45.875457,-74.082091,"gbif","GBIF","eButterfly Surveys","Vermont Center for Ecostudies","Vermont Center for Ecostudies","cc by nc 4.0","Vermont Center for Ecostudies"
"Amblyscirtes vialis",1926,7,"00:00:00","1926-07-19T00:00:00","abundance",NA,2,45.875457,-74.082091,"gbif","GBIF","eButterfly Surveys","Vermont Center for Ecostudies","Vermont Center for Ecostudies","cc by nc 4.0","Vermont Center for Ecostudies"
"Colias philodice",1926,7,"00:00:00","1926-07-23T00:00:00","occurrence",NA,1,45.875457,-74.082091,"gbif","GBIF","eButterfly Surveys","Vermont Center for Ecostudies","Vermont Center for Ecostudies","cc by nc 4.0","Vermont Center for Ecostudies"
"Polygonia progne",1926,7,"00:00:00","1926-07-28T00:00:00","occurrence",NA,1,45.875457,-74.082091,"gbif","GBIF","eButterfly Surveys","Vermont Center for Ecostudies","Vermont Center for Ecostudies","cc by nc 4.0","Vermont Center for Ecostudies"
"Speyeria aphrodite",1926,7,"00:00:00","1926-07-29T00:00:00","abundance",NA,2,45.241774,-72.545964,"gbif","GBIF","eButterfly Surveys","Vermont Center for Ecostudies","Vermont Center for Ecostudies","cc by nc 4.0","Vermont Center for Ecostudies"
"Phyciodes cocyta",1926,8,"00:00:00","1926-08-14T00:00:00","occurrence",NA,1,45.875457,-74.082091,"gbif","GBIF","eButterfly Surveys","Vermont Center for Ecostudies","Vermont Center for Ecostudies","cc by nc 4.0","Vermont Center for Ecostudies"
"Lycaena phlaeas",1926,8,"00:00:00","1926-08-09T00:00:00","occurrence",NA,1,45.875457,-74.082091,"gbif","GBIF","eButterfly Surveys","Vermont Center for Ecostudies","Vermont Center for Ecostudies","cc by nc 4.0","Vermont Center for Ecostudies"
"Plebejus saepiolus",1926,7,"00:00:00","1926-07-10T00:00:00","abundance",NA,4,45.875457,-74.082091,"gbif","GBIF","eButterfly Surveys","Vermont Center for Ecostudies","Vermont Center for Ecostudies","cc by nc 4.0","Vermont Center for Ecostudies"
"Euphyes vestris",1926,7,"00:00:00","1926-07-27T00:00:00","occurrence",NA,1,45.241774,-72.545964,"gbif","GBIF","eButterfly Surveys","Vermont Center for Ecostudies","Vermont Center for Ecostudies","cc by nc 4.0","Vermont Center for Ecostudies"
"Erynnis icelus",1926,6,"00:00:00","1926-06-27T00:00:00","occurrence",NA,1,45.875457,-74.082091,"gbif","GBIF","eButterfly Surveys","Vermont Center for Ecostudies","Vermont Center for Ecostudies","cc by nc 4.0","Vermont Center for Ecostudies"
"Plebejus saepiolus",1926,6,"00:00:00","1926-06-30T00:00:00","abundance",NA,2,45.875457,-74.082091,"gbif","GBIF","eButterfly Surveys","Vermont Center for Ecostudies","Vermont Center for Ecostudies","cc by nc 4.0","Vermont Center for Ecostudies"
"Polygonia faunus",1926,7,"00:00:00","1926-07-20T00:00:00","occurrence",NA,1,45.875457,-74.082091,"gbif","GBIF","eButterfly Surveys","Vermont Center for Ecostudies","Vermont Center for Ecostudies","cc by nc 4.0","Vermont Center for Ecostudies"
"Speyeria aphrodite",1926,7,"00:00:00","1926-07-25T00:00:00","occurrence",NA,1,45.241774,-72.545964,"gbif","GBIF","eButterfly Surveys","Vermont Center for Ecostudies","Vermont Center for Ecostudies","cc by nc 4.0","Vermont Center for Ecostudies"
"Speyeria aphrodite",1926,7,"00:00:00","1926-07-30T00:00:00","abundance",NA,2,45.241774,-72.545964,"gbif","GBIF","eButterfly Surveys","Vermont Center for Ecostudies","Vermont Center for Ecostudies","cc by nc 4.0","Vermont Center for Ecostudies"
"Speyeria aphrodite",1926,8,"00:00:00","1926-08-09T00:00:00","occurrence",NA,1,45.875457,-74.082091,"gbif","GBIF","eButterfly Surveys","Vermont Center for Ecostudies","Vermont Center for Ecostudies","cc by nc 4.0","Vermont Center for Ecostudies"
"Hesperia comma",1926,8,"00:00:00","1926-08-16T00:00:00","occurrence",NA,1,45.875457,-74.082091,"gbif","GBIF","eButterfly Surveys","Vermont Center for Ecostudies","Vermont Center for Ecostudies","cc by nc 4.0","Vermont Center for Ecostudies"
"Colias philodice",1926,7,"00:00:00","1926-07-11T00:00:00","occurrence",NA,1,45.875457,-74.082091,"gbif","GBIF","eButterfly Surveys","Vermont Center for Ecostudies","Vermont Center for Ecostudies","cc by nc 4.0","Vermont Center for Ecostudies"
"Polites origenes",1926,8,"00:00:00","1926-08-11T00:00:00","occurrence",NA,1,45.875457,-74.082091,"gbif","GBIF","eButterfly Surveys","Vermont Center for Ecostudies","Vermont Center for Ecostudies","cc by nc 4.0","Vermont Center for Ecostudies"
"Lycaena hyllus",1926,7,"00:00:00","1926-07-29T00:00:00","occurrence",NA,1,45.241774,-72.545964,"gbif","GBIF","eButterfly Surveys","Vermont Center for Ecostudies","Vermont Center for Ecostudies","cc by nc 4.0","Vermont Center for Ecostudies"
"Plebejus saepiolus",1926,6,"00:00:00","1926-06-27T00:00:00","abundance",NA,2,45.875457,-74.082091,"gbif","GBIF","eButterfly Surveys","Vermont Center for Ecostudies","Vermont Center for Ecostudies","cc by nc 4.0","Vermont Center for Ecostudies"
"Polygonia comma",1926,7,"00:00:00","1926-07-01T00:00:00","occurrence",NA,1,45.564042,-73.179013,"gbif","GBIF","eButterfly Surveys","Vermont Center for Ecostudies","Vermont Center for Ecostudies","cc by nc 4.0","Vermont Center for Ecostudies"
"Polites peckius",1926,7,"00:00:00","1926-07-21T00:00:00","occurrence",NA,1,45.875457,-74.082091,"gbif","GBIF","eButterfly Surveys","Vermont Center for Ecostudies","Vermont Center for Ecostudies","cc by nc 4.0","Vermont Center for Ecostudies"
"Phyciodes cocyta",1926,8,"00:00:00","1926-08-11T00:00:00","abundance",NA,2,45.875457,-74.082091,"gbif","GBIF","eButterfly Surveys","Vermont Center for Ecostudies","Vermont Center for Ecostudies","cc by nc 4.0","Vermont Center for Ecostudies"
"Lycaena phlaeas",1926,8,"00:00:00","1926-08-17T00:00:00","occurrence",NA,1,45.875457,-74.082091,"gbif","GBIF","eButterfly Surveys","Vermont Center for Ecostudies","Vermont Center for Ecostudies","cc by nc 4.0","Vermont Center for Ecostudies"
"Polites peckius",1926,7,"00:00:00","1926-07-01T00:00:00","occurrence",NA,1,45.241774,-72.545964,"gbif","GBIF","eButterfly Surveys","Vermont Center for Ecostudies","Vermont Center for Ecostudies","cc by nc 4.0","Vermont Center for Ecostudies"
"Hesperia leonardus",1926,9,"00:00:00","1926-09-01T00:00:00","occurrence",NA,1,45.875457,-74.082091,"gbif","GBIF","eButterfly Surveys","Vermont Center for Ecostudies","Vermont Center for Ecostudies","cc by nc 4.0","Vermont Center for Ecostudies"
"Plebejus saepiolus",1926,7,"00:00:00","1926-07-04T00:00:00","abundance",NA,2,45.875457,-74.082091,"gbif","GBIF","eButterfly Surveys","Vermont Center for Ecostudies","Vermont Center for Ecostudies","cc by nc 4.0","Vermont Center for Ecostudies"
"Pieris rapae",1926,5,"00:00:00","1926-05-22T00:00:00","abundance",NA,2,45.501689,-73.567256,"gbif","GBIF","eButterfly Surveys","Vermont Center for Ecostudies","Vermont Center for Ecostudies","cc by nc 4.0","Vermont Center for Ecostudies"
"Coenonympha tullia",1926,6,"00:00:00","1926-06-27T00:00:00","occurrence",NA,1,45.875457,-74.082091,"gbif","GBIF","eButterfly Surveys","Vermont Center for Ecostudies","Vermont Center for Ecostudies","cc by nc 4.0","Vermont Center for Ecostudies"
"Limenitis archippus",1926,7,"00:00:00","1926-07-17T00:00:00","occurrence",NA,1,45.875457,-74.082091,"gbif","GBIF","eButterfly Surveys","Vermont Center for Ecostudies","Vermont Center for Ecostudies","cc by nc 4.0","Vermont Center for Ecostudies"
"Lycaena phlaeas",1926,7,"00:00:00","1926-07-22T00:00:00","occurrence",NA,1,45.875457,-74.082091,"gbif","GBIF","eButterfly Surveys","Vermont Center for Ecostudies","Vermont Center for Ecostudies","cc by nc 4.0","Vermont Center for Ecostudies"
"Hesperia comma",1926,8,"00:00:00","1926-08-24T00:00:00","occurrence",NA,1,45.875457,-74.082091,"gbif","GBIF","eButterfly Surveys","Vermont Center for Ecostudies","Vermont Center for Ecostudies","cc by nc 4.0","Vermont Center for Ecostudies"
"Hesperia leonardus",1926,8,"00:00:00","1926-08-20T00:00:00","occurrence",NA,1,45.948855,-73.978743,"gbif","GBIF","eButterfly Surveys","Vermont Center for Ecostudies","Vermont Center for Ecostudies","cc by nc 4.0","Vermont Center for Ecostudies"
"Hesperia leonardus",1926,8,"00:00:00","1926-08-01T00:00:00","occurrence",NA,1,45.875457,-74.082091,"gbif","GBIF","eButterfly Surveys","Vermont Center for Ecostudies","Vermont Center for Ecostudies","cc by nc 4.0","Vermont Center for Ecostudies"
"Vanessa cardui",1926,5,"00:00:00","1926-05-20T00:00:00","occurrence",NA,1,45.501689,-73.567256,"gbif","GBIF","eButterfly Surveys","Vermont Center for Ecostudies","Vermont Center for Ecostudies","cc by nc 4.0","Vermont Center for Ecostudies"
"Speyeria aphrodite",1926,7,"00:00:00","1926-07-03T00:00:00","occurrence",NA,1,45.875457,-74.082091,"gbif","GBIF","eButterfly Surveys","Vermont Center for Ecostudies","Vermont Center for Ecostudies","cc by nc 4.0","Vermont Center for Ecostudies"
"Satyrium titus",1926,7,"00:00:00","1926-07-17T00:00:00","occurrence",NA,1,45.875457,-74.082091,"gbif","GBIF","eButterfly Surveys","Vermont Center for Ecostudies","Vermont Center for Ecostudies","cc by nc 4.0","Vermont Center for Ecostudies"
"Colias interior",1926,7,"00:00:00","1926-07-22T00:00:00","occurrence",NA,1,45.875457,-74.082091,"gbif","GBIF","eButterfly Surveys","Vermont Center for Ecostudies","Vermont Center for Ecostudies","cc by nc 4.0","Vermont Center for Ecostudies"
"Euphyes vestris",1926,7,"00:00:00","1926-07-26T00:00:00","occurrence",NA,1,45.875457,-74.082091,"gbif","GBIF","eButterfly Surveys","Vermont Center for Ecostudies","Vermont Center for Ecostudies","cc by nc 4.0","Vermont Center for Ecostudies"
"Feniseca tarquinius",1926,8,"00:00:00","1926-08-22T00:00:00","occurrence",NA,1,45.875457,-74.082091,"gbif","GBIF","eButterfly Surveys","Vermont Center for Ecostudies","Vermont Center for Ecostudies","cc by nc 4.0","Vermont Center for Ecostudies"
"Pieris rapae",1926,8,"00:00:00","1926-08-04T00:00:00","occurrence",NA,1,45.942248,-73.969815,"gbif","GBIF","eButterfly Surveys","Vermont Center for Ecostudies","Vermont Center for Ecostudies","cc by nc 4.0","Vermont Center for Ecostudies"
"Erynnis juvenalis",1926,6,"00:00:00","1926-06-16T00:00:00","occurrence",NA,1,45.501689,-73.567256,"gbif","GBIF","eButterfly Surveys","Vermont Center for Ecostudies","Vermont Center for Ecostudies","cc by nc 4.0","Vermont Center for Ecostudies"
"Polites peckius",1926,6,"00:00:00","1926-06-28T00:00:00","occurrence",NA,1,45.875457,-74.082091,"gbif","GBIF","eButterfly Surveys","Vermont Center for Ecostudies","Vermont Center for Ecostudies","cc by nc 4.0","Vermont Center for Ecostudies"
"Chlosyne harrisii",1926,7,"00:00:00","1926-07-04T00:00:00","occurrence",NA,1,45.875457,-74.082091,"gbif","GBIF","eButterfly Surveys","Vermont Center for Ecostudies","Vermont Center for Ecostudies","cc by nc 4.0","Vermont Center for Ecostudies"
"Boloria selene",1926,7,"00:00:00","1926-07-17T00:00:00","occurrence",NA,1,45.875457,-74.082091,"gbif","GBIF","eButterfly Surveys","Vermont Center for Ecostudies","Vermont Center for Ecostudies","cc by nc 4.0","Vermont Center for Ecostudies"
"Boloria bellona",1926,7,"00:00:00","1926-07-22T00:00:00","occurrence",NA,1,45.875457,-74.082091,"gbif","GBIF","eButterfly Surveys","Vermont Center for Ecostudies","Vermont Center for Ecostudies","cc by nc 4.0","Vermont Center for Ecostudies"
"Speyeria atlantis",1926,8,"00:00:00","1926-08-04T00:00:00","occurrence",NA,1,45.942248,-73.969815,"gbif","GBIF","eButterfly Surveys","Vermont Center for Ecostudies","Vermont Center for Ecostudies","cc by nc 4.0","Vermont Center for Ecostudies"
"Megisto cymela",1926,8,"00:00:00","1926-08-11T00:00:00","occurrence",NA,1,45.875457,-74.082091,"gbif","GBIF","eButterfly Surveys","Vermont Center for Ecostudies","Vermont Center for Ecostudies","cc by nc 4.0","Vermont Center for Ecostudies"
"Hesperia leonardus",1926,8,"00:00:00","1926-08-27T00:00:00","occurrence",NA,1,45.875457,-74.082091,"gbif","GBIF","eButterfly Surveys","Vermont Center for Ecostudies","Vermont Center for Ecostudies","cc by nc 4.0","Vermont Center for Ecostudies"
"Erynnis icelus",1926,6,"00:00:00","1926-06-27T00:00:00","occurrence",NA,1,46.044738,-73.710612,"gbif","GBIF","eButterfly Surveys","Vermont Center for Ecostudies","Vermont Center for Ecostudies","cc by nc 4.0","Vermont Center for Ecostudies"
"Coenonympha tullia",1926,6,"00:00:00","1926-06-27T00:00:00","abundance",NA,3,46.044738,-73.710612,"gbif","GBIF","eButterfly Surveys","Vermont Center for Ecostudies","Vermont Center for Ecostudies","cc by nc 4.0","Vermont Center for Ecostudies"
"Celastrina lucia",1926,7,"00:00:00","1926-07-02T00:00:00","occurrence",NA,1,45.875457,-74.082091,"gbif","GBIF","eButterfly Surveys","Vermont Center for Ecostudies","Vermont Center for Ecostudies","cc by nc 4.0","Vermont Center for Ecostudies"
"Polites mystic",1926,6,"00:00:00","1926-06-29T00:00:00","occurrence",NA,1,45.875457,-74.082091,"gbif","GBIF","eButterfly Surveys","Vermont Center for Ecostudies","Vermont Center for Ecostudies","cc by nc 4.0","Vermont Center for Ecostudies"
"Coenonympha tullia",1926,7,"00:00:00","1926-07-11T00:00:00","abundance",NA,3,45.875457,-74.082091,"gbif","GBIF","eButterfly Surveys","Vermont Center for Ecostudies","Vermont Center for Ecostudies","cc by nc 4.0","Vermont Center for Ecostudies"
"Speyeria atlantis",1926,7,"00:00:00","1926-07-14T00:00:00","occurrence",NA,1,45.875457,-74.082091,"gbif","GBIF","eButterfly Surveys","Vermont Center for Ecostudies","Vermont Center for Ecostudies","cc by nc 4.0","Vermont Center for Ecostudies"
"Thorybes pylades",1926,7,"00:00:00","1926-07-18T00:00:00","occurrence",NA,1,45.875457,-74.082091,"gbif","GBIF","eButterfly Surveys","Vermont Center for Ecostudies","Vermont Center for Ecostudies","cc by nc 4.0","Vermont Center for Ecostudies"
"Satyrium acadica",1926,7,"00:00:00","1926-07-27T00:00:00","occurrence",NA,1,45.875457,-74.082091,"gbif","GBIF","eButterfly Surveys","Vermont Center for Ecostudies","Vermont Center for Ecostudies","cc by nc 4.0","Vermont Center for Ecostudies"
"Satyrium acadica",1926,7,"00:00:00","1926-07-29T00:00:00","abundance",NA,3,45.241774,-72.545964,"gbif","GBIF","eButterfly Surveys","Vermont Center for Ecostudies","Vermont Center for Ecostudies","cc by nc 4.0","Vermont Center for Ecostudies"
"Boloria bellona",1926,8,"00:00:00","1926-08-12T00:00:00","occurrence",NA,1,45.875457,-74.082091,"gbif","GBIF","eButterfly Surveys","Vermont Center for Ecostudies","Vermont Center for Ecostudies","cc by nc 4.0","Vermont Center for Ecostudies"
"Poanes hobomok",1926,7,"00:00:00","1926-07-09T00:00:00","occurrence",NA,1,45.875457,-74.082091,"gbif","GBIF","eButterfly Surveys","Vermont Center for Ecostudies","Vermont Center for Ecostudies","cc by nc 4.0","Vermont Center for Ecostudies"
"Alypia octomaculata",1926,6,"00:00:00","1926-06-05T00:00:00","occurrence",NA,1,45.5,-73.58333,"gbif","GBIF","Entomology Division, Yale Peabody Museum","Yale University Peabody Museum","Yale University Peabody Museum","cc0 1.0","Yale University Peabody Museum"
"Alypia langtonii",1926,6,"00:00:00","1926-06-24T00:00:00","occurrence",NA,1,45.86667,-74.08333,"gbif","GBIF","Entomology Division, Yale Peabody Museum","Yale University Peabody Museum","Yale University Peabody Museum","cc0 1.0","Yale University Peabody Museum"
"Speyeria aphrodite",1926,7,"00:00:00","1926-07-10T00:00:00","occurrence",NA,1,45.8667,-74.0833,"gbif","GBIF","Lyman Entomological Museum","Canadian Biodiversity Information Facility","Canadian Biodiversity Information Facility","cc0 1.0","Canadian Biodiversity Information Facility"
"Nymphalis vaualbum",1926,8,"00:00:00","1926-08-09T00:00:00","occurrence",NA,1,45.8667,-74.0833,"gbif","GBIF","Lyman Entomological Museum","Canadian Biodiversity Information Facility","Canadian Biodiversity Information Facility","cc0 1.0","Canadian Biodiversity Information Facility"
"Speyeria aphrodite",1926,7,"00:00:00","1926-07-03T00:00:00","occurrence",NA,1,45.8667,-74.0833,"gbif","GBIF","Lyman Entomological Museum","Canadian Biodiversity Information Facility","Canadian Biodiversity Information Facility","cc0 1.0","Canadian Biodiversity Information Facility"
"Nymphalis vaualbum",1926,8,"00:00:00","1926-08-06T00:00:00","occurrence",NA,1,45.8667,-74.0833,"gbif","GBIF","Lyman Entomological Museum","Canadian Biodiversity Information Facility","Canadian Biodiversity Information Facility","cc0 1.0","Canadian Biodiversity Information Facility"
"Nymphalis vaualbum",1926,8,"00:00:00","1926-08-20T00:00:00","occurrence",NA,1,45.8667,-74.0833,"gbif","GBIF","Lyman Entomological Museum","Canadian Biodiversity Information Facility","Canadian Biodiversity Information Facility","cc0 1.0","Canadian Biodiversity Information Facility"
"Speyeria aphrodite",1926,8,"00:00:00","1926-08-09T00:00:00","occurrence",NA,1,45.8667,-74.0833,"gbif","GBIF","Lyman Entomological Museum","Canadian Biodiversity Information Facility","Canadian Biodiversity Information Facility","cc0 1.0","Canadian Biodiversity Information Facility"
"Thorybes pylades",1926,7,"00:00:00","1926-07-10T00:00:00","occurrence",NA,1,45.8667,-74.0833,"gbif","GBIF","Lyman Entomological Museum","Canadian Biodiversity Information Facility","Canadian Biodiversity Information Facility","cc0 1.0","Canadian Biodiversity Information Facility"
"Plebejus saepiolus",1926,7,"00:00:00","1926-07-02T00:00:00","occurrence",NA,1,45.8667,-74.0833,"gbif","GBIF","Lyman Entomological Museum","Canadian Biodiversity Information Facility","Canadian Biodiversity Information Facility","cc0 1.0","Canadian Biodiversity Information Facility"
"Plebejus saepiolus",1926,7,"00:00:00","1926-07-11T00:00:00","occurrence",NA,1,45.8667,-74.0833,"gbif","GBIF","Lyman Entomological Museum","Canadian Biodiversity Information Facility","Canadian Biodiversity Information Facility","cc0 1.0","Canadian Biodiversity Information Facility"
"Plebejus saepiolus",1926,6,"00:00:00","1926-06-27T00:00:00","occurrence",NA,1,45.8667,-74.0833,"gbif","GBIF","Lyman Entomological Museum","Canadian Biodiversity Information Facility","Canadian Biodiversity Information Facility","cc0 1.0","Canadian Biodiversity Information Facility"
"Plebejus saepiolus",1926,7,"00:00:00","1926-07-27T00:00:00","occurrence",NA,1,45.8667,-74.0833,"gbif","GBIF","Lyman Entomological Museum","Canadian Biodiversity Information Facility","Canadian Biodiversity Information Facility","cc0 1.0","Canadian Biodiversity Information Facility"
"Plebejus saepiolus",1926,7,"00:00:00","1926-07-04T00:00:00","occurrence",NA,1,45.8667,-74.0833,"gbif","GBIF","Lyman Entomological Museum","Canadian Biodiversity Information Facility","Canadian Biodiversity Information Facility","cc0 1.0","Canadian Biodiversity Information Facility"
"Plebejus saepiolus",1926,7,"00:00:00","1926-07-03T00:00:00","occurrence",NA,1,45.8667,-74.0833,"gbif","GBIF","Lyman Entomological Museum","Canadian Biodiversity Information Facility","Canadian Biodiversity Information Facility","cc0 1.0","Canadian Biodiversity Information Facility"
"Plebejus saepiolus",1926,6,"00:00:00","1926-06-30T00:00:00","occurrence",NA,1,45.8667,-74.0833,"gbif","GBIF","Lyman Entomological Museum","Canadian Biodiversity Information Facility","Canadian Biodiversity Information Facility","cc0 1.0","Canadian Biodiversity Information Facility"
"Plebejus saepiolus",1926,7,"00:00:00","1926-07-06T00:00:00","occurrence",NA,1,45.8667,-74.0833,"gbif","GBIF","Lyman Entomological Museum","Canadian Biodiversity Information Facility","Canadian Biodiversity Information Facility","cc0 1.0","Canadian Biodiversity Information Facility"
"Plebejus saepiolus",1926,7,"00:00:00","1926-07-14T00:00:00","occurrence",NA,1,45.8667,-74.0833,"gbif","GBIF","Lyman Entomological Museum","Canadian Biodiversity Information Facility","Canadian Biodiversity Information Facility","cc0 1.0","Canadian Biodiversity Information Facility"
"Plebejus saepiolus",1926,7,"00:00:00","1926-07-10T00:00:00","occurrence",NA,1,45.8667,-74.0833,"gbif","GBIF","Lyman Entomological Museum","Canadian Biodiversity Information Facility","Canadian Biodiversity Information Facility","cc0 1.0","Canadian Biodiversity Information Facility"
"Plebejus saepiolus",1926,6,"00:00:00","1926-06-29T00:00:00","occurrence",NA,1,45.8667,-74.0833,"gbif","GBIF","Lyman Entomological Museum","Canadian Biodiversity Information Facility","Canadian Biodiversity Information Facility","cc0 1.0","Canadian Biodiversity Information Facility"
"Thorybes pylades",1926,7,"00:00:00","1926-07-18T00:00:00","occurrence",NA,1,45.8667,-74.0833,"gbif","GBIF","Lyman Entomological Museum","Canadian Biodiversity Information Facility","Canadian Biodiversity Information Facility","cc0 1.0","Canadian Biodiversity Information Facility"
"Speyeria aphrodite",1926,8,"00:00:00","1926-08-06T00:00:00","occurrence",NA,1,45.8667,-74.0833,"gbif","GBIF","Lyman Entomological Museum","Canadian Biodiversity Information Facility","Canadian Biodiversity Information Facility","cc0 1.0","Canadian Biodiversity Information Facility"
"Lycaena phlaeas",1926,7,"00:00:00","1926-07-22T00:00:00","occurrence",NA,1,45.8667,-74.0833,"gbif","GBIF","Lyman Entomological Museum","Canadian Biodiversity Information Facility","Canadian Biodiversity Information Facility","cc0 1.0","Canadian Biodiversity Information Facility"
"Boloria bellona",1926,7,"00:00:00","1926-07-04T00:00:00","occurrence",NA,1,45.8667,-74.0833,"gbif","GBIF","Lyman Entomological Museum","Canadian Biodiversity Information Facility","Canadian Biodiversity Information Facility","cc0 1.0","Canadian Biodiversity Information Facility"
"Pieris rapae",1926,5,"00:00:00","1926-05-22T00:00:00","occurrence",NA,1,45.5,-73.5833,"gbif","GBIF","Lyman Entomological Museum","Canadian Biodiversity Information Facility","Canadian Biodiversity Information Facility","cc0 1.0","Canadian Biodiversity Information Facility"
"Limenitis archippus",1926,7,"00:00:00","1926-07-17T00:00:00","occurrence",NA,1,45.8667,-74.0833,"gbif","GBIF","Lyman Entomological Museum","Canadian Biodiversity Information Facility","Canadian Biodiversity Information Facility","cc0 1.0","Canadian Biodiversity Information Facility"
"Feniseca tarquinius",1926,8,"00:00:00","1926-08-22T00:00:00","occurrence",NA,1,45.8667,-74.0833,"gbif","GBIF","Lyman Entomological Museum","Canadian Biodiversity Information Facility","Canadian Biodiversity Information Facility","cc0 1.0","Canadian Biodiversity Information Facility"
"Speyeria cybele",1926,7,"00:00:00","1926-07-10T00:00:00","occurrence",NA,1,45.8667,-74.0833,"gbif","GBIF","Lyman Entomological Museum","Canadian Biodiversity Information Facility","Canadian Biodiversity Information Facility","cc0 1.0","Canadian Biodiversity Information Facility"
"Polites peckius",1926,7,"00:00:00","1926-07-21T00:00:00","occurrence",NA,1,45.8667,-74.0833,"gbif","GBIF","Lyman Entomological Museum","Canadian Biodiversity Information Facility","Canadian Biodiversity Information Facility","cc0 1.0","Canadian Biodiversity Information Facility"
"Polites peckius",1926,6,"00:00:00","1926-06-24T00:00:00","occurrence",NA,1,45.8667,-74.0833,"gbif","GBIF","Lyman Entomological Museum","Canadian Biodiversity Information Facility","Canadian Biodiversity Information Facility","cc0 1.0","Canadian Biodiversity Information Facility"
"Polites peckius",1926,6,"00:00:00","1926-06-28T00:00:00","occurrence",NA,1,45.8667,-74.0833,"gbif","GBIF","Lyman Entomological Museum","Canadian Biodiversity Information Facility","Canadian Biodiversity Information Facility","cc0 1.0","Canadian Biodiversity Information Facility"
"Pieris rapae",1926,5,"00:00:00","1926-05-22T00:00:00","occurrence",NA,1,45.5,-73.5833,"gbif","GBIF","Lyman Entomological Museum","Canadian Biodiversity Information Facility","Canadian Biodiversity Information Facility","cc0 1.0","Canadian Biodiversity Information Facility"
"Celastrina neglecta",1926,7,"00:00:00","1926-07-02T00:00:00","occurrence",NA,1,45.8667,-74.0833,"gbif","GBIF","Lyman Entomological Museum","Canadian Biodiversity Information Facility","Canadian Biodiversity Information Facility","cc0 1.0","Canadian Biodiversity Information Facility"
"Colias philodice",1926,7,"00:00:00","1926-07-11T00:00:00","occurrence",NA,1,45.8667,-74.0833,"gbif","GBIF","Lyman Entomological Museum","Canadian Biodiversity Information Facility","Canadian Biodiversity Information Facility","cc0 1.0","Canadian Biodiversity Information Facility"
"Colias philodice",1926,8,"00:00:00","1926-08-14T00:00:00","occurrence",NA,1,45.8667,-74.0833,"gbif","GBIF","Lyman Entomological Museum","Canadian Biodiversity Information Facility","Canadian Biodiversity Information Facility","cc0 1.0","Canadian Biodiversity Information Facility"
"Colias philodice",1926,8,"00:00:00","1926-08-07T00:00:00","occurrence",NA,1,45.8667,-74.0833,"gbif","GBIF","Lyman Entomological Museum","Canadian Biodiversity Information Facility","Canadian Biodiversity Information Facility","cc0 1.0","Canadian Biodiversity Information Facility"
"Colias philodice",1926,8,"00:00:00","1926-08-20T00:00:00","occurrence",NA,1,45.8667,-74.0833,"gbif","GBIF","Lyman Entomological Museum","Canadian Biodiversity Information Facility","Canadian Biodiversity Information Facility","cc0 1.0","Canadian Biodiversity Information Facility"
"Colias philodice",1926,7,"00:00:00","1926-07-23T00:00:00","occurrence",NA,1,45.8667,-74.0833,"gbif","GBIF","Lyman Entomological Museum","Canadian Biodiversity Information Facility","Canadian Biodiversity Information Facility","cc0 1.0","Canadian Biodiversity Information Facility"
"Colias philodice",1926,8,"00:00:00","1926-08-17T00:00:00","occurrence",NA,1,45.8667,-74.0833,"gbif","GBIF","Lyman Entomological Museum","Canadian Biodiversity Information Facility","Canadian Biodiversity Information Facility","cc0 1.0","Canadian Biodiversity Information Facility"
"Vanessa cardui",1926,5,"00:00:00","1926-05-20T00:00:00","occurrence",NA,1,45.5,-73.5833,"gbif","GBIF","Lyman Entomological Museum","Canadian Biodiversity Information Facility","Canadian Biodiversity Information Facility","cc0 1.0","Canadian Biodiversity Information Facility"
"Erynnis icelus",1926,7,"00:00:00","1926-07-01T00:00:00","occurrence",NA,1,45.8667,-74.0833,"gbif","GBIF","Lyman Entomological Museum","Canadian Biodiversity Information Facility","Canadian Biodiversity Information Facility","cc0 1.0","Canadian Biodiversity Information Facility"
"Erynnis icelus",1926,7,"00:00:00","1926-07-11T00:00:00","occurrence",NA,1,45.8667,-74.0833,"gbif","GBIF","Lyman Entomological Museum","Canadian Biodiversity Information Facility","Canadian Biodiversity Information Facility","cc0 1.0","Canadian Biodiversity Information Facility"
"Erynnis icelus",1926,6,"00:00:00","1926-06-27T00:00:00","occurrence",NA,1,45.8667,-74.0833,"gbif","GBIF","Lyman Entomological Museum","Canadian Biodiversity Information Facility","Canadian Biodiversity Information Facility","cc0 1.0","Canadian Biodiversity Information Facility"
"Erynnis icelus",1926,6,"00:00:00","1926-06-30T00:00:00","occurrence",NA,1,45.8667,-74.0833,"gbif","GBIF","Lyman Entomological Museum","Canadian Biodiversity Information Facility","Canadian Biodiversity Information Facility","cc0 1.0","Canadian Biodiversity Information Facility"
"Polygonia faunus",1926,8,"00:00:00","1926-08-20T00:00:00","occurrence",NA,1,45.8667,-74.0833,"gbif","GBIF","Lyman Entomological Museum","Canadian Biodiversity Information Facility","Canadian Biodiversity Information Facility","cc0 1.0","Canadian Biodiversity Information Facility"
"Polites origenes",1926,7,"00:00:00","1926-07-11T00:00:00","occurrence",NA,1,45.8667,-74.0833,"gbif","GBIF","Lyman Entomological Museum","Canadian Biodiversity Information Facility","Canadian Biodiversity Information Facility","cc0 1.0","Canadian Biodiversity Information Facility"
"Erynnis juvenalis",1926,6,"00:00:00","1926-06-16T00:00:00","occurrence",NA,1,45.5,-73.5833,"gbif","GBIF","Lyman Entomological Museum","Canadian Biodiversity Information Facility","Canadian Biodiversity Information Facility","cc0 1.0","Canadian Biodiversity Information Facility"
"Pieris oleracea",1926,7,"00:00:00","1926-07-24T00:00:00","occurrence",NA,1,45.8667,-74.0833,"gbif","GBIF","Lyman Entomological Museum","Canadian Biodiversity Information Facility","Canadian Biodiversity Information Facility","cc0 1.0","Canadian Biodiversity Information Facility"
"Polites mystic",1926,6,"00:00:00","1926-06-29T00:00:00","occurrence",NA,1,45.8667,-74.0833,"gbif","GBIF","Lyman Entomological Museum","Canadian Biodiversity Information Facility","Canadian Biodiversity Information Facility","cc0 1.0","Canadian Biodiversity Information Facility"
"Boloria selene",1926,8,"00:00:00","1926-08-16T00:00:00","occurrence",NA,1,45.8667,-74.0833,"gbif","GBIF","Lyman Entomological Museum","Canadian Biodiversity Information Facility","Canadian Biodiversity Information Facility","cc0 1.0","Canadian Biodiversity Information Facility"
"Limenitis arthemis",1926,7,"00:00:00","1926-07-16T00:00:00","occurrence",NA,1,45.8667,-74.0833,"gbif","GBIF","Lyman Entomological Museum","Canadian Biodiversity Information Facility","Canadian Biodiversity Information Facility","cc0 1.0","Canadian Biodiversity Information Facility"
"Boloria selene",1926,7,"00:00:00","1926-07-17T00:00:00","occurrence",NA,1,45.8667,-74.0833,"gbif","GBIF","Lyman Entomological Museum","Canadian Biodiversity Information Facility","Canadian Biodiversity Information Facility","cc0 1.0","Canadian Biodiversity Information Facility"
"Boloria selene",1926,7,"00:00:00","1926-07-22T00:00:00","occurrence",NA,1,45.8667,-74.0833,"gbif","GBIF","Lyman Entomological Museum","Canadian Biodiversity Information Facility","Canadian Biodiversity Information Facility","cc0 1.0","Canadian Biodiversity Information Facility"
"Coenonympha tullia",1926,7,"00:00:00","1926-07-11T00:00:00","occurrence",NA,1,45.8667,-74.0833,"gbif","GBIF","Lyman Entomological Museum","Canadian Biodiversity Information Facility","Canadian Biodiversity Information Facility","cc0 1.0","Canadian Biodiversity Information Facility"
"Boloria bellona",1926,7,"00:00:00","1926-07-14T00:00:00","occurrence",NA,1,45.8667,-74.0833,"gbif","GBIF","Lyman Entomological Museum","Canadian Biodiversity Information Facility","Canadian Biodiversity Information Facility","cc0 1.0","Canadian Biodiversity Information Facility"
"Boloria bellona",1926,7,"00:00:00","1926-07-22T00:00:00","occurrence",NA,1,45.8667,-74.0833,"gbif","GBIF","Lyman Entomological Museum","Canadian Biodiversity Information Facility","Canadian Biodiversity Information Facility","cc0 1.0","Canadian Biodiversity Information Facility"
"Boloria bellona",1926,8,"00:00:00","1926-08-12T00:00:00","occurrence",NA,1,45.8667,-74.0833,"gbif","GBIF","Lyman Entomological Museum","Canadian Biodiversity Information Facility","Canadian Biodiversity Information Facility","cc0 1.0","Canadian Biodiversity Information Facility"
"Satyrium acadica",1926,7,"00:00:00","1926-07-29T00:00:00","occurrence",NA,1,45.25,-72.55,"gbif","GBIF","Lyman Entomological Museum","Canadian Biodiversity Information Facility","Canadian Biodiversity Information Facility","cc0 1.0","Canadian Biodiversity Information Facility"
"Hesperia leonardus",1926,8,"00:00:00","1926-08-27T00:00:00","occurrence",NA,1,45.8667,-74.0833,"gbif","GBIF","Lyman Entomological Museum","Canadian Biodiversity Information Facility","Canadian Biodiversity Information Facility","cc0 1.0","Canadian Biodiversity Information Facility"
"Hesperia leonardus",1926,9,"00:00:00","1926-09-01T00:00:00","occurrence",NA,1,45.8667,-74.0833,"gbif","GBIF","Lyman Entomological Museum","Canadian Biodiversity Information Facility","Canadian Biodiversity Information Facility","cc0 1.0","Canadian Biodiversity Information Facility"
"Hesperia leonardus",1926,8,"00:00:00","1926-08-20T00:00:00","occurrence",NA,1,45.8667,-74.0833,"gbif","GBIF","Lyman Entomological Museum","Canadian Biodiversity Information Facility","Canadian Biodiversity Information Facility","cc0 1.0","Canadian Biodiversity Information Facility"
"Satyrium acadica",1926,7,"00:00:00","1926-07-29T00:00:00","occurrence",NA,1,45.25,-72.55,"gbif","GBIF","Lyman Entomological Museum","Canadian Biodiversity Information Facility","Canadian Biodiversity Information Facility","cc0 1.0","Canadian Biodiversity Information Facility"
"Polygonia faunus",1926,8,"00:00:00","1926-08-06T00:00:00","occurrence",NA,1,45.8667,-74.0833,"gbif","GBIF","Lyman Entomological Museum","Canadian Biodiversity Information Facility","Canadian Biodiversity Information Facility","cc0 1.0","Canadian Biodiversity Information Facility"
"Lycaenidae",1926,7,"00:00:00","1926-07-27T00:00:00","occurrence",NA,1,45.25,-72.55,"gbif","GBIF","Lyman Entomological Museum","Canadian Biodiversity Information Facility","Canadian Biodiversity Information Facility","cc0 1.0","Canadian Biodiversity Information Facility"
"Speyeria atlantis",1926,7,"00:00:00","1926-07-14T00:00:00","occurrence",NA,1,45.8667,-74.0833,"gbif","GBIF","Lyman Entomological Museum","Canadian Biodiversity Information Facility","Canadian Biodiversity Information Facility","cc0 1.0","Canadian Biodiversity Information Facility"
"Speyeria atlantis",1926,7,"00:00:00","1926-07-24T00:00:00","occurrence",NA,1,45.8667,-74.0833,"gbif","GBIF","Lyman Entomological Museum","Canadian Biodiversity Information Facility","Canadian Biodiversity Information Facility","cc0 1.0","Canadian Biodiversity Information Facility"
"Euphyes vestris",1926,7,"00:00:00","1926-07-26T00:00:00","occurrence",NA,1,45.8667,-74.0833,"gbif","GBIF","Lyman Entomological Museum","Canadian Biodiversity Information Facility","Canadian Biodiversity Information Facility","cc0 1.0","Canadian Biodiversity Information Facility"
"Hesperia comma",1926,8,"00:00:00","1926-08-24T00:00:00","occurrence",NA,1,45.8667,-74.0833,"gbif","GBIF","Lyman Entomological Museum","Canadian Biodiversity Information Facility","Canadian Biodiversity Information Facility","cc0 1.0","Canadian Biodiversity Information Facility"
"Hesperia comma",1926,7,"00:00:00","1926-07-16T00:00:00","occurrence",NA,1,45.8667,-74.0833,"gbif","GBIF","Lyman Entomological Museum","Canadian Biodiversity Information Facility","Canadian Biodiversity Information Facility","cc0 1.0","Canadian Biodiversity Information Facility"
"Satyrium acadica",1926,7,"00:00:00","1926-07-22T00:00:00","occurrence",NA,1,45.8667,-74.0833,"gbif","GBIF","Lyman Entomological Museum","Canadian Biodiversity Information Facility","Canadian Biodiversity Information Facility","cc0 1.0","Canadian Biodiversity Information Facility"
"Colias philodice",1926,8,"00:00:00","1926-08-07T00:00:00","occurrence",NA,1,45.8667,-74.0833,"gbif","GBIF","Lyman Entomological Museum","Canadian Biodiversity Information Facility","Canadian Biodiversity Information Facility","cc0 1.0","Canadian Biodiversity Information Facility"
"Colias interior",1926,7,"00:00:00","1926-07-22T00:00:00","occurrence",NA,1,45.8667,-74.0833,"gbif","GBIF","Lyman Entomological Museum","Canadian Biodiversity Information Facility","Canadian Biodiversity Information Facility","cc0 1.0","Canadian Biodiversity Information Facility"
"Satyrium acadica",1926,8,"00:00:00","1926-08-11T00:00:00","occurrence",NA,1,45.8667,-74.0833,"gbif","GBIF","Lyman Entomological Museum","Canadian Biodiversity Information Facility","Canadian Biodiversity Information Facility","cc0 1.0","Canadian Biodiversity Information Facility"
"Chlosyne harrisii",1926,8,"00:00:00","1926-08-04T00:00:00","occurrence",NA,1,45.8667,-74.0833,"gbif","GBIF","Lyman Entomological Museum","Canadian Biodiversity Information Facility","Canadian Biodiversity Information Facility","cc0 1.0","Canadian Biodiversity Information Facility"
"Nymphalis antiopa",1926,8,"00:00:00","1926-08-19T00:00:00","occurrence",NA,1,45.8667,-74.0833,"gbif","GBIF","Lyman Entomological Museum","Canadian Biodiversity Information Facility","Canadian Biodiversity Information Facility","cc0 1.0","Canadian Biodiversity Information Facility"
"Nymphalis antiopa",1926,8,"00:00:00","1926-08-04T00:00:00","occurrence",NA,1,45.8667,-74.0833,"gbif","GBIF","Lyman Entomological Museum","Canadian Biodiversity Information Facility","Canadian Biodiversity Information Facility","cc0 1.0","Canadian Biodiversity Information Facility"
"Polygonia progne",1926,7,"00:00:00","1926-07-28T00:00:00","occurrence",NA,1,45.8667,-74.0833,"gbif","GBIF","Lyman Entomological Museum","Canadian Biodiversity Information Facility","Canadian Biodiversity Information Facility","cc0 1.0","Canadian Biodiversity Information Facility"
"Lycaenidae",1926,7,"00:00:00","1926-07-25T00:00:00","occurrence",NA,1,45.25,-72.55,"gbif","GBIF","Lyman Entomological Museum","Canadian Biodiversity Information Facility","Canadian Biodiversity Information Facility","cc0 1.0","Canadian Biodiversity Information Facility"
"Satyrium titus",1926,7,"00:00:00","1926-07-17T00:00:00","occurrence",NA,1,45.8667,-74.0833,"gbif","GBIF","Lyman Entomological Museum","Canadian Biodiversity Information Facility","Canadian Biodiversity Information Facility","cc0 1.0","Canadian Biodiversity Information Facility"
"Megisto cymela",1926,8,"00:00:00","1926-08-11T00:00:00","occurrence",NA,1,45.8667,-74.0833,"gbif","GBIF","Lyman Entomological Museum","Canadian Biodiversity Information Facility","Canadian Biodiversity Information Facility","cc0 1.0","Canadian Biodiversity Information Facility"
"Phyciodes cocyta",1926,7,"00:00:00","1926-07-24T00:00:00","occurrence",NA,1,45.8667,-74.0833,"gbif","GBIF","Lyman Entomological Museum","Canadian Biodiversity Information Facility","Canadian Biodiversity Information Facility","cc0 1.0","Canadian Biodiversity Information Facility"
"Phyciodes cocyta",1926,8,"00:00:00","1926-08-14T00:00:00","occurrence",NA,1,45.8667,-74.0833,"gbif","GBIF","Lyman Entomological Museum","Canadian Biodiversity Information Facility","Canadian Biodiversity Information Facility","cc0 1.0","Canadian Biodiversity Information Facility"
"Amblyscirtes vialis",1926,7,"00:00:00","1926-07-14T00:00:00","occurrence",NA,1,45.8667,-74.0833,"gbif","GBIF","Lyman Entomological Museum","Canadian Biodiversity Information Facility","Canadian Biodiversity Information Facility","cc0 1.0","Canadian Biodiversity Information Facility"
"Amblyscirtes vialis",1926,7,"00:00:00","1926-07-06T00:00:00","occurrence",NA,1,45.8667,-74.0833,"gbif","GBIF","Lyman Entomological Museum","Canadian Biodiversity Information Facility","Canadian Biodiversity Information Facility","cc0 1.0","Canadian Biodiversity Information Facility"
"Phyciodes cocyta",1926,8,"00:00:00","1926-08-11T00:00:00","occurrence",NA,1,45.8667,-74.0833,"gbif","GBIF","Lyman Entomological Museum","Canadian Biodiversity Information Facility","Canadian Biodiversity Information Facility","cc0 1.0","Canadian Biodiversity Information Facility"
"Lycaena phlaeas",1926,8,"00:00:00","1926-08-17T00:00:00","occurrence",NA,1,45.8667,-74.0833,"gbif","GBIF","Lyman Entomological Museum","Canadian Biodiversity Information Facility","Canadian Biodiversity Information Facility","cc0 1.0","Canadian Biodiversity Information Facility"
"Lycaena phlaeas",1926,8,"00:00:00","1926-08-09T00:00:00","occurrence",NA,1,45.8667,-74.0833,"gbif","GBIF","Lyman Entomological Museum","Canadian Biodiversity Information Facility","Canadian Biodiversity Information Facility","cc0 1.0","Canadian Biodiversity Information Facility"
"Poanes hobomok",1926,6,"00:00:00","1926-06-24T00:00:00","occurrence",NA,1,45.8667,-74.0833,"gbif","GBIF","Lyman Entomological Museum","Canadian Biodiversity Information Facility","Canadian Biodiversity Information Facility","cc0 1.0","Canadian Biodiversity Information Facility"
"Poanes hobomok",1926,6,"00:00:00","1926-06-27T00:00:00","occurrence",NA,1,45.8667,-74.0833,"gbif","GBIF","Lyman Entomological Museum","Canadian Biodiversity Information Facility","Canadian Biodiversity Information Facility","cc0 1.0","Canadian Biodiversity Information Facility"
"Poanes hobomok",1926,7,"00:00:00","1926-07-09T00:00:00","occurrence",NA,1,45.8667,-74.0833,"gbif","GBIF","Lyman Entomological Museum","Canadian Biodiversity Information Facility","Canadian Biodiversity Information Facility","cc0 1.0","Canadian Biodiversity Information Facility"
"Coleophora laricella",1926,4,"00:00:00","1926-04-11T00:00:00","occurrence",NA,1,45.05,-73.6,"gbif","GBIF","Academy of Natural Sciences Entomology Collection","Academy of Natural Sciences","Academy of Natural Sciences","cc by nc 4.0","Academy of Natural Sciences"
"Coleophora pruniella",1926,7,"00:00:00","1926-07-01T00:00:00","occurrence",NA,1,45.05,-73.6,"gbif","GBIF","Academy of Natural Sciences Entomology Collection","Academy of Natural Sciences","Academy of Natural Sciences","cc by nc 4.0","Academy of Natural Sciences"
"Coleophora pruniella",1926,7,"00:00:00","1926-07-01T00:00:00","occurrence",NA,1,45.05,-73.6,"gbif","GBIF","Academy of Natural Sciences Entomology Collection","Academy of Natural Sciences","Academy of Natural Sciences","cc by nc 4.0","Academy of Natural Sciences"
"Coleophora pruniella",1926,7,"00:00:00","1926-07-01T00:00:00","occurrence",NA,1,45.05,-73.6,"gbif","GBIF","Academy of Natural Sciences Entomology Collection","Academy of Natural Sciences","Academy of Natural Sciences","cc by nc 4.0","Academy of Natural Sciences"
"Coleophora laricella",1926,4,"00:00:00","1926-04-11T00:00:00","occurrence",NA,1,45.05,-73.6,"gbif","GBIF","Academy of Natural Sciences Entomology Collection","Academy of Natural Sciences","Academy of Natural Sciences","cc by nc 4.0","Academy of Natural Sciences"
"Coleophora laricella",1926,4,"00:00:00","1926-04-11T00:00:00","occurrence",NA,1,45.05,-73.6,"gbif","GBIF","Academy of Natural Sciences Entomology Collection","Academy of Natural Sciences","Academy of Natural Sciences","cc by nc 4.0","Academy of Natural Sciences"
"Coleophora laricella",1926,4,"00:00:00","1926-04-11T00:00:00","occurrence",NA,1,45.05,-73.6,"gbif","GBIF","Academy of Natural Sciences Entomology Collection","Academy of Natural Sciences","Academy of Natural Sciences","cc by nc 4.0","Academy of Natural Sciences"
"Coleophora laricella",1926,4,"00:00:00","1926-04-11T00:00:00","occurrence",NA,1,45.05,-73.6,"gbif","GBIF","Academy of Natural Sciences Entomology Collection","Academy of Natural Sciences","Academy of Natural Sciences","cc by nc 4.0","Academy of Natural Sciences"
"Coleophora laricella",1926,4,"00:00:00","1926-04-11T00:00:00","occurrence",NA,1,45.05,-73.6,"gbif","GBIF","Academy of Natural Sciences Entomology Collection","Academy of Natural Sciences","Academy of Natural Sciences","cc by nc 4.0","Academy of Natural Sciences"
"Plebejus saepiolus",1926,7,"00:00:00","1926-07-04T00:00:00","abundance",NA,2,46.044738,-73.710612,"gbif","GBIF","eButterfly Surveys","Vermont Center for Ecostudies","Vermont Center for Ecostudies","cc by nc 4.0","Vermont Center for Ecostudies"
"Erynnis icelus",1926,6,"00:00:00","1926-06-27T00:00:00","occurrence",NA,1,46.044738,-73.710612,"gbif","GBIF","eButterfly Surveys","Vermont Center for Ecostudies","Vermont Center for Ecostudies","cc by nc 4.0","Vermont Center for Ecostudies"
"Plebejus saepiolus",1926,7,"00:00:00","1926-07-03T00:00:00","abundance",NA,3,45.875457,-74.082091,"gbif","GBIF","eButterfly Surveys","Vermont Center for Ecostudies","Vermont Center for Ecostudies","cc by nc 4.0","Vermont Center for Ecostudies"
"Plebejus saepiolus",1926,7,"00:00:00","1926-07-06T00:00:00","occurrence",NA,1,45.875457,-74.082091,"gbif","GBIF","eButterfly Surveys","Vermont Center for Ecostudies","Vermont Center for Ecostudies","cc by nc 4.0","Vermont Center for Ecostudies"
"Poanes hobomok",1926,6,"00:00:00","1926-06-24T00:00:00","occurrence",NA,1,45.875457,-74.082091,"gbif","GBIF","eButterfly Surveys","Vermont Center for Ecostudies","Vermont Center for Ecostudies","cc by nc 4.0","Vermont Center for Ecostudies"
"Erynnis icelus",1926,6,"00:00:00","1926-06-30T00:00:00","occurrence",NA,1,45.875457,-74.082091,"gbif","GBIF","eButterfly Surveys","Vermont Center for Ecostudies","Vermont Center for Ecostudies","cc by nc 4.0","Vermont Center for Ecostudies"
"Lepidoptera",1926,7,"00:00:00","1926-07-14T00:00:00","occurrence",NA,1,45.875457,-74.082091,"gbif","GBIF","eButterfly Surveys","Vermont Center for Ecostudies","Vermont Center for Ecostudies","cc by nc 4.0","Vermont Center for Ecostudies"
"Lycaena hyllus",1926,7,"00:00:00","1926-07-25T00:00:00","occurrence",NA,1,45.241774,-72.545964,"gbif","GBIF","eButterfly Surveys","Vermont Center for Ecostudies","Vermont Center for Ecostudies","cc by nc 4.0","Vermont Center for Ecostudies"
"Satyrium acadica",1926,7,"00:00:00","1926-07-30T00:00:00","occurrence",NA,1,45.241774,-72.545964,"gbif","GBIF","eButterfly Surveys","Vermont Center for Ecostudies","Vermont Center for Ecostudies","cc by nc 4.0","Vermont Center for Ecostudies"
"Colias eurytheme",1926,9,"00:00:00","1926-09-08T00:00:00","occurrence",NA,1,45.875457,-74.082091,"gbif","GBIF","eButterfly Surveys","Vermont Center for Ecostudies","Vermont Center for Ecostudies","cc by nc 4.0","Vermont Center for Ecostudies"
"Erynnis icelus",1926,7,"00:00:00","1926-07-11T00:00:00","occurrence",NA,1,45.875457,-74.082091,"gbif","GBIF","eButterfly Surveys","Vermont Center for Ecostudies","Vermont Center for Ecostudies","cc by nc 4.0","Vermont Center for Ecostudies"
"Polites peckius",1926,7,"00:00:00","1926-07-29T00:00:00","occurrence",NA,1,45.241774,-72.545964,"gbif","GBIF","eButterfly Surveys","Vermont Center for Ecostudies","Vermont Center for Ecostudies","cc by nc 4.0","Vermont Center for Ecostudies"
"Polites mystic",1926,7,"00:00:00","1926-07-29T00:00:00","occurrence",NA,1,45.241774,-72.545964,"gbif","GBIF","eButterfly Surveys","Vermont Center for Ecostudies","Vermont Center for Ecostudies","cc by nc 4.0","Vermont Center for Ecostudies"
"Erynnis icelus",1926,7,"00:00:00","1926-07-01T00:00:00","occurrence",NA,1,45.875457,-74.082091,"gbif","GBIF","eButterfly Surveys","Vermont Center for Ecostudies","Vermont Center for Ecostudies","cc by nc 4.0","Vermont Center for Ecostudies"
"Poanes hobomok",1926,6,"00:00:00","1926-06-27T00:00:00","abundance",NA,2,45.875457,-74.082091,"gbif","GBIF","eButterfly Surveys","Vermont Center for Ecostudies","Vermont Center for Ecostudies","cc by nc 4.0","Vermont Center for Ecostudies"
"Coenonympha tullia",1926,7,"00:00:00","1926-07-01T00:00:00","abundance",NA,4,45.875457,-74.082091,"gbif","GBIF","eButterfly Surveys","Vermont Center for Ecostudies","Vermont Center for Ecostudies","cc by nc 4.0","Vermont Center for Ecostudies"
"Limenitis arthemis",1926,7,"00:00:00","1926-07-16T00:00:00","occurrence",NA,1,45.875457,-74.082091,"gbif","GBIF","eButterfly Surveys","Vermont Center for Ecostudies","Vermont Center for Ecostudies","cc by nc 4.0","Vermont Center for Ecostudies"
"Coenonympha tullia",1926,8,"00:00:00","1926-08-01T00:00:00","occurrence",NA,1,45.875457,-74.082091,"gbif","GBIF","eButterfly Surveys","Vermont Center for Ecostudies","Vermont Center for Ecostudies","cc by nc 4.0","Vermont Center for Ecostudies"
"Nymphalis l-album",1926,8,"00:00:00","1926-08-09T00:00:00","occurrence",NA,1,45.875457,-74.082091,"gbif","GBIF","eButterfly Surveys","Vermont Center for Ecostudies","Vermont Center for Ecostudies","cc by nc 4.0","Vermont Center for Ecostudies"
"Colias philodice",1926,8,"00:00:00","1926-08-17T00:00:00","occurrence",NA,1,45.875457,-74.082091,"gbif","GBIF","eButterfly Surveys","Vermont Center for Ecostudies","Vermont Center for Ecostudies","cc by nc 4.0","Vermont Center for Ecostudies"
"Plebejus saepiolus",1926,7,"00:00:00","1926-07-11T00:00:00","abundance",NA,2,45.875457,-74.082091,"gbif","GBIF","eButterfly Surveys","Vermont Center for Ecostudies","Vermont Center for Ecostudies","cc by nc 4.0","Vermont Center for Ecostudies"
"Satyrium acadica",1926,8,"00:00:00","1926-08-11T00:00:00","occurrence",NA,1,45.875457,-74.082091,"gbif","GBIF","eButterfly Surveys","Vermont Center for Ecostudies","Vermont Center for Ecostudies","cc by nc 4.0","Vermont Center for Ecostudies"
"Celastrina ladon",1926,5,"00:00:00","1926-05-18T00:00:00","occurrence",NA,1,45.4333,-75.9,"gbif","GBIF","Canadian National Collection (CNC) of Insects, Arachnids and Nematodes","Canadian Biodiversity Information Facility","Canadian Biodiversity Information Facility","cc by 4.0","Canadian Biodiversity Information Facility"
"Oeneis jutta ascerta",1926,6,"00:00:00","1926-06-17T00:00:00","occurrence",NA,1,46.8167,-71.2333,"gbif","GBIF","Canadian National Collection (CNC) of Insects, Arachnids and Nematodes","Canadian Biodiversity Information Facility","Canadian Biodiversity Information Facility","cc by 4.0","Canadian Biodiversity Information Facility"
"Coenonympha tullia mcisaaci",1926,7,"00:00:00","1926-07-11T00:00:00","occurrence",NA,1,45.8667,-74.0833,"gbif","GBIF","Canadian National Collection (CNC) of Insects, Arachnids and Nematodes","Canadian Biodiversity Information Facility","Canadian Biodiversity Information Facility","cc by 4.0","Canadian Biodiversity Information Facility"
"Coenonympha tullia mcisaaci",1926,7,"00:00:00","1926-07-10T00:00:00","occurrence",NA,1,45.8667,-74.0833,"gbif","GBIF","Canadian National Collection (CNC) of Insects, Arachnids and Nematodes","Canadian Biodiversity Information Facility","Canadian Biodiversity Information Facility","cc by 4.0","Canadian Biodiversity Information Facility"
"Coenonympha tullia mcisaaci",1926,7,"00:00:00","1926-07-11T00:00:00","occurrence",NA,1,45.8667,-74.0833,"gbif","GBIF","Canadian National Collection (CNC) of Insects, Arachnids and Nematodes","Canadian Biodiversity Information Facility","Canadian Biodiversity Information Facility","cc by 4.0","Canadian Biodiversity Information Facility"
"Plebejus saepiolus",1926,7,"00:00:00","1926-07-14T00:00:00","occurrence",NA,1,45.8667,-74.0833,"gbif","GBIF","Canadian National Collection (CNC) of Insects, Arachnids and Nematodes","Canadian Biodiversity Information Facility","Canadian Biodiversity Information Facility","cc by 4.0","Canadian Biodiversity Information Facility"
"Plebejus saepiolus",1926,7,"00:00:00","1926-07-10T00:00:00","occurrence",NA,1,45.8667,-74.0833,"gbif","GBIF","Canadian National Collection (CNC) of Insects, Arachnids and Nematodes","Canadian Biodiversity Information Facility","Canadian Biodiversity Information Facility","cc by 4.0","Canadian Biodiversity Information Facility"
"Glaucopsyche lygdamus",1926,6,"00:00:00","1926-06-13T00:00:00","occurrence",NA,1,46.8167,-71.2333,"gbif","GBIF","Canadian National Collection (CNC) of Insects, Arachnids and Nematodes","Canadian Biodiversity Information Facility","Canadian Biodiversity Information Facility","cc by 4.0","Canadian Biodiversity Information Facility"
"Enargia decolor",1926,9,"00:00:00","1926-09-03T00:00:00","occurrence",NA,1,45.5,-73.583333,"gbif","GBIF","University of Minnesota Insect Collection","University of Minnesota Insect Collection","University of Minnesota Insect Collection","cc0 1.0","University of Minnesota Insect Collection"
"Atalopedes campestris",1926,9,"","1926-09-27","presence",NA,1,33.6577,-93.5003,"ebutterfly","Maxim Larrivée, Jeremy Kerr, Kent McFarland and Katy Prudic","eButterfly","ebutterfly","eButterfly","","eButterfly"
"Colias eurytheme",1926,10,"","1926-10-13","presence",NA,1,38.627,-90.1994,"ebutterfly","Maxim Larrivée, Jeremy Kerr, Kent McFarland and Katy Prudic","eButterfly","ebutterfly","eButterfly","","eButterfly"
"Pompeius verna",1926,8,"","1926-08-01","presence",NA,1,38.4825,-100.9071,"ebutterfly","Maxim Larrivée, Jeremy Kerr, Kent McFarland and Katy Prudic","eButterfly","ebutterfly","eButterfly","","eButterfly"
"Speyeria callippe",1926,6,"","1926-06-01","presence",NA,1,43.9939,-103.7718,"ebutterfly","Maxim Larrivée, Jeremy Kerr, Kent McFarland and Katy Prudic","eButterfly","ebutterfly","eButterfly","","eButterfly"
"Eurytides marcellus",1926,8,"","1926-08-01","presence",NA,1,30.4213,-87.2169,"ebutterfly","Maxim Larrivée, Jeremy Kerr, Kent McFarland and Katy Prudic","eButterfly","ebutterfly","eButterfly","","eButterfly"
"Lycaena arota",1926,7,"","1926-07-25","presence",NA,1,34.5199,-105.8701,"ebutterfly","Maxim Larrivée, Jeremy Kerr, Kent McFarland and Katy Prudic","eButterfly","ebutterfly","eButterfly","","eButterfly"
"Pyrgus communis",1926,10,"","1926-10-19","presence",NA,1,33.6577,-93.5003,"ebutterfly","Maxim Larrivée, Jeremy Kerr, Kent McFarland and Katy Prudic","eButterfly","ebutterfly","eButterfly","","eButterfly"
"Thorybes confusis",1926,6,"","1926-06-20","presence",NA,1,38.627,-90.1994,"ebutterfly","Maxim Larrivée, Jeremy Kerr, Kent McFarland and Katy Prudic","eButterfly","ebutterfly","eButterfly","","eButterfly"
"Cercyonis pegala",1926,7,"","1926-07-30","presence",NA,1,45.9574,-66.9692,"ebutterfly","Maxim Larrivée, Jeremy Kerr, Kent McFarland and Katy Prudic","eButterfly","ebutterfly","eButterfly","","eButterfly"
"Hylephila phyleus",1926,9,"","1926-09-27","presence",NA,1,33.6577,-93.5003,"ebutterfly","Maxim Larrivée, Jeremy Kerr, Kent McFarland and Katy Prudic","eButterfly","ebutterfly","eButterfly","","eButterfly"
"Eurema daira",1926,10,"","1926-10-16","presence",NA,1,33.6577,-93.5003,"ebutterfly","Maxim Larrivée, Jeremy Kerr, Kent McFarland and Katy Prudic","eButterfly","ebutterfly","eButterfly","","eButterfly"
"Papilio cresphontes",1926,8,"","1926-08-01","presence",NA,1,30.4213,-87.2169,"ebutterfly","Maxim Larrivée, Jeremy Kerr, Kent McFarland and Katy Prudic","eButterfly","ebutterfly","eButterfly","","eButterfly"
"Hypaurotis crysalus",1926,7,"","1926-07-20","presence",NA,1,34.5199,-105.8701,"ebutterfly","Maxim Larrivée, Jeremy Kerr, Kent McFarland and Katy Prudic","eButterfly","ebutterfly","eButterfly","","eButterfly"
"Hypaurotis crysalus",1926,7,"","1926-07-17","presence",NA,1,34.5199,-105.8701,"ebutterfly","Maxim Larrivée, Jeremy Kerr, Kent McFarland and Katy Prudic","eButterfly","ebutterfly","eButterfly","","eButterfly"
"Pyrgus communis",1926,5,"","1926-05-31","presence",NA,1,38.627,-90.1994,"ebutterfly","Maxim Larrivée, Jeremy Kerr, Kent McFarland and Katy Prudic","eButterfly","ebutterfly","eButterfly","","eButterfly"
"Hylephila phyleus",1926,10,"","1926-10-01","presence",NA,1,33.6671,-93.5916,"ebutterfly","Maxim Larrivée, Jeremy Kerr, Kent McFarland and Katy Prudic","eButterfly","ebutterfly","eButterfly","","eButterfly"
"Lycaena arota",1926,7,"","1926-07-06","presence",NA,1,34.5199,-105.8701,"ebutterfly","Maxim Larrivée, Jeremy Kerr, Kent McFarland and Katy Prudic","eButterfly","ebutterfly","eButterfly","","eButterfly"
"Erynnis martialis",1926,7,"","1926-07-13","presence",NA,1,36.9625,-90.983,"ebutterfly","Maxim Larrivée, Jeremy Kerr, Kent McFarland and Katy Prudic","eButterfly","ebutterfly","eButterfly","","eButterfly"
"Pyrgus communis",1926,10,"","1926-10-13","presence",NA,1,38.627,-90.1994,"ebutterfly","Maxim Larrivée, Jeremy Kerr, Kent McFarland and Katy Prudic","eButterfly","ebutterfly","eButterfly","","eButterfly"
"Zestusa dorus",1926,4,"","1926-04-25","presence",NA,1,34.5199,-105.8701,"ebutterfly","Maxim Larrivée, Jeremy Kerr, Kent McFarland and Katy Prudic","eButterfly","ebutterfly","eButterfly","","eButterfly"
"Hypaurotis crysalus",1926,7,"","1926-07-16","presence",NA,1,34.5199,-105.8701,"ebutterfly","Maxim Larrivée, Jeremy Kerr, Kent McFarland and Katy Prudic","eButterfly","ebutterfly","eButterfly","","eButterfly"
"Erynnis lucilius",1926,7,"","1926-07-14","presence",NA,1,36.9625,-90.983,"ebutterfly","Maxim Larrivée, Jeremy Kerr, Kent McFarland and Katy Prudic","eButterfly","ebutterfly","eButterfly","","eButterfly"
"Strymon melinus",1926,7,"","1926-07-20","presence",NA,1,42.4802,-71.1,"ebutterfly","Maxim Larrivée, Jeremy Kerr, Kent McFarland and Katy Prudic","eButterfly","ebutterfly","eButterfly","","eButterfly"
"Euchloe olympia",1926,4,"","1926-04-22","presence",NA,1,43.2107,-81.9769,"ebutterfly","Maxim Larrivée, Jeremy Kerr, Kent McFarland and Katy Prudic","eButterfly","ebutterfly","eButterfly","","eButterfly"
