"observed_scientific_name","year_obs","day_obs","time_obs","dwc_event_date","obs_variable","obs_unit","obs_value","lat","lon","original_source","creator","title","publisher","intellectual_rights","license","owner"
"Phyciodes cocyta",1929,7,"00:00:00","1929-07-13T00:00:00","presence",NA,1,45.5017,-73.5673,"ebutterfly","Maxim Larrivée, Jeremy Kerr, Kent McFarland and Katy Prudic","eButterfly","ebutterfly","eButterfly","","eButterfly"
"Colias philodice",1929,9,"00:00:00","1929-09-12T00:00:00","presence",NA,1,45.5017,-73.5673,"ebutterfly","Maxim Larrivée, Jeremy Kerr, Kent McFarland and Katy Prudic","eButterfly","ebutterfly","eButterfly","","eButterfly"
"Vanessa atalanta",1929,9,"00:00:00","1929-09-22T00:00:00","presence",NA,1,45.5017,-73.5673,"ebutterfly","Maxim Larrivée, Jeremy Kerr, Kent McFarland and Katy Prudic","eButterfly","ebutterfly","eButterfly","","eButterfly"
"Vanessa virginiensis",1929,9,"00:00:00","1929-09-22T00:00:00","presence",NA,1,45.5017,-73.5673,"ebutterfly","Maxim Larrivée, Jeremy Kerr, Kent McFarland and Katy Prudic","eButterfly","ebutterfly","eButterfly","","eButterfly"
"Colias philodice",1929,9,"","1929-09-20","presence",NA,1,45.5017,-73.5673,"ebutterfly","Maxim Larrivée, Jeremy Kerr, Kent McFarland and Katy Prudic","eButterfly","ebutterfly","eButterfly","","eButterfly"
"Euphydryas phaeton",1929,6,"00:00:00","1929-06-26T00:00:00","presence",NA,1,45.1437,-74.5027,"ebutterfly","Maxim Larrivée, Jeremy Kerr, Kent McFarland and Katy Prudic","eButterfly","ebutterfly","eButterfly","","eButterfly"
"Speyeria aphrodite",1929,8,"","1929-08-06","presence",NA,1,45.8755,-74.0821,"ebutterfly","Maxim Larrivée, Jeremy Kerr, Kent McFarland and Katy Prudic","eButterfly","ebutterfly","eButterfly","","eButterfly"
"Erynnis icelus",1929,7,"00:00:00","1929-07-03T00:00:00","presence",NA,1,45.7873,-74.6836,"ebutterfly","Maxim Larrivée, Jeremy Kerr, Kent McFarland and Katy Prudic","eButterfly","ebutterfly","eButterfly","","eButterfly"
"Erynnis icelus",1929,7,"","1929-07-03","presence",NA,1,48.3481,-68.803,"ebutterfly","Maxim Larrivée, Jeremy Kerr, Kent McFarland and Katy Prudic","eButterfly","ebutterfly","eButterfly","","eButterfly"
"Erynnis icelus",1929,7,"","1929-07-05","presence",NA,1,45.7873,-74.6836,"ebutterfly","Maxim Larrivée, Jeremy Kerr, Kent McFarland and Katy Prudic","eButterfly","ebutterfly","eButterfly","","eButterfly"
"Speyeria atlantis",1929,7,"","1929-07-09","presence",NA,1,45.8755,-74.0821,"ebutterfly","Maxim Larrivée, Jeremy Kerr, Kent McFarland and Katy Prudic","eButterfly","ebutterfly","eButterfly","","eButterfly"
"Lethe eurydice",1929,7,"","1929-07-11","presence",NA,1,45.8755,-74.0821,"ebutterfly","Maxim Larrivée, Jeremy Kerr, Kent McFarland and Katy Prudic","eButterfly","ebutterfly","eButterfly","","eButterfly"
"Limenitis archippus",1929,8,"","1929-08-07","presence",NA,1,45.9931,-73.2985,"ebutterfly","Maxim Larrivée, Jeremy Kerr, Kent McFarland and Katy Prudic","eButterfly","ebutterfly","eButterfly","","eButterfly"
"Euphydryas phaeton",1929,6,"","1929-06-27","presence",NA,1,45.8755,-74.0821,"ebutterfly","Maxim Larrivée, Jeremy Kerr, Kent McFarland and Katy Prudic","eButterfly","ebutterfly","eButterfly","","eButterfly"
"Polygonia faunus",1929,8,"","1929-08-30","presence",NA,1,45.9931,-73.2985,"ebutterfly","Maxim Larrivée, Jeremy Kerr, Kent McFarland and Katy Prudic","eButterfly","ebutterfly","eButterfly","","eButterfly"
"Feniseca tarquinius",1929,6,"00:00:00","1929-06-15T00:00:00","presence",NA,1,45.7873,-74.6836,"ebutterfly","Maxim Larrivée, Jeremy Kerr, Kent McFarland and Katy Prudic","eButterfly","ebutterfly","eButterfly","","eButterfly"
"Papilio canadensis",1929,5,"","1929-05-24","presence",NA,1,45.0195,-73.7571,"ebutterfly","Maxim Larrivée, Jeremy Kerr, Kent McFarland and Katy Prudic","eButterfly","ebutterfly","eButterfly","","eButterfly"
"Lycaena phlaeas",1929,9,"","1929-09-01","presence",NA,1,45.8755,-74.0821,"ebutterfly","Maxim Larrivée, Jeremy Kerr, Kent McFarland and Katy Prudic","eButterfly","ebutterfly","eButterfly","","eButterfly"
"Pieris virginiensis",1929,5,"","1929-05-17","presence",NA,1,45.3933,-73.9551,"ebutterfly","Maxim Larrivée, Jeremy Kerr, Kent McFarland and Katy Prudic","eButterfly","ebutterfly","eButterfly","","eButterfly"
"Colias eurytheme",1929,7,"","1929-07-27","presence",NA,1,45.5017,-73.5673,"ebutterfly","Maxim Larrivée, Jeremy Kerr, Kent McFarland and Katy Prudic","eButterfly","ebutterfly","eButterfly","","eButterfly"
"Cupido comyntas",1929,8,"","1929-08-19","presence",NA,1,45.9931,-73.2985,"ebutterfly","Maxim Larrivée, Jeremy Kerr, Kent McFarland and Katy Prudic","eButterfly","ebutterfly","eButterfly","","eButterfly"
"Polygonia faunus",1929,9,"","1929-09-13","presence",NA,1,45.8755,-74.0821,"ebutterfly","Maxim Larrivée, Jeremy Kerr, Kent McFarland and Katy Prudic","eButterfly","ebutterfly","eButterfly","","eButterfly"
"Epargyreus clarus",1929,10,"","1929-10-07","presence",NA,1,45.9931,-73.2985,"ebutterfly","Maxim Larrivée, Jeremy Kerr, Kent McFarland and Katy Prudic","eButterfly","ebutterfly","eButterfly","","eButterfly"
"Speyeria aphrodite",1929,7,"","1929-07-27","presence",NA,1,45.5017,-73.5673,"ebutterfly","Maxim Larrivée, Jeremy Kerr, Kent McFarland and Katy Prudic","eButterfly","ebutterfly","eButterfly","","eButterfly"
"Coenonympha inornata",1929,7,"","1929-07-03","presence",NA,1,45.8755,-74.0821,"ebutterfly","Maxim Larrivée, Jeremy Kerr, Kent McFarland and Katy Prudic","eButterfly","ebutterfly","eButterfly","","eButterfly"
"Limenitis arthemis",1929,7,"","1929-07-08","presence",NA,1,45.8755,-74.0821,"ebutterfly","Maxim Larrivée, Jeremy Kerr, Kent McFarland and Katy Prudic","eButterfly","ebutterfly","eButterfly","","eButterfly"
"Speyeria aphrodite",1929,8,"","1929-08-11","presence",NA,1,45.8755,-74.0821,"ebutterfly","Maxim Larrivée, Jeremy Kerr, Kent McFarland and Katy Prudic","eButterfly","ebutterfly","eButterfly","","eButterfly"
"Satyrium caryaevorus",1929,7,"","1929-07-21","presence",NA,1,45.5017,-73.5673,"ebutterfly","Maxim Larrivée, Jeremy Kerr, Kent McFarland and Katy Prudic","eButterfly","ebutterfly","eButterfly","","eButterfly"
"Erynnis lucilius",1929,5,"","1929-05-26","presence",NA,1,45.564,-73.179,"ebutterfly","Maxim Larrivée, Jeremy Kerr, Kent McFarland and Katy Prudic","eButterfly","ebutterfly","eButterfly","","eButterfly"
"Colias philodice",1929,9,"","1929-09-04","presence",NA,1,45.8755,-74.0821,"ebutterfly","Maxim Larrivée, Jeremy Kerr, Kent McFarland and Katy Prudic","eButterfly","ebutterfly","eButterfly","","eButterfly"
"Phyciodes cocyta",1929,6,"","1929-06-24","presence",NA,1,45.8755,-74.0821,"ebutterfly","Maxim Larrivée, Jeremy Kerr, Kent McFarland and Katy Prudic","eButterfly","ebutterfly","eButterfly","","eButterfly"
"Papilio canadensis",1929,6,"","1929-06-30","presence",NA,1,45.8755,-74.0821,"ebutterfly","Maxim Larrivée, Jeremy Kerr, Kent McFarland and Katy Prudic","eButterfly","ebutterfly","eButterfly","","eButterfly"
"Coenonympha inornata",1929,7,"","1929-07-07","presence",NA,1,45.8755,-74.0821,"ebutterfly","Maxim Larrivée, Jeremy Kerr, Kent McFarland and Katy Prudic","eButterfly","ebutterfly","eButterfly","","eButterfly"
"Vanessa atalanta",1929,7,"","1929-07-21","presence",NA,1,45.8755,-74.0821,"ebutterfly","Maxim Larrivée, Jeremy Kerr, Kent McFarland and Katy Prudic","eButterfly","ebutterfly","eButterfly","","eButterfly"
"Colias philodice",1929,9,"","1929-09-08","presence",NA,1,45.5017,-73.5673,"ebutterfly","Maxim Larrivée, Jeremy Kerr, Kent McFarland and Katy Prudic","eButterfly","ebutterfly","eButterfly","","eButterfly"
"Hesperia comma",1929,8,"","1929-08-11","presence",NA,1,45.8755,-74.0821,"ebutterfly","Maxim Larrivée, Jeremy Kerr, Kent McFarland and Katy Prudic","eButterfly","ebutterfly","eButterfly","","eButterfly"
"Plebejus saepiolus",1929,7,"","1929-07-08","presence",NA,1,45.8755,-74.0821,"ebutterfly","Maxim Larrivée, Jeremy Kerr, Kent McFarland and Katy Prudic","eButterfly","ebutterfly","eButterfly","","eButterfly"
"Speyeria cybele",1929,8,"","1929-08-26","presence",NA,1,45.9931,-73.2985,"ebutterfly","Maxim Larrivée, Jeremy Kerr, Kent McFarland and Katy Prudic","eButterfly","ebutterfly","eButterfly","","eButterfly"
"Pieris oleracea",1929,7,"","1929-07-11","presence",NA,1,45.7873,-74.6836,"ebutterfly","Maxim Larrivée, Jeremy Kerr, Kent McFarland and Katy Prudic","eButterfly","ebutterfly","eButterfly","","eButterfly"
"Speyeria aphrodite",1929,9,"","1929-09-02","presence",NA,1,45.8755,-74.0821,"ebutterfly","Maxim Larrivée, Jeremy Kerr, Kent McFarland and Katy Prudic","eButterfly","ebutterfly","eButterfly","","eButterfly"
"Speyeria atlantis",1929,7,"","1929-07-20","presence",NA,1,45.8755,-74.0821,"ebutterfly","Maxim Larrivée, Jeremy Kerr, Kent McFarland and Katy Prudic","eButterfly","ebutterfly","eButterfly","","eButterfly"
"Hesperia comma",1929,8,"","1929-08-12","presence",NA,1,45.8755,-74.0821,"ebutterfly","Maxim Larrivée, Jeremy Kerr, Kent McFarland and Katy Prudic","eButterfly","ebutterfly","eButterfly","","eButterfly"
"Hesperia comma",1929,8,"","1929-08-21","presence",NA,1,45.8755,-74.0821,"ebutterfly","Maxim Larrivée, Jeremy Kerr, Kent McFarland and Katy Prudic","eButterfly","ebutterfly","eButterfly","","eButterfly"
"Pieris oleracea",1929,8,"","1929-08-27","presence",NA,1,45.8755,-74.0821,"ebutterfly","Maxim Larrivée, Jeremy Kerr, Kent McFarland and Katy Prudic","eButterfly","ebutterfly","eButterfly","","eButterfly"
"Polygonia interrogationis",1929,9,"","1929-09-15","presence",NA,1,45.5017,-73.5673,"ebutterfly","Maxim Larrivée, Jeremy Kerr, Kent McFarland and Katy Prudic","eButterfly","ebutterfly","eButterfly","","eButterfly"
"Phyciodes batesii",1929,6,"","1929-06-01","presence",NA,1,45.7873,-74.6836,"ebutterfly","Maxim Larrivée, Jeremy Kerr, Kent McFarland and Katy Prudic","eButterfly","ebutterfly","eButterfly","","eButterfly"
"Poanes hobomok",1929,5,"","1929-05-03","presence",NA,1,47.1818,-70.2171,"ebutterfly","Maxim Larrivée, Jeremy Kerr, Kent McFarland and Katy Prudic","eButterfly","ebutterfly","eButterfly","","eButterfly"
"Coenonympha inornata",1929,7,"","1929-07-02","presence",NA,1,45.8755,-74.0821,"ebutterfly","Maxim Larrivée, Jeremy Kerr, Kent McFarland and Katy Prudic","eButterfly","ebutterfly","eButterfly","","eButterfly"
"Coenonympha inornata",1929,7,"","1929-07-04","presence",NA,1,45.8755,-74.0821,"ebutterfly","Maxim Larrivée, Jeremy Kerr, Kent McFarland and Katy Prudic","eButterfly","ebutterfly","eButterfly","","eButterfly"
"Colias pelidne",1929,7,"","1929-07-27","presence",NA,1,51.4832,-57.2415,"ebutterfly","Maxim Larrivée, Jeremy Kerr, Kent McFarland and Katy Prudic","eButterfly","ebutterfly","eButterfly","","eButterfly"
"Lycaena phlaeas",1929,9,"00:00:00","1929-09-01T00:00:00","presence",NA,1,45.8755,-74.0821,"ebutterfly","Maxim Larrivée, Jeremy Kerr, Kent McFarland and Katy Prudic","eButterfly","ebutterfly","eButterfly","","eButterfly"
"Polites origenes",1929,7,"","1929-07-29","presence",NA,1,45.8755,-74.0821,"ebutterfly","Maxim Larrivée, Jeremy Kerr, Kent McFarland and Katy Prudic","eButterfly","ebutterfly","eButterfly","","eButterfly"
"Amblyscirtes vialis",1929,6,"00:00:00","1929-06-25T00:00:00","presence",NA,1,45.7873,-74.6836,"ebutterfly","Maxim Larrivée, Jeremy Kerr, Kent McFarland and Katy Prudic","eButterfly","ebutterfly","eButterfly","","eButterfly"
"Hesperia leonardus",1929,8,"","1929-08-21","presence",NA,1,45.8755,-74.0821,"ebutterfly","Maxim Larrivée, Jeremy Kerr, Kent McFarland and Katy Prudic","eButterfly","ebutterfly","eButterfly","","eButterfly"
"Speyeria cybele",1929,8,"","1929-08-03","presence",NA,1,45.8755,-74.0821,"ebutterfly","Maxim Larrivée, Jeremy Kerr, Kent McFarland and Katy Prudic","eButterfly","ebutterfly","eButterfly","","eButterfly"
"Phyciodes cocyta",1929,7,"00:00:00","1929-07-13T00:00:00","occurrence",NA,1,45.501689,-73.567256,"gbif","GBIF","eButterfly Surveys","Vermont Center for Ecostudies","Vermont Center for Ecostudies","cc by nc 4.0","Vermont Center for Ecostudies"
"Speyeria atlantis",1929,7,"00:00:00","1929-07-09T00:00:00","occurrence",NA,1,45.875457,-74.082091,"gbif","GBIF","eButterfly Surveys","Vermont Center for Ecostudies","Vermont Center for Ecostudies","cc by nc 4.0","Vermont Center for Ecostudies"
"Polites origenes",1929,7,"00:00:00","1929-07-29T00:00:00","occurrence",NA,1,45.875457,-74.082091,"gbif","GBIF","eButterfly Surveys","Vermont Center for Ecostudies","Vermont Center for Ecostudies","cc by nc 4.0","Vermont Center for Ecostudies"
"Boloria selene",1929,8,"00:00:00","1929-08-11T00:00:00","occurrence",NA,1,45.875457,-74.082091,"gbif","GBIF","eButterfly Surveys","Vermont Center for Ecostudies","Vermont Center for Ecostudies","cc by nc 4.0","Vermont Center for Ecostudies"
"Speyeria cybele",1929,8,"00:00:00","1929-08-26T00:00:00","occurrence",NA,1,45.993107,-73.29848,"gbif","GBIF","eButterfly Surveys","Vermont Center for Ecostudies","Vermont Center for Ecostudies","cc by nc 4.0","Vermont Center for Ecostudies"
"Polygonia interrogationis",1929,9,"00:00:00","1929-09-15T00:00:00","occurrence",NA,1,45.501689,-73.567256,"gbif","GBIF","eButterfly Surveys","Vermont Center for Ecostudies","Vermont Center for Ecostudies","cc by nc 4.0","Vermont Center for Ecostudies"
"Pieris oleracea",1929,7,"00:00:00","1929-07-11T00:00:00","occurrence",NA,1,45.787345,-74.683552,"gbif","GBIF","eButterfly Surveys","Vermont Center for Ecostudies","Vermont Center for Ecostudies","cc by nc 4.0","Vermont Center for Ecostudies"
"Lepidoptera",1929,6,"00:00:00","1929-06-28T00:00:00","occurrence",NA,1,46.813878,-71.207981,"gbif","GBIF","eButterfly Surveys","Vermont Center for Ecostudies","Vermont Center for Ecostudies","cc by nc 4.0","Vermont Center for Ecostudies"
"Vanessa virginiensis",1929,9,"00:00:00","1929-09-22T00:00:00","occurrence",NA,1,45.501689,-73.567256,"gbif","GBIF","eButterfly Surveys","Vermont Center for Ecostudies","Vermont Center for Ecostudies","cc by nc 4.0","Vermont Center for Ecostudies"
"Feniseca tarquinius",1929,6,"00:00:00","1929-06-15T00:00:00","occurrence",NA,1,45.787345,-74.683552,"gbif","GBIF","eButterfly Surveys","Vermont Center for Ecostudies","Vermont Center for Ecostudies","cc by nc 4.0","Vermont Center for Ecostudies"
"Erynnis icelus",1929,7,"00:00:00","1929-07-03T00:00:00","occurrence",NA,1,48.348097,-68.802989,"gbif","GBIF","eButterfly Surveys","Vermont Center for Ecostudies","Vermont Center for Ecostudies","cc by nc 4.0","Vermont Center for Ecostudies"
"Erynnis icelus",1929,7,"00:00:00","1929-07-05T00:00:00","occurrence",NA,1,45.787345,-74.683552,"gbif","GBIF","eButterfly Surveys","Vermont Center for Ecostudies","Vermont Center for Ecostudies","cc by nc 4.0","Vermont Center for Ecostudies"
"Euphydryas phaeton",1929,6,"00:00:00","1929-06-27T00:00:00","occurrence",NA,1,45.875457,-74.082091,"gbif","GBIF","eButterfly Surveys","Vermont Center for Ecostudies","Vermont Center for Ecostudies","cc by nc 4.0","Vermont Center for Ecostudies"
"Vanessa atalanta",1929,7,"00:00:00","1929-07-21T00:00:00","occurrence",NA,1,45.875457,-74.082091,"gbif","GBIF","eButterfly Surveys","Vermont Center for Ecostudies","Vermont Center for Ecostudies","cc by nc 4.0","Vermont Center for Ecostudies"
"Pieris oleracea",1929,8,"00:00:00","1929-08-27T00:00:00","occurrence",NA,1,45.875457,-74.082091,"gbif","GBIF","eButterfly Surveys","Vermont Center for Ecostudies","Vermont Center for Ecostudies","cc by nc 4.0","Vermont Center for Ecostudies"
"Hesperia comma",1929,8,"00:00:00","1929-08-12T00:00:00","occurrence",NA,1,45.875457,-74.082091,"gbif","GBIF","eButterfly Surveys","Vermont Center for Ecostudies","Vermont Center for Ecostudies","cc by nc 4.0","Vermont Center for Ecostudies"
"Phyciodes batesii",1929,6,"00:00:00","1929-06-01T00:00:00","occurrence",NA,1,45.787345,-74.683552,"gbif","GBIF","eButterfly Surveys","Vermont Center for Ecostudies","Vermont Center for Ecostudies","cc by nc 4.0","Vermont Center for Ecostudies"
"Vanessa atalanta",1929,9,"00:00:00","1929-09-22T00:00:00","occurrence",NA,1,45.501689,-73.567256,"gbif","GBIF","eButterfly Surveys","Vermont Center for Ecostudies","Vermont Center for Ecostudies","cc by nc 4.0","Vermont Center for Ecostudies"
"Papilio canadensis",1929,6,"00:00:00","1929-06-30T00:00:00","occurrence",NA,1,45.875457,-74.082091,"gbif","GBIF","eButterfly Surveys","Vermont Center for Ecostudies","Vermont Center for Ecostudies","cc by nc 4.0","Vermont Center for Ecostudies"
"Speyeria aphrodite",1929,8,"00:00:00","1929-08-06T00:00:00","abundance",NA,2,45.875457,-74.082091,"gbif","GBIF","eButterfly Surveys","Vermont Center for Ecostudies","Vermont Center for Ecostudies","cc by nc 4.0","Vermont Center for Ecostudies"
"Cupido comyntas",1929,8,"00:00:00","1929-08-19T00:00:00","occurrence",NA,1,45.993107,-73.29848,"gbif","GBIF","eButterfly Surveys","Vermont Center for Ecostudies","Vermont Center for Ecostudies","cc by nc 4.0","Vermont Center for Ecostudies"
"Coenonympha tullia",1929,7,"00:00:00","1929-07-07T00:00:00","occurrence",NA,1,45.875457,-74.082091,"gbif","GBIF","eButterfly Surveys","Vermont Center for Ecostudies","Vermont Center for Ecostudies","cc by nc 4.0","Vermont Center for Ecostudies"
"Limenitis archippus",1929,8,"00:00:00","1929-08-07T00:00:00","occurrence",NA,1,45.993107,-73.29848,"gbif","GBIF","eButterfly Surveys","Vermont Center for Ecostudies","Vermont Center for Ecostudies","cc by nc 4.0","Vermont Center for Ecostudies"
"Hesperia comma",1929,8,"00:00:00","1929-08-21T00:00:00","occurrence",NA,1,45.875457,-74.082091,"gbif","GBIF","eButterfly Surveys","Vermont Center for Ecostudies","Vermont Center for Ecostudies","cc by nc 4.0","Vermont Center for Ecostudies"
"Boloria selene",1929,9,"00:00:00","1929-09-01T00:00:00","occurrence",NA,1,45.875457,-74.082091,"gbif","GBIF","eButterfly Surveys","Vermont Center for Ecostudies","Vermont Center for Ecostudies","cc by nc 4.0","Vermont Center for Ecostudies"
"Colias philodice",1929,9,"00:00:00","1929-09-12T00:00:00","occurrence",NA,1,45.501689,-73.567256,"gbif","GBIF","eButterfly Surveys","Vermont Center for Ecostudies","Vermont Center for Ecostudies","cc by nc 4.0","Vermont Center for Ecostudies"
"Lycaena phlaeas",1929,9,"00:00:00","1929-09-01T00:00:00","occurrence",NA,1,45.875457,-74.082091,"gbif","GBIF","eButterfly Surveys","Vermont Center for Ecostudies","Vermont Center for Ecostudies","cc by nc 4.0","Vermont Center for Ecostudies"
"Papilio canadensis",1929,5,"00:00:00","1929-05-24T00:00:00","occurrence",NA,1,45.019533,-73.757078,"gbif","GBIF","eButterfly Surveys","Vermont Center for Ecostudies","Vermont Center for Ecostudies","cc by nc 4.0","Vermont Center for Ecostudies"
"Limenitis arthemis",1929,7,"00:00:00","1929-07-08T00:00:00","occurrence",NA,1,45.875457,-74.082091,"gbif","GBIF","eButterfly Surveys","Vermont Center for Ecostudies","Vermont Center for Ecostudies","cc by nc 4.0","Vermont Center for Ecostudies"
"Speyeria aphrodite",1929,7,"00:00:00","1929-07-27T00:00:00","occurrence",NA,1,45.501689,-73.567256,"gbif","GBIF","eButterfly Surveys","Vermont Center for Ecostudies","Vermont Center for Ecostudies","cc by nc 4.0","Vermont Center for Ecostudies"
"Boloria selene",1929,8,"00:00:00","1929-08-25T00:00:00","occurrence",NA,1,45.501689,-73.567256,"gbif","GBIF","eButterfly Surveys","Vermont Center for Ecostudies","Vermont Center for Ecostudies","cc by nc 4.0","Vermont Center for Ecostudies"
"Colias philodice",1929,9,"00:00:00","1929-09-04T00:00:00","occurrence",NA,1,45.875457,-74.082091,"gbif","GBIF","eButterfly Surveys","Vermont Center for Ecostudies","Vermont Center for Ecostudies","cc by nc 4.0","Vermont Center for Ecostudies"
"Coenonympha tullia",1929,7,"00:00:00","1929-07-03T00:00:00","occurrence",NA,1,45.875457,-74.082091,"gbif","GBIF","eButterfly Surveys","Vermont Center for Ecostudies","Vermont Center for Ecostudies","cc by nc 4.0","Vermont Center for Ecostudies"
"Speyeria atlantis",1929,7,"00:00:00","1929-07-20T00:00:00","occurrence",NA,1,45.875457,-74.082091,"gbif","GBIF","eButterfly Surveys","Vermont Center for Ecostudies","Vermont Center for Ecostudies","cc by nc 4.0","Vermont Center for Ecostudies"
"Colias eurytheme",1929,7,"00:00:00","1929-07-27T00:00:00","occurrence",NA,1,45.501689,-73.567256,"gbif","GBIF","eButterfly Surveys","Vermont Center for Ecostudies","Vermont Center for Ecostudies","cc by nc 4.0","Vermont Center for Ecostudies"
"Colias philodice",1929,9,"00:00:00","1929-09-08T00:00:00","occurrence",NA,1,45.501689,-73.567256,"gbif","GBIF","eButterfly Surveys","Vermont Center for Ecostudies","Vermont Center for Ecostudies","cc by nc 4.0","Vermont Center for Ecostudies"
"Speyeria aphrodite",1929,9,"00:00:00","1929-09-02T00:00:00","occurrence",NA,1,45.875457,-74.082091,"gbif","GBIF","eButterfly Surveys","Vermont Center for Ecostudies","Vermont Center for Ecostudies","cc by nc 4.0","Vermont Center for Ecostudies"
"Speyeria aphrodite",1929,8,"00:00:00","1929-08-11T00:00:00","occurrence",NA,1,45.875457,-74.082091,"gbif","GBIF","eButterfly Surveys","Vermont Center for Ecostudies","Vermont Center for Ecostudies","cc by nc 4.0","Vermont Center for Ecostudies"
"Polygonia faunus",1929,9,"00:00:00","1929-09-13T00:00:00","occurrence",NA,1,45.875457,-74.082091,"gbif","GBIF","eButterfly Surveys","Vermont Center for Ecostudies","Vermont Center for Ecostudies","cc by nc 4.0","Vermont Center for Ecostudies"
"Lycaena phlaeas",1929,9,"00:00:00","1929-09-01T00:00:00","occurrence",NA,1,45.875457,-74.082091,"gbif","GBIF","eButterfly Surveys","Vermont Center for Ecostudies","Vermont Center for Ecostudies","cc by nc 4.0","Vermont Center for Ecostudies"
"Phyciodes cocyta",1929,6,"00:00:00","1929-06-24T00:00:00","occurrence",NA,1,45.875457,-74.082091,"gbif","GBIF","eButterfly Surveys","Vermont Center for Ecostudies","Vermont Center for Ecostudies","cc by nc 4.0","Vermont Center for Ecostudies"
"Coenonympha tullia",1929,7,"00:00:00","1929-07-04T00:00:00","occurrence",NA,1,45.875457,-74.082091,"gbif","GBIF","eButterfly Surveys","Vermont Center for Ecostudies","Vermont Center for Ecostudies","cc by nc 4.0","Vermont Center for Ecostudies"
"Lethe eurydice",1929,7,"00:00:00","1929-07-11T00:00:00","occurrence",NA,1,45.875457,-74.082091,"gbif","GBIF","eButterfly Surveys","Vermont Center for Ecostudies","Vermont Center for Ecostudies","cc by nc 4.0","Vermont Center for Ecostudies"
"Satyrium caryaevorus",1929,7,"00:00:00","1929-07-21T00:00:00","occurrence",NA,1,45.501689,-73.567256,"gbif","GBIF","eButterfly Surveys","Vermont Center for Ecostudies","Vermont Center for Ecostudies","cc by nc 4.0","Vermont Center for Ecostudies"
"Speyeria cybele",1929,8,"00:00:00","1929-08-03T00:00:00","occurrence",NA,1,45.875457,-74.082091,"gbif","GBIF","eButterfly Surveys","Vermont Center for Ecostudies","Vermont Center for Ecostudies","cc by nc 4.0","Vermont Center for Ecostudies"
"Colias philodice",1929,9,"00:00:00","1929-09-20T00:00:00","occurrence",NA,1,45.501689,-73.567256,"gbif","GBIF","eButterfly Surveys","Vermont Center for Ecostudies","Vermont Center for Ecostudies","cc by nc 4.0","Vermont Center for Ecostudies"
"Hesperia comma",1929,8,"00:00:00","1929-08-11T00:00:00","abundance",NA,3,45.875457,-74.082091,"gbif","GBIF","eButterfly Surveys","Vermont Center for Ecostudies","Vermont Center for Ecostudies","cc by nc 4.0","Vermont Center for Ecostudies"
"Pieris rapae",1929,7,"00:00:00","1929-07-13T00:00:00","occurrence",NA,1,45.2202,-72.326498,"gbif","GBIF","Canadian National Collection of Insects, Arachnids, and Nematodes (CNC)","Agriculture and Agri-Food Canada","Agriculture and Agri-Food Canada","cc by 4.0","Agriculture and Agri-Food Canada"
"Catocala concumbens",1929,8,"00:00:00","1929-08-09T00:00:00","occurrence",NA,1,45.5,-73.58333,"gbif","GBIF","Entomology Division, Yale Peabody Museum","Yale University Peabody Museum","Yale University Peabody Museum","cc0 1.0","Yale University Peabody Museum"
"Phalaenostola eumelusalis",1929,7,"00:00:00","1929-07-09T00:00:00","occurrence",NA,1,45.790602,-74.683238,"gbif","GBIF","Entomology Division, Yale Peabody Museum","Yale University Peabody Museum","Yale University Peabody Museum","cc0 1.0","Yale University Peabody Museum"
"Speyeria aphrodite",1929,8,"00:00:00","1929-08-11T00:00:00","occurrence",NA,1,45.8667,-74.0833,"gbif","GBIF","Lyman Entomological Museum","Canadian Biodiversity Information Facility","Canadian Biodiversity Information Facility","cc0 1.0","Canadian Biodiversity Information Facility"
"Speyeria aphrodite",1929,9,"00:00:00","1929-09-02T00:00:00","occurrence",NA,1,45.8667,-74.0833,"gbif","GBIF","Lyman Entomological Museum","Canadian Biodiversity Information Facility","Canadian Biodiversity Information Facility","cc0 1.0","Canadian Biodiversity Information Facility"
"Lycaena phlaeas",1929,9,"00:00:00","1929-09-01T00:00:00","occurrence",NA,1,45.8667,-74.0833,"gbif","GBIF","Lyman Entomological Museum","Canadian Biodiversity Information Facility","Canadian Biodiversity Information Facility","cc0 1.0","Canadian Biodiversity Information Facility"
"Plebejus saepiolus",1929,7,"00:00:00","1929-07-08T00:00:00","occurrence",NA,1,45.8667,-74.0833,"gbif","GBIF","Lyman Entomological Museum","Canadian Biodiversity Information Facility","Canadian Biodiversity Information Facility","cc0 1.0","Canadian Biodiversity Information Facility"
"Speyeria aphrodite",1929,7,"00:00:00","1929-07-27T00:00:00","occurrence",NA,1,45.5,-73.5833,"gbif","GBIF","Lyman Entomological Museum","Canadian Biodiversity Information Facility","Canadian Biodiversity Information Facility","cc0 1.0","Canadian Biodiversity Information Facility"
"Speyeria aphrodite",1929,8,"00:00:00","1929-08-06T00:00:00","occurrence",NA,1,45.8667,-74.0833,"gbif","GBIF","Lyman Entomological Museum","Canadian Biodiversity Information Facility","Canadian Biodiversity Information Facility","cc0 1.0","Canadian Biodiversity Information Facility"
"Papilio canadensis",1929,5,"00:00:00","1929-05-24T00:00:00","occurrence",NA,1,45.0167,-73.75,"gbif","GBIF","Lyman Entomological Museum","Canadian Biodiversity Information Facility","Canadian Biodiversity Information Facility","cc0 1.0","Canadian Biodiversity Information Facility"
"Phyciodes cocyta",1929,6,"00:00:00","1929-06-24T00:00:00","occurrence",NA,1,45.8667,-74.0833,"gbif","GBIF","Lyman Entomological Museum","Canadian Biodiversity Information Facility","Canadian Biodiversity Information Facility","cc0 1.0","Canadian Biodiversity Information Facility"
"Papilio canadensis",1929,6,"00:00:00","1929-06-30T00:00:00","occurrence",NA,1,45.8667,-74.0833,"gbif","GBIF","Lyman Entomological Museum","Canadian Biodiversity Information Facility","Canadian Biodiversity Information Facility","cc0 1.0","Canadian Biodiversity Information Facility"
"Epargyreus clarus",1929,7,"00:00:00","1929-07-10T00:00:00","occurrence",NA,1,45.4167,-73.9333,"gbif","GBIF","Lyman Entomological Museum","Canadian Biodiversity Information Facility","Canadian Biodiversity Information Facility","cc0 1.0","Canadian Biodiversity Information Facility"
"Limenitis archippus",1929,8,"00:00:00","1929-08-07T00:00:00","occurrence",NA,1,45.4167,-73.9333,"gbif","GBIF","Lyman Entomological Museum","Canadian Biodiversity Information Facility","Canadian Biodiversity Information Facility","cc0 1.0","Canadian Biodiversity Information Facility"
"Speyeria cybele",1929,8,"00:00:00","1929-08-03T00:00:00","occurrence",NA,1,45.8667,-74.0833,"gbif","GBIF","Lyman Entomological Museum","Canadian Biodiversity Information Facility","Canadian Biodiversity Information Facility","cc0 1.0","Canadian Biodiversity Information Facility"
"Pieris rapae",1929,7,"00:00:00","1929-07-11T00:00:00","occurrence",NA,1,45.8,-74.6833,"gbif","GBIF","Lyman Entomological Museum","Canadian Biodiversity Information Facility","Canadian Biodiversity Information Facility","cc0 1.0","Canadian Biodiversity Information Facility"
"Colias philodice",1929,9,"00:00:00","1929-09-08T00:00:00","occurrence",NA,1,45.5,-73.5833,"gbif","GBIF","Lyman Entomological Museum","Canadian Biodiversity Information Facility","Canadian Biodiversity Information Facility","cc0 1.0","Canadian Biodiversity Information Facility"
"Colias philodice",1929,9,"00:00:00","1929-09-20T00:00:00","occurrence",NA,1,45.5,-73.5833,"gbif","GBIF","Lyman Entomological Museum","Canadian Biodiversity Information Facility","Canadian Biodiversity Information Facility","cc0 1.0","Canadian Biodiversity Information Facility"
"Colias philodice",1929,9,"00:00:00","1929-09-04T00:00:00","occurrence",NA,1,45.8667,-74.0833,"gbif","GBIF","Lyman Entomological Museum","Canadian Biodiversity Information Facility","Canadian Biodiversity Information Facility","cc0 1.0","Canadian Biodiversity Information Facility"
"Boloria selene atrocostalis",1929,8,"00:00:00","1929-08-25T00:00:00","occurrence",NA,1,45.5,-73.5833,"gbif","GBIF","Lyman Entomological Museum","Canadian Biodiversity Information Facility","Canadian Biodiversity Information Facility","cc0 1.0","Canadian Biodiversity Information Facility"
"Vanessa atalanta",1929,7,"00:00:00","1929-07-21T00:00:00","occurrence",NA,1,45.8667,-74.0833,"gbif","GBIF","Lyman Entomological Museum","Canadian Biodiversity Information Facility","Canadian Biodiversity Information Facility","cc0 1.0","Canadian Biodiversity Information Facility"
"Boloria selene atrocostalis",1929,6,"00:00:00","1929-06-16T00:00:00","occurrence",NA,1,45.9667,-70.65,"gbif","GBIF","Lyman Entomological Museum","Canadian Biodiversity Information Facility","Canadian Biodiversity Information Facility","cc0 1.0","Canadian Biodiversity Information Facility"
"Polygonia faunus",1929,8,"00:00:00","1929-08-30T00:00:00","occurrence",NA,1,45.4167,-73.9333,"gbif","GBIF","Lyman Entomological Museum","Canadian Biodiversity Information Facility","Canadian Biodiversity Information Facility","cc0 1.0","Canadian Biodiversity Information Facility"
"Polygonia faunus",1929,9,"00:00:00","1929-09-13T00:00:00","occurrence",NA,1,45.8667,-74.0833,"gbif","GBIF","Lyman Entomological Museum","Canadian Biodiversity Information Facility","Canadian Biodiversity Information Facility","cc0 1.0","Canadian Biodiversity Information Facility"
"Polites origenes",1929,7,"00:00:00","1929-07-29T00:00:00","occurrence",NA,1,45.8667,-74.0833,"gbif","GBIF","Lyman Entomological Museum","Canadian Biodiversity Information Facility","Canadian Biodiversity Information Facility","cc0 1.0","Canadian Biodiversity Information Facility"
"Pieris oleracea",1929,8,"00:00:00","1929-08-24T00:00:00","occurrence",NA,1,45.8667,-74.0833,"gbif","GBIF","Lyman Entomological Museum","Canadian Biodiversity Information Facility","Canadian Biodiversity Information Facility","cc0 1.0","Canadian Biodiversity Information Facility"
"Limenitis arthemis",1929,7,"00:00:00","1929-07-08T00:00:00","occurrence",NA,1,45.8667,-74.0833,"gbif","GBIF","Lyman Entomological Museum","Canadian Biodiversity Information Facility","Canadian Biodiversity Information Facility","cc0 1.0","Canadian Biodiversity Information Facility"
"Boloria selene",1929,9,"00:00:00","1929-09-01T00:00:00","occurrence",NA,1,45.8667,-74.0833,"gbif","GBIF","Lyman Entomological Museum","Canadian Biodiversity Information Facility","Canadian Biodiversity Information Facility","cc0 1.0","Canadian Biodiversity Information Facility"
"Boloria selene",1929,8,"00:00:00","1929-08-11T00:00:00","occurrence",NA,1,45.8667,-74.0833,"gbif","GBIF","Lyman Entomological Museum","Canadian Biodiversity Information Facility","Canadian Biodiversity Information Facility","cc0 1.0","Canadian Biodiversity Information Facility"
"Phyciodes batesii",1929,6,"00:00:00","1929-06-01T00:00:00","occurrence",NA,1,45.8,-74.6833,"gbif","GBIF","Lyman Entomological Museum","Canadian Biodiversity Information Facility","Canadian Biodiversity Information Facility","cc0 1.0","Canadian Biodiversity Information Facility"
"Hesperia leonardus",1929,8,"00:00:00","1929-08-21T00:00:00","occurrence",NA,1,45.8667,-74.0833,"gbif","GBIF","Lyman Entomological Museum","Canadian Biodiversity Information Facility","Canadian Biodiversity Information Facility","cc0 1.0","Canadian Biodiversity Information Facility"
"Polygonia interrogationis",1929,9,"00:00:00","1929-09-15T00:00:00","occurrence",NA,1,45.5,-73.5833,"gbif","GBIF","Lyman Entomological Museum","Canadian Biodiversity Information Facility","Canadian Biodiversity Information Facility","cc0 1.0","Canadian Biodiversity Information Facility"
"Colias interior",1929,7,"00:00:00","1929-07-27T00:00:00","occurrence",NA,1,51.4594,-57.2444,"gbif","GBIF","Lyman Entomological Museum","Canadian Biodiversity Information Facility","Canadian Biodiversity Information Facility","cc0 1.0","Canadian Biodiversity Information Facility"
"Satyrodes eurydice",1929,7,"00:00:00","1929-07-11T00:00:00","occurrence",NA,1,45.8667,-74.0833,"gbif","GBIF","Lyman Entomological Museum","Canadian Biodiversity Information Facility","Canadian Biodiversity Information Facility","cc0 1.0","Canadian Biodiversity Information Facility"
"Speyeria atlantis",1929,7,"00:00:00","1929-07-09T00:00:00","occurrence",NA,1,45.8667,-74.0833,"gbif","GBIF","Lyman Entomological Museum","Canadian Biodiversity Information Facility","Canadian Biodiversity Information Facility","cc0 1.0","Canadian Biodiversity Information Facility"
"Speyeria atlantis",1929,7,"00:00:00","1929-07-10T00:00:00","occurrence",NA,1,45.8667,-74.0833,"gbif","GBIF","Lyman Entomological Museum","Canadian Biodiversity Information Facility","Canadian Biodiversity Information Facility","cc0 1.0","Canadian Biodiversity Information Facility"
"Euphydryas phaeton",1929,6,"00:00:00","1929-06-27T00:00:00","occurrence",NA,1,45.8667,-74.0833,"gbif","GBIF","Lyman Entomological Museum","Canadian Biodiversity Information Facility","Canadian Biodiversity Information Facility","cc0 1.0","Canadian Biodiversity Information Facility"
"Hesperia comma",1929,8,"00:00:00","1929-08-11T00:00:00","occurrence",NA,1,45.8667,-74.0833,"gbif","GBIF","Lyman Entomological Museum","Canadian Biodiversity Information Facility","Canadian Biodiversity Information Facility","cc0 1.0","Canadian Biodiversity Information Facility"
"Hesperia comma",1929,8,"00:00:00","1929-08-02T00:00:00","occurrence",NA,1,45.8667,-74.0833,"gbif","GBIF","Lyman Entomological Museum","Canadian Biodiversity Information Facility","Canadian Biodiversity Information Facility","cc0 1.0","Canadian Biodiversity Information Facility"
"Hesperia comma",1929,8,"00:00:00","1929-08-12T00:00:00","occurrence",NA,1,45.8667,-74.0833,"gbif","GBIF","Lyman Entomological Museum","Canadian Biodiversity Information Facility","Canadian Biodiversity Information Facility","cc0 1.0","Canadian Biodiversity Information Facility"
"Hesperia comma",1929,8,"00:00:00","1929-08-21T00:00:00","occurrence",NA,1,45.8667,-74.0833,"gbif","GBIF","Lyman Entomological Museum","Canadian Biodiversity Information Facility","Canadian Biodiversity Information Facility","cc0 1.0","Canadian Biodiversity Information Facility"
"Erynnis icelus",1929,7,"00:00:00","1929-07-05T00:00:00","occurrence",NA,1,45.8,-74.6833,"gbif","GBIF","Lyman Entomological Museum","Canadian Biodiversity Information Facility","Canadian Biodiversity Information Facility","cc0 1.0","Canadian Biodiversity Information Facility"
"Nymphalis antiopa",1929,8,"00:00:00","1929-08-04T00:00:00","occurrence",NA,1,45.8667,-74.0833,"gbif","GBIF","Lyman Entomological Museum","Canadian Biodiversity Information Facility","Canadian Biodiversity Information Facility","cc0 1.0","Canadian Biodiversity Information Facility"
"Everes comyntas",1929,8,"00:00:00","1929-08-19T00:00:00","occurrence",NA,1,45.4167,-73.9333,"gbif","GBIF","Lyman Entomological Museum","Canadian Biodiversity Information Facility","Canadian Biodiversity Information Facility","cc0 1.0","Canadian Biodiversity Information Facility"
"Satyrium caryaevorus",1929,7,"00:00:00","1929-07-21T00:00:00","occurrence",NA,1,45.5,-73.5833,"gbif","GBIF","Lyman Entomological Museum","Canadian Biodiversity Information Facility","Canadian Biodiversity Information Facility","cc0 1.0","Canadian Biodiversity Information Facility"
"Epargyreus clarus",1929,7,"00:00:00","1929-07-10T00:00:00","occurrence",NA,1,45.4167,-73.9333,"gbif","GBIF","Lyman Entomological Museum","Canadian Biodiversity Information Facility","Canadian Biodiversity Information Facility","cc0 1.0","Canadian Biodiversity Information Facility"
"Plebejus idas empetri",1929,8,"00:00:00","1929-08-09T00:00:00","occurrence",NA,1,50.18597,-61.73564,"gbif","GBIF","Museum of Comparative Zoology, Harvard University","Museum of Comparative Zoology, Harvard University","Museum of Comparative Zoology, Harvard University","cc by nc 4.0","Museum of Comparative Zoology, Harvard University"
"Colias interior",1929,7,"00:00:00","1929-07-06T00:00:00","occurrence",NA,1,47.333333,-79.5,"gbif","GBIF","The Albert J. Cook Arthropod Research Collection","A.J. Cook Arthropod Research Collection","A.J. Cook Arthropod Research Collection","cc0 1.0","A.J. Cook Arthropod Research Collection"
"Erynnis icelus",1929,7,"00:00:00","1929-07-03T00:00:00","occurrence",NA,1,45.787345,-74.683552,"gbif","GBIF","eButterfly Surveys","Vermont Center for Ecostudies","Vermont Center for Ecostudies","cc by nc 4.0","Vermont Center for Ecostudies"
"Erynnis lucilius",1929,5,"00:00:00","1929-05-26T00:00:00","abundance",NA,8,45.564042,-73.179013,"gbif","GBIF","eButterfly Surveys","Vermont Center for Ecostudies","Vermont Center for Ecostudies","cc by nc 4.0","Vermont Center for Ecostudies"
"Epargyreus clarus",1929,10,"00:00:00","1929-10-07T00:00:00","abundance",NA,2,45.993107,-73.29848,"gbif","GBIF","eButterfly Surveys","Vermont Center for Ecostudies","Vermont Center for Ecostudies","cc by nc 4.0","Vermont Center for Ecostudies"
"Phyciodes batesii",1929,6,"00:00:00","1929-06-01T00:00:00","occurrence",NA,1,45.787345,-74.683552,"gbif","GBIF","eButterfly Surveys","Vermont Center for Ecostudies","Vermont Center for Ecostudies","cc by nc 4.0","Vermont Center for Ecostudies"
"Amblyscirtes vialis",1929,6,"00:00:00","1929-06-25T00:00:00","occurrence",NA,1,45.787345,-74.683552,"gbif","GBIF","eButterfly Surveys","Vermont Center for Ecostudies","Vermont Center for Ecostudies","cc by nc 4.0","Vermont Center for Ecostudies"
"Coenonympha tullia",1929,7,"00:00:00","1929-07-02T00:00:00","abundance",NA,2,45.875457,-74.082091,"gbif","GBIF","eButterfly Surveys","Vermont Center for Ecostudies","Vermont Center for Ecostudies","cc by nc 4.0","Vermont Center for Ecostudies"
"Plebejus saepiolus",1929,7,"00:00:00","1929-07-08T00:00:00","occurrence",NA,1,45.875457,-74.082091,"gbif","GBIF","eButterfly Surveys","Vermont Center for Ecostudies","Vermont Center for Ecostudies","cc by nc 4.0","Vermont Center for Ecostudies"
"Hesperia leonardus",1929,8,"00:00:00","1929-08-21T00:00:00","occurrence",NA,1,45.875457,-74.082091,"gbif","GBIF","eButterfly Surveys","Vermont Center for Ecostudies","Vermont Center for Ecostudies","cc by nc 4.0","Vermont Center for Ecostudies"
"Polygonia faunus",1929,8,"00:00:00","1929-08-30T00:00:00","occurrence",NA,1,45.993107,-73.29848,"gbif","GBIF","eButterfly Surveys","Vermont Center for Ecostudies","Vermont Center for Ecostudies","cc by nc 4.0","Vermont Center for Ecostudies"
"Poanes hobomok",1929,5,"00:00:00","1929-05-03T00:00:00","occurrence",NA,1,47.181815,-70.217071,"gbif","GBIF","eButterfly Surveys","Vermont Center for Ecostudies","Vermont Center for Ecostudies","cc by nc 4.0","Vermont Center for Ecostudies"
"Lycaeides idas",1929,8,"00:00:00","1929-08-09T00:00:00","occurrence",NA,1,50.2,-61.8167,"gbif","GBIF","Canadian National Collection (CNC) of Insects, Arachnids and Nematodes","Canadian Biodiversity Information Facility","Canadian Biodiversity Information Facility","cc by 4.0","Canadian Biodiversity Information Facility"
"Lycaeides idas",1929,8,"00:00:00","1929-08-03T00:00:00","occurrence",NA,1,50.2,-61.8167,"gbif","GBIF","Canadian National Collection (CNC) of Insects, Arachnids and Nematodes","Canadian Biodiversity Information Facility","Canadian Biodiversity Information Facility","cc by 4.0","Canadian Biodiversity Information Facility"
"Polites themistocles",1929,7,"00:00:00","1929-07-29T00:00:00","occurrence",NA,1,45.2167,-72.5167,"gbif","GBIF","Canadian National Collection (CNC) of Insects, Arachnids and Nematodes","Canadian Biodiversity Information Facility","Canadian Biodiversity Information Facility","cc by 4.0","Canadian Biodiversity Information Facility"
"Boloria selene",1929,8,"00:00:00","1929-08-05T00:00:00","occurrence",NA,1,50.2,-61.8167,"gbif","GBIF","Canadian National Collection (CNC) of Insects, Arachnids and Nematodes","Canadian Biodiversity Information Facility","Canadian Biodiversity Information Facility","cc by 4.0","Canadian Biodiversity Information Facility"
"Boloria selene",1929,8,"00:00:00","1929-08-01T00:00:00","occurrence",NA,1,50.2,-61.8167,"gbif","GBIF","Canadian National Collection (CNC) of Insects, Arachnids and Nematodes","Canadian Biodiversity Information Facility","Canadian Biodiversity Information Facility","cc by 4.0","Canadian Biodiversity Information Facility"
"Boloria freija",1929,6,"00:00:00","1929-06-21T00:00:00","occurrence",NA,1,50.2,-61.8167,"gbif","GBIF","Canadian National Collection (CNC) of Insects, Arachnids and Nematodes","Canadian Biodiversity Information Facility","Canadian Biodiversity Information Facility","cc by 4.0","Canadian Biodiversity Information Facility"
"Boloria freija",1929,7,"00:00:00","1929-07-06T00:00:00","occurrence",NA,1,50.55,-59.3333,"gbif","GBIF","Canadian National Collection (CNC) of Insects, Arachnids and Nematodes","Canadian Biodiversity Information Facility","Canadian Biodiversity Information Facility","cc by 4.0","Canadian Biodiversity Information Facility"
"Boloria freija",1929,6,"00:00:00","1929-06-28T00:00:00","occurrence",NA,1,50.1833,-60.0833,"gbif","GBIF","Canadian National Collection (CNC) of Insects, Arachnids and Nematodes","Canadian Biodiversity Information Facility","Canadian Biodiversity Information Facility","cc by 4.0","Canadian Biodiversity Information Facility"
"Speyeria cybele",1929,7,"00:00:00","1929-07-30T00:00:00","occurrence",NA,1,45.2167,-72.5167,"gbif","GBIF","Canadian National Collection (CNC) of Insects, Arachnids and Nematodes","Canadian Biodiversity Information Facility","Canadian Biodiversity Information Facility","cc by 4.0","Canadian Biodiversity Information Facility"
"Speyeria cybele",1929,7,"00:00:00","1929-07-21T00:00:00","occurrence",NA,1,45.2167,-72.5167,"gbif","GBIF","Canadian National Collection (CNC) of Insects, Arachnids and Nematodes","Canadian Biodiversity Information Facility","Canadian Biodiversity Information Facility","cc by 4.0","Canadian Biodiversity Information Facility"
"Speyeria aphrodite",1929,8,"00:00:00","1929-08-13T00:00:00","occurrence",NA,1,45.2167,-72.5167,"gbif","GBIF","Canadian National Collection (CNC) of Insects, Arachnids and Nematodes","Canadian Biodiversity Information Facility","Canadian Biodiversity Information Facility","cc by 4.0","Canadian Biodiversity Information Facility"
"Speyeria aphrodite",1929,7,"00:00:00","1929-07-30T00:00:00","occurrence",NA,1,45.2167,-72.5167,"gbif","GBIF","Canadian National Collection (CNC) of Insects, Arachnids and Nematodes","Canadian Biodiversity Information Facility","Canadian Biodiversity Information Facility","cc by 4.0","Canadian Biodiversity Information Facility"
"Speyeria aphrodite",1929,7,"00:00:00","1929-07-29T00:00:00","occurrence",NA,1,45.2167,-72.5167,"gbif","GBIF","Canadian National Collection (CNC) of Insects, Arachnids and Nematodes","Canadian Biodiversity Information Facility","Canadian Biodiversity Information Facility","cc by 4.0","Canadian Biodiversity Information Facility"
"Speyeria aphrodite",1929,7,"00:00:00","1929-07-28T00:00:00","occurrence",NA,1,45.2167,-72.5167,"gbif","GBIF","Canadian National Collection (CNC) of Insects, Arachnids and Nematodes","Canadian Biodiversity Information Facility","Canadian Biodiversity Information Facility","cc by 4.0","Canadian Biodiversity Information Facility"
"Speyeria aphrodite",1929,7,"00:00:00","1929-07-31T00:00:00","occurrence",NA,1,45.2167,-72.5167,"gbif","GBIF","Canadian National Collection (CNC) of Insects, Arachnids and Nematodes","Canadian Biodiversity Information Facility","Canadian Biodiversity Information Facility","cc by 4.0","Canadian Biodiversity Information Facility"
"Speyeria aphrodite",1929,7,"00:00:00","1929-07-26T00:00:00","occurrence",NA,1,45.2167,-72.5167,"gbif","GBIF","Canadian National Collection (CNC) of Insects, Arachnids and Nematodes","Canadian Biodiversity Information Facility","Canadian Biodiversity Information Facility","cc by 4.0","Canadian Biodiversity Information Facility"
"Speyeria aphrodite",1929,8,"00:00:00","1929-08-03T00:00:00","occurrence",NA,1,45.2167,-72.5167,"gbif","GBIF","Canadian National Collection (CNC) of Insects, Arachnids and Nematodes","Canadian Biodiversity Information Facility","Canadian Biodiversity Information Facility","cc by 4.0","Canadian Biodiversity Information Facility"
"Agriades glandon",1929,7,"00:00:00","1929-07-14T00:00:00","occurrence",NA,1,51.5,-57.5833,"gbif","GBIF","Canadian National Collection (CNC) of Insects, Arachnids and Nematodes","Canadian Biodiversity Information Facility","Canadian Biodiversity Information Facility","cc by 4.0","Canadian Biodiversity Information Facility"
"Boloria selene",1929,8,"00:00:00","1929-08-12T00:00:00","occurrence",NA,1,45.2167,-72.5167,"gbif","GBIF","Canadian National Collection (CNC) of Insects, Arachnids and Nematodes","Canadian Biodiversity Information Facility","Canadian Biodiversity Information Facility","cc by 4.0","Canadian Biodiversity Information Facility"
"Boloria selene",1929,8,"00:00:00","1929-08-10T00:00:00","occurrence",NA,1,45.2167,-72.5167,"gbif","GBIF","Canadian National Collection (CNC) of Insects, Arachnids and Nematodes","Canadian Biodiversity Information Facility","Canadian Biodiversity Information Facility","cc by 4.0","Canadian Biodiversity Information Facility"
"Boloria selene",1929,8,"00:00:00","1929-08-13T00:00:00","occurrence",NA,1,45.2167,-72.5167,"gbif","GBIF","Canadian National Collection (CNC) of Insects, Arachnids and Nematodes","Canadian Biodiversity Information Facility","Canadian Biodiversity Information Facility","cc by 4.0","Canadian Biodiversity Information Facility"
"Boloria selene",1929,6,"00:00:00","1929-06-21T00:00:00","occurrence",NA,1,45.2167,-72.5167,"gbif","GBIF","Canadian National Collection (CNC) of Insects, Arachnids and Nematodes","Canadian Biodiversity Information Facility","Canadian Biodiversity Information Facility","cc by 4.0","Canadian Biodiversity Information Facility"
"Colias pelidne",1929,8,"00:00:00","1929-08-09T00:00:00","occurrence",NA,1,50.2,-61.8167,"gbif","GBIF","Canadian National Collection (CNC) of Insects, Arachnids and Nematodes","Canadian Biodiversity Information Facility","Canadian Biodiversity Information Facility","cc by 4.0","Canadian Biodiversity Information Facility"
"Colias pelidne",1929,7,"00:00:00","1929-07-09T00:00:00","occurrence",NA,1,50.2,-61.8167,"gbif","GBIF","Canadian National Collection (CNC) of Insects, Arachnids and Nematodes","Canadian Biodiversity Information Facility","Canadian Biodiversity Information Facility","cc by 4.0","Canadian Biodiversity Information Facility"
"Colias pelidne",1929,8,"00:00:00","1929-08-01T00:00:00","occurrence",NA,1,50.2,-61.8167,"gbif","GBIF","Canadian National Collection (CNC) of Insects, Arachnids and Nematodes","Canadian Biodiversity Information Facility","Canadian Biodiversity Information Facility","cc by 4.0","Canadian Biodiversity Information Facility"
"Pieris rapae",1929,7,"00:00:00","1929-07-13T00:00:00","occurrence",NA,1,45.2333,-72.3667,"gbif","GBIF","Canadian National Collection (CNC) of Insects, Arachnids and Nematodes","Canadian Biodiversity Information Facility","Canadian Biodiversity Information Facility","cc by 4.0","Canadian Biodiversity Information Facility"
"Speyeria aphrodite",1929,7,"00:00:00","1929-07-29T00:00:00","occurrence",NA,1,45.3,-72.5667,"gbif","GBIF","Canadian National Collection (CNC) of Insects, Arachnids and Nematodes","Canadian Biodiversity Information Facility","Canadian Biodiversity Information Facility","cc by 4.0","Canadian Biodiversity Information Facility"
"Speyeria aphrodite",1929,7,"00:00:00","1929-07-12T00:00:00","occurrence",NA,1,45.2167,-72.5167,"gbif","GBIF","Canadian National Collection (CNC) of Insects, Arachnids and Nematodes","Canadian Biodiversity Information Facility","Canadian Biodiversity Information Facility","cc by 4.0","Canadian Biodiversity Information Facility"
"Colias interior",1929,8,"00:00:00","1929-08-10T00:00:00","occurrence",NA,1,50.2,-61.8167,"gbif","GBIF","Canadian National Collection (CNC) of Insects, Arachnids and Nematodes","Canadian Biodiversity Information Facility","Canadian Biodiversity Information Facility","cc by 4.0","Canadian Biodiversity Information Facility"
"Colias interior",1929,8,"00:00:00","1929-08-22T00:00:00","occurrence",NA,1,48.3667,-70.4,"gbif","GBIF","Canadian National Collection (CNC) of Insects, Arachnids and Nematodes","Canadian Biodiversity Information Facility","Canadian Biodiversity Information Facility","cc by 4.0","Canadian Biodiversity Information Facility"
"Colias interior",1929,8,"00:00:00","1929-08-20T00:00:00","occurrence",NA,1,48.3667,-70.4,"gbif","GBIF","Canadian National Collection (CNC) of Insects, Arachnids and Nematodes","Canadian Biodiversity Information Facility","Canadian Biodiversity Information Facility","cc by 4.0","Canadian Biodiversity Information Facility"
"Lycaena epixanthe",1929,8,"00:00:00","1929-08-09T00:00:00","occurrence",NA,1,50.2,-61.8167,"gbif","GBIF","Canadian National Collection (CNC) of Insects, Arachnids and Nematodes","Canadian Biodiversity Information Facility","Canadian Biodiversity Information Facility","cc by 4.0","Canadian Biodiversity Information Facility"
"Boloria selene",1929,8,"00:00:00","1929-08-02T00:00:00","occurrence",NA,1,45.2833,-72.5,"gbif","GBIF","Canadian National Collection (CNC) of Insects, Arachnids and Nematodes","Canadian Biodiversity Information Facility","Canadian Biodiversity Information Facility","cc by 4.0","Canadian Biodiversity Information Facility"
"Lycaena dorcas",1929,8,"00:00:00","1929-08-01T00:00:00","occurrence",NA,1,50.2,-61.8167,"gbif","GBIF","Canadian National Collection (CNC) of Insects, Arachnids and Nematodes","Canadian Biodiversity Information Facility","Canadian Biodiversity Information Facility","cc by 4.0","Canadian Biodiversity Information Facility"
"Lycaena dorcas",1929,6,"00:00:00","1929-06-28T00:00:00","occurrence",NA,1,50.1833,-60.0833,"gbif","GBIF","Canadian National Collection (CNC) of Insects, Arachnids and Nematodes","Canadian Biodiversity Information Facility","Canadian Biodiversity Information Facility","cc by 4.0","Canadian Biodiversity Information Facility"
"Oeneis polixenes polixenes",1929,7,"00:00:00","1929-07-14T00:00:00","occurrence",NA,1,51.5,-57.5833,"gbif","GBIF","Canadian National Collection (CNC) of Insects, Arachnids and Nematodes","Canadian Biodiversity Information Facility","Canadian Biodiversity Information Facility","cc by 4.0","Canadian Biodiversity Information Facility"
"Oeneis polixenes polixenes",1929,7,"00:00:00","1929-07-06T00:00:00","occurrence",NA,1,50.55,-59.3333,"gbif","GBIF","Canadian National Collection (CNC) of Insects, Arachnids and Nematodes","Canadian Biodiversity Information Facility","Canadian Biodiversity Information Facility","cc by 4.0","Canadian Biodiversity Information Facility"
"Oeneis polixenes polixenes",1929,7,"00:00:00","1929-07-13T00:00:00","occurrence",NA,1,50.8333,-58.95,"gbif","GBIF","Canadian National Collection (CNC) of Insects, Arachnids and Nematodes","Canadian Biodiversity Information Facility","Canadian Biodiversity Information Facility","cc by 4.0","Canadian Biodiversity Information Facility"
"Cercyonis pegala nephele",1929,7,"00:00:00","1929-07-21T00:00:00","occurrence",NA,1,45.5,-73.5833,"gbif","GBIF","Canadian National Collection (CNC) of Insects, Arachnids and Nematodes","Canadian Biodiversity Information Facility","Canadian Biodiversity Information Facility","cc by 4.0","Canadian Biodiversity Information Facility"
"Cercyonis pegala nephele",1929,7,"00:00:00","1929-07-27T00:00:00","occurrence",NA,1,45.5,-73.5833,"gbif","GBIF","Canadian National Collection (CNC) of Insects, Arachnids and Nematodes","Canadian Biodiversity Information Facility","Canadian Biodiversity Information Facility","cc by 4.0","Canadian Biodiversity Information Facility"
"Cercyonis pegala nephele",1929,7,"00:00:00","1929-07-24T00:00:00","occurrence",NA,1,45.2667,-71.9667,"gbif","GBIF","Canadian National Collection (CNC) of Insects, Arachnids and Nematodes","Canadian Biodiversity Information Facility","Canadian Biodiversity Information Facility","cc by 4.0","Canadian Biodiversity Information Facility"
"Cercyonis pegala nephele",1929,8,"00:00:00","1929-08-13T00:00:00","occurrence",NA,1,45.2167,-72.5167,"gbif","GBIF","Canadian National Collection (CNC) of Insects, Arachnids and Nematodes","Canadian Biodiversity Information Facility","Canadian Biodiversity Information Facility","cc by 4.0","Canadian Biodiversity Information Facility"
"Cercyonis pegala nephele",1929,7,"00:00:00","1929-07-31T00:00:00","occurrence",NA,1,45.2167,-72.5167,"gbif","GBIF","Canadian National Collection (CNC) of Insects, Arachnids and Nematodes","Canadian Biodiversity Information Facility","Canadian Biodiversity Information Facility","cc by 4.0","Canadian Biodiversity Information Facility"
"Cercyonis pegala nephele",1929,7,"00:00:00","1929-07-13T00:00:00","occurrence",NA,1,45.2167,-72.5167,"gbif","GBIF","Canadian National Collection (CNC) of Insects, Arachnids and Nematodes","Canadian Biodiversity Information Facility","Canadian Biodiversity Information Facility","cc by 4.0","Canadian Biodiversity Information Facility"
"Cercyonis pegala nephele",1929,7,"00:00:00","1929-07-26T00:00:00","occurrence",NA,1,45.2167,-72.5167,"gbif","GBIF","Canadian National Collection (CNC) of Insects, Arachnids and Nematodes","Canadian Biodiversity Information Facility","Canadian Biodiversity Information Facility","cc by 4.0","Canadian Biodiversity Information Facility"
"Cercyonis pegala nephele",1929,8,"00:00:00","1929-08-03T00:00:00","occurrence",NA,1,45.2167,-72.5167,"gbif","GBIF","Canadian National Collection (CNC) of Insects, Arachnids and Nematodes","Canadian Biodiversity Information Facility","Canadian Biodiversity Information Facility","cc by 4.0","Canadian Biodiversity Information Facility"
"Cercyonis pegala nephele",1929,7,"00:00:00","1929-07-26T00:00:00","occurrence",NA,1,45.2167,-72.5167,"gbif","GBIF","Canadian National Collection (CNC) of Insects, Arachnids and Nematodes","Canadian Biodiversity Information Facility","Canadian Biodiversity Information Facility","cc by 4.0","Canadian Biodiversity Information Facility"
"Speyeria atlantis",1929,7,"00:00:00","1929-07-01T00:00:00","occurrence",NA,1,45.2167,-72.5167,"gbif","GBIF","Canadian National Collection (CNC) of Insects, Arachnids and Nematodes","Canadian Biodiversity Information Facility","Canadian Biodiversity Information Facility","cc by 4.0","Canadian Biodiversity Information Facility"
"Speyeria atlantis",1929,8,"00:00:00","1929-08-13T00:00:00","occurrence",NA,1,45.2167,-72.5167,"gbif","GBIF","Canadian National Collection (CNC) of Insects, Arachnids and Nematodes","Canadian Biodiversity Information Facility","Canadian Biodiversity Information Facility","cc by 4.0","Canadian Biodiversity Information Facility"
"Papilio canadensis",1929,6,"00:00:00","1929-06-20T00:00:00","occurrence",NA,1,45.2167,-72.5167,"gbif","GBIF","Canadian National Collection (CNC) of Insects, Arachnids and Nematodes","Canadian Biodiversity Information Facility","Canadian Biodiversity Information Facility","cc by 4.0","Canadian Biodiversity Information Facility"
"Lycaena phlaeas",1929,9,"00:00:00","1929-09-01T00:00:00","occurrence",NA,1,45.8667,-74.0833,"gbif","GBIF","Canadian National Collection (CNC) of Insects, Arachnids and Nematodes","Canadian Biodiversity Information Facility","Canadian Biodiversity Information Facility","cc by 4.0","Canadian Biodiversity Information Facility"
"Pieris oleracea",1929,7,"00:00:00","1929-07-05T00:00:00","occurrence",NA,1,45.05,-73.5833,"gbif","GBIF","Canadian National Collection (CNC) of Insects, Arachnids and Nematodes","Canadian Biodiversity Information Facility","Canadian Biodiversity Information Facility","cc by 4.0","Canadian Biodiversity Information Facility"
"Pieris oleracea",1929,7,"00:00:00","1929-07-13T00:00:00","occurrence",NA,1,45.2167,-72.5167,"gbif","GBIF","Canadian National Collection (CNC) of Insects, Arachnids and Nematodes","Canadian Biodiversity Information Facility","Canadian Biodiversity Information Facility","cc by 4.0","Canadian Biodiversity Information Facility"
"Pieris oleracea",1929,7,"00:00:00","1929-07-12T00:00:00","occurrence",NA,1,45.2167,-72.5167,"gbif","GBIF","Canadian National Collection (CNC) of Insects, Arachnids and Nematodes","Canadian Biodiversity Information Facility","Canadian Biodiversity Information Facility","cc by 4.0","Canadian Biodiversity Information Facility"
"Boloria selene",1929,8,"00:00:00","1929-08-02T00:00:00","occurrence",NA,1,45.2833,-72.5,"gbif","GBIF","Canadian National Collection (CNC) of Insects, Arachnids and Nematodes","Canadian Biodiversity Information Facility","Canadian Biodiversity Information Facility","cc by 4.0","Canadian Biodiversity Information Facility"
"Celastrina ladon",1929,8,"00:00:00","1929-08-09T00:00:00","occurrence",NA,1,50.2,-61.8167,"gbif","GBIF","Canadian National Collection (CNC) of Insects, Arachnids and Nematodes","Canadian Biodiversity Information Facility","Canadian Biodiversity Information Facility","cc by 4.0","Canadian Biodiversity Information Facility"
"Celastrina ladon",1929,6,"00:00:00","1929-06-10T00:00:00","occurrence",NA,1,50.2833,-64.7667,"gbif","GBIF","Canadian National Collection (CNC) of Insects, Arachnids and Nematodes","Canadian Biodiversity Information Facility","Canadian Biodiversity Information Facility","cc by 4.0","Canadian Biodiversity Information Facility"
"Celastrina ladon",1929,6,"00:00:00","1929-06-28T00:00:00","occurrence",NA,1,50.1833,-60.0833,"gbif","GBIF","Canadian National Collection (CNC) of Insects, Arachnids and Nematodes","Canadian Biodiversity Information Facility","Canadian Biodiversity Information Facility","cc by 4.0","Canadian Biodiversity Information Facility"
"Celastrina ladon",1929,6,"00:00:00","1929-06-13T00:00:00","occurrence",NA,1,50.2167,-63.8167,"gbif","GBIF","Canadian National Collection (CNC) of Insects, Arachnids and Nematodes","Canadian Biodiversity Information Facility","Canadian Biodiversity Information Facility","cc by 4.0","Canadian Biodiversity Information Facility"
"Lycaeides idas",1929,8,"00:00:00","1929-08-09T00:00:00","occurrence",NA,1,50.2,-61.8167,"gbif","GBIF","Canadian National Collection (CNC) of Insects, Arachnids and Nematodes","Canadian Biodiversity Information Facility","Canadian Biodiversity Information Facility","cc by 4.0","Canadian Biodiversity Information Facility"
"Colias interior",1929,8,"00:00:00","1929-08-07T00:00:00","occurrence",NA,1,50.2,-61.8167,"gbif","GBIF","Canadian National Collection (CNC) of Insects, Arachnids and Nematodes","Canadian Biodiversity Information Facility","Canadian Biodiversity Information Facility","cc by 4.0","Canadian Biodiversity Information Facility"
"Colias interior",1929,8,"00:00:00","1929-08-10T00:00:00","occurrence",NA,1,50.2,-61.8167,"gbif","GBIF","Canadian National Collection (CNC) of Insects, Arachnids and Nematodes","Canadian Biodiversity Information Facility","Canadian Biodiversity Information Facility","cc by 4.0","Canadian Biodiversity Information Facility"
"Lycaeides idas",1929,8,"00:00:00","1929-08-09T00:00:00","occurrence",NA,1,50.2,-61.8167,"gbif","GBIF","Canadian National Collection (CNC) of Insects, Arachnids and Nematodes","Canadian Biodiversity Information Facility","Canadian Biodiversity Information Facility","cc by 4.0","Canadian Biodiversity Information Facility"
"Lycaeides idas",1929,8,"00:00:00","1929-08-01T00:00:00","occurrence",NA,1,50.2,-61.8167,"gbif","GBIF","Canadian National Collection (CNC) of Insects, Arachnids and Nematodes","Canadian Biodiversity Information Facility","Canadian Biodiversity Information Facility","cc by 4.0","Canadian Biodiversity Information Facility"
"Lycaeides idas",1929,8,"00:00:00","1929-08-03T00:00:00","occurrence",NA,1,50.2,-61.8167,"gbif","GBIF","Canadian National Collection (CNC) of Insects, Arachnids and Nematodes","Canadian Biodiversity Information Facility","Canadian Biodiversity Information Facility","cc by 4.0","Canadian Biodiversity Information Facility"
"Colias philodice",1929,7,"00:00:00","1929-07-26T00:00:00","occurrence",NA,1,45.2167,-72.5167,"gbif","GBIF","Canadian National Collection (CNC) of Insects, Arachnids and Nematodes","Canadian Biodiversity Information Facility","Canadian Biodiversity Information Facility","cc by 4.0","Canadian Biodiversity Information Facility"
"Bellura obliqua",1929,6,"00:00:00","1929-06-02T00:00:00","occurrence",NA,1,45.5,-73.583333,"gbif","GBIF","University of Minnesota Insect Collection","University of Minnesota Insect Collection","University of Minnesota Insect Collection","cc0 1.0","University of Minnesota Insect Collection"
"Hypocoena inquinata",1929,7,"00:00:00","1929-07-29T00:00:00","occurrence",NA,1,45.882194,-74.355907,"gbif","GBIF","University of Minnesota Insect Collection","University of Minnesota Insect Collection","University of Minnesota Insect Collection","cc0 1.0","University of Minnesota Insect Collection"
"Phalaenostola larentioides",1929,7,"00:00:00","1929-07-15T00:00:00","occurrence",NA,1,45.5,-73.583333,"gbif","GBIF","University of Minnesota Insect Collection","University of Minnesota Insect Collection","University of Minnesota Insect Collection","cc0 1.0","University of Minnesota Insect Collection"
"Eupsilia morrisoni",1929,4,"00:00:00","1929-04-06T00:00:00","occurrence",NA,1,45.5,-73.583333,"gbif","GBIF","University of Minnesota Insect Collection","University of Minnesota Insect Collection","University of Minnesota Insect Collection","cc0 1.0","University of Minnesota Insect Collection"
"Pangrapta decoralis",1929,6,"00:00:00","1929-06-30T00:00:00","occurrence",NA,1,45.790602,-74.683238,"gbif","GBIF","University of Minnesota Insect Collection","University of Minnesota Insect Collection","University of Minnesota Insect Collection","cc0 1.0","University of Minnesota Insect Collection"
"Autographa bimaculata",1929,7,"00:00:00","1929-07-30T00:00:00","occurrence",NA,1,45.882194,-74.355907,"gbif","GBIF","University of Minnesota Insect Collection","University of Minnesota Insect Collection","University of Minnesota Insect Collection","cc0 1.0","University of Minnesota Insect Collection"
"Bellura obliqua",1929,6,"00:00:00","1929-06-08T00:00:00","occurrence",NA,1,45.5,-73.583333,"gbif","GBIF","University of Minnesota Insect Collection","University of Minnesota Insect Collection","University of Minnesota Insect Collection","cc0 1.0","University of Minnesota Insect Collection"
"Diachrysia aereoides",1929,7,"00:00:00","1929-07-22T00:00:00","occurrence",NA,1,45.882194,-74.355907,"gbif","GBIF","University of Minnesota Insect Collection","University of Minnesota Insect Collection","University of Minnesota Insect Collection","cc0 1.0","University of Minnesota Insect Collection"
"Phalaenostola larentioides",1929,7,"00:00:00","1929-07-15T00:00:00","occurrence",NA,1,45.5,-73.583333,"gbif","GBIF","University of Minnesota Insect Collection","University of Minnesota Insect Collection","University of Minnesota Insect Collection","cc0 1.0","University of Minnesota Insect Collection"
"Autographa bimaculata",1929,8,"00:00:00","1929-08-03T00:00:00","occurrence",NA,1,45.882194,-74.355907,"gbif","GBIF","University of Minnesota Insect Collection","University of Minnesota Insect Collection","University of Minnesota Insect Collection","cc0 1.0","University of Minnesota Insect Collection"
"Polia nimbosa",1929,7,"00:00:00","1929-07-26T00:00:00","occurrence",NA,1,45.882194,-74.355907,"gbif","GBIF","University of Minnesota Insect Collection","University of Minnesota Insect Collection","University of Minnesota Insect Collection","cc0 1.0","University of Minnesota Insect Collection"
"Autographa bimaculata",1929,7,"00:00:00","1929-07-22T00:00:00","occurrence",NA,1,45.882194,-74.355907,"gbif","GBIF","University of Minnesota Insect Collection","University of Minnesota Insect Collection","University of Minnesota Insect Collection","cc0 1.0","University of Minnesota Insect Collection"
"Bellura obliqua",1929,6,"00:00:00","1929-06-13T00:00:00","occurrence",NA,1,45.5,-73.583333,"gbif","GBIF","University of Minnesota Insect Collection","University of Minnesota Insect Collection","University of Minnesota Insect Collection","cc0 1.0","University of Minnesota Insect Collection"
"Diachrysia aereoides",1929,7,"00:00:00","1929-07-20T00:00:00","occurrence",NA,1,45.882194,-74.355907,"gbif","GBIF","University of Minnesota Insect Collection","University of Minnesota Insect Collection","University of Minnesota Insect Collection","cc0 1.0","University of Minnesota Insect Collection"
"Eupsilia morrisoni",1929,4,"00:00:00","1929-04-06T00:00:00","occurrence",NA,1,45.5,-73.583333,"gbif","GBIF","University of Minnesota Insect Collection","University of Minnesota Insect Collection","University of Minnesota Insect Collection","cc0 1.0","University of Minnesota Insect Collection"
"Anatrytone logan",1929,7,"","1929-07-28","presence",NA,1,42.4802,-71.1,"ebutterfly","Maxim Larrivée, Jeremy Kerr, Kent McFarland and Katy Prudic","eButterfly","ebutterfly","eButterfly","","eButterfly"
"Phoebis sennae",1929,4,"","1929-04-22","presence",NA,1,32.3063,-87.7981,"ebutterfly","Maxim Larrivée, Jeremy Kerr, Kent McFarland and Katy Prudic","eButterfly","ebutterfly","eButterfly","","eButterfly"
"Colias eurytheme",1929,7,"","1929-07-01","presence",NA,1,34.6481,-97.9581,"ebutterfly","Maxim Larrivée, Jeremy Kerr, Kent McFarland and Katy Prudic","eButterfly","ebutterfly","eButterfly","","eButterfly"
"Papilio glaucus",1929,6,"","1929-06-29","presence",NA,1,32.3063,-87.7981,"ebutterfly","Maxim Larrivée, Jeremy Kerr, Kent McFarland and Katy Prudic","eButterfly","ebutterfly","eButterfly","","eButterfly"
"Pompeius verna",1929,7,"","1929-07-20","presence",NA,1,42.4802,-71.1,"ebutterfly","Maxim Larrivée, Jeremy Kerr, Kent McFarland and Katy Prudic","eButterfly","ebutterfly","eButterfly","","eButterfly"
"Cercyonis pegala",1929,8,"","1929-08-17","presence",NA,1,42.4802,-71.1,"ebutterfly","Maxim Larrivée, Jeremy Kerr, Kent McFarland and Katy Prudic","eButterfly","ebutterfly","eButterfly","","eButterfly"
"Papilio multicaudata",1929,6,"","1929-06-11","presence",NA,1,38.4825,-100.9071,"ebutterfly","Maxim Larrivée, Jeremy Kerr, Kent McFarland and Katy Prudic","eButterfly","ebutterfly","eButterfly","","eButterfly"
"Plebejus melissa",1929,8,"","1929-08-29","presence",NA,1,38.4825,-100.9071,"ebutterfly","Maxim Larrivée, Jeremy Kerr, Kent McFarland and Katy Prudic","eButterfly","ebutterfly","eButterfly","","eButterfly"
"Anatrytone logan",1929,7,"","1929-07-21","presence",NA,1,42.4802,-71.1,"ebutterfly","Maxim Larrivée, Jeremy Kerr, Kent McFarland and Katy Prudic","eButterfly","ebutterfly","eButterfly","","eButterfly"
"Pompeius verna",1929,7,"","1929-07-05","presence",NA,1,42.4802,-71.1,"ebutterfly","Maxim Larrivée, Jeremy Kerr, Kent McFarland and Katy Prudic","eButterfly","ebutterfly","eButterfly","","eButterfly"
"Libytheana carinenta",1929,7,"","1929-07-20","presence",NA,1,38.4825,-100.9071,"ebutterfly","Maxim Larrivée, Jeremy Kerr, Kent McFarland and Katy Prudic","eButterfly","ebutterfly","eButterfly","","eButterfly"
"Euphyes conspicua",1929,7,"","1929-07-21","presence",NA,1,42.4802,-71.1,"ebutterfly","Maxim Larrivée, Jeremy Kerr, Kent McFarland and Katy Prudic","eButterfly","ebutterfly","eButterfly","","eButterfly"
"Papilio multicaudata",1929,4,"","1929-04-30","presence",NA,1,38.4825,-100.9071,"ebutterfly","Maxim Larrivée, Jeremy Kerr, Kent McFarland and Katy Prudic","eButterfly","ebutterfly","eButterfly","","eButterfly"
"Colias philodice",1929,7,"","1929-07-21","presence",NA,1,42.4802,-71.1,"ebutterfly","Maxim Larrivée, Jeremy Kerr, Kent McFarland and Katy Prudic","eButterfly","ebutterfly","eButterfly","","eButterfly"
"Libytheana carinenta",1929,8,"","1929-08-18","presence",NA,1,38.4825,-100.9071,"ebutterfly","Maxim Larrivée, Jeremy Kerr, Kent McFarland and Katy Prudic","eButterfly","ebutterfly","eButterfly","","eButterfly"
"Papilio multicaudata",1929,4,"","1929-04-27","presence",NA,1,38.4825,-100.9071,"ebutterfly","Maxim Larrivée, Jeremy Kerr, Kent McFarland and Katy Prudic","eButterfly","ebutterfly","eButterfly","","eButterfly"
"Plebejus melissa",1929,7,"","1929-07-09","presence",NA,1,38.4825,-100.9071,"ebutterfly","Maxim Larrivée, Jeremy Kerr, Kent McFarland and Katy Prudic","eButterfly","ebutterfly","eButterfly","","eButterfly"
"Anatrytone logan",1929,7,"","1929-07-20","presence",NA,1,42.4802,-71.1,"ebutterfly","Maxim Larrivée, Jeremy Kerr, Kent McFarland and Katy Prudic","eButterfly","ebutterfly","eButterfly","","eButterfly"
"Nathalis iole",1929,10,"","1929-10-13","presence",NA,1,38.627,-90.1994,"ebutterfly","Maxim Larrivée, Jeremy Kerr, Kent McFarland and Katy Prudic","eButterfly","ebutterfly","eButterfly","","eButterfly"
"Chlosyne harrisii",1929,6,"","1929-06-21","presence",NA,1,41.064,-80.0564,"ebutterfly","Maxim Larrivée, Jeremy Kerr, Kent McFarland and Katy Prudic","eButterfly","ebutterfly","eButterfly","","eButterfly"
"Satyrium edwardsii",1929,6,"","1929-06-07","presence",NA,1,42.4802,-71.1,"ebutterfly","Maxim Larrivée, Jeremy Kerr, Kent McFarland and Katy Prudic","eButterfly","ebutterfly","eButterfly","","eButterfly"
"Libytheana carinenta",1929,8,"","1929-08-19","presence",NA,1,38.4825,-100.9071,"ebutterfly","Maxim Larrivée, Jeremy Kerr, Kent McFarland and Katy Prudic","eButterfly","ebutterfly","eButterfly","","eButterfly"
"Cercyonis pegala",1929,1,"","1929-01-01","presence",NA,1,45.9636,-66.6431,"ebutterfly","Maxim Larrivée, Jeremy Kerr, Kent McFarland and Katy Prudic","eButterfly","ebutterfly","eButterfly","","eButterfly"
