"observed_scientific_name","year_obs","day_obs","time_obs","dwc_event_date","obs_variable","obs_unit","obs_value","lat","lon","original_source","creator","title","publisher","intellectual_rights","license","owner"
"Speyeria aphrodite",1932,7,"00:00:00","1932-07-08T00:00:00","presence",NA,1,45.4792,-74.3023,"ebutterfly","Maxim Larrivée, Jeremy Kerr, Kent McFarland and Katy Prudic","eButterfly","ebutterfly","eButterfly","","eButterfly"
"Erynnis icelus",1932,6,"00:00:00","1932-06-19T00:00:00","presence",NA,1,45.5017,-73.5673,"ebutterfly","Maxim Larrivée, Jeremy Kerr, Kent McFarland and Katy Prudic","eButterfly","ebutterfly","eButterfly","","eButterfly"
"Polites themistocles",1932,7,"00:00:00","1932-07-03T00:00:00","presence",NA,1,45.5017,-73.5673,"ebutterfly","Maxim Larrivée, Jeremy Kerr, Kent McFarland and Katy Prudic","eButterfly","ebutterfly","eButterfly","","eButterfly"
"Polites themistocles",1932,6,"00:00:00","1932-06-29T00:00:00","presence",NA,1,45.5017,-73.5673,"ebutterfly","Maxim Larrivée, Jeremy Kerr, Kent McFarland and Katy Prudic","eButterfly","ebutterfly","eButterfly","","eButterfly"
"Phyciodes cocyta",1932,6,"00:00:00","1932-06-12T00:00:00","presence",NA,1,45.9587,-73.2197,"ebutterfly","Maxim Larrivée, Jeremy Kerr, Kent McFarland and Katy Prudic","eButterfly","ebutterfly","eButterfly","","eButterfly"
"Phyciodes cocyta",1932,6,"00:00:00","1932-06-26T00:00:00","presence",NA,1,45.7873,-74.6836,"ebutterfly","Maxim Larrivée, Jeremy Kerr, Kent McFarland and Katy Prudic","eButterfly","ebutterfly","eButterfly","","eButterfly"
"Colias philodice",1932,9,"00:00:00","1932-09-05T00:00:00","presence",NA,1,45.5017,-73.5673,"ebutterfly","Maxim Larrivée, Jeremy Kerr, Kent McFarland and Katy Prudic","eButterfly","ebutterfly","eButterfly","","eButterfly"
"Lethe eurydice",1932,7,"00:00:00","1932-07-16T00:00:00","presence",NA,1,46.014,-73.4178,"ebutterfly","Maxim Larrivée, Jeremy Kerr, Kent McFarland and Katy Prudic","eButterfly","ebutterfly","eButterfly","","eButterfly"
"Lethe eurydice",1932,7,"00:00:00","1932-07-11T00:00:00","presence",NA,1,46.014,-73.4178,"ebutterfly","Maxim Larrivée, Jeremy Kerr, Kent McFarland and Katy Prudic","eButterfly","ebutterfly","eButterfly","","eButterfly"
"Lethe eurydice",1932,7,"00:00:00","1932-07-10T00:00:00","presence",NA,1,45.5017,-73.5673,"ebutterfly","Maxim Larrivée, Jeremy Kerr, Kent McFarland and Katy Prudic","eButterfly","ebutterfly","eButterfly","","eButterfly"
"Lycaena epixanthe",1932,7,"","1932-07-26","presence",NA,1,45.9587,-73.2197,"ebutterfly","Maxim Larrivée, Jeremy Kerr, Kent McFarland and Katy Prudic","eButterfly","ebutterfly","eButterfly","","eButterfly"
"Vanessa cardui",1932,9,"00:00:00","1932-09-10T00:00:00","presence",NA,1,45.5017,-73.5673,"ebutterfly","Maxim Larrivée, Jeremy Kerr, Kent McFarland and Katy Prudic","eButterfly","ebutterfly","eButterfly","","eButterfly"
"Vanessa cardui",1932,9,"00:00:00","1932-09-05T00:00:00","presence",NA,1,45.5017,-73.5673,"ebutterfly","Maxim Larrivée, Jeremy Kerr, Kent McFarland and Katy Prudic","eButterfly","ebutterfly","eButterfly","","eButterfly"
"Vanessa cardui",1932,9,"00:00:00","1932-09-09T00:00:00","presence",NA,1,45.5017,-73.5673,"ebutterfly","Maxim Larrivée, Jeremy Kerr, Kent McFarland and Katy Prudic","eButterfly","ebutterfly","eButterfly","","eButterfly"
"Vanessa virginiensis",1932,9,"00:00:00","1932-09-23T00:00:00","presence",NA,1,45.5017,-73.5673,"ebutterfly","Maxim Larrivée, Jeremy Kerr, Kent McFarland and Katy Prudic","eButterfly","ebutterfly","eButterfly","","eButterfly"
"Polites mystic",1932,7,"00:00:00","1932-07-03T00:00:00","presence",NA,1,45.5017,-73.5673,"ebutterfly","Maxim Larrivée, Jeremy Kerr, Kent McFarland and Katy Prudic","eButterfly","ebutterfly","eButterfly","","eButterfly"
"Polites mystic",1932,6,"00:00:00","1932-06-26T00:00:00","presence",NA,1,45.9587,-73.2197,"ebutterfly","Maxim Larrivée, Jeremy Kerr, Kent McFarland and Katy Prudic","eButterfly","ebutterfly","eButterfly","","eButterfly"
"Speyeria cybele",1932,7,"00:00:00","1932-07-30T00:00:00","presence",NA,1,45.5017,-73.5673,"ebutterfly","Maxim Larrivée, Jeremy Kerr, Kent McFarland and Katy Prudic","eButterfly","ebutterfly","eButterfly","","eButterfly"
"Speyeria cybele",1932,7,"00:00:00","1932-07-01T00:00:00","presence",NA,1,45.5017,-73.5673,"ebutterfly","Maxim Larrivée, Jeremy Kerr, Kent McFarland and Katy Prudic","eButterfly","ebutterfly","eButterfly","","eButterfly"
"Speyeria cybele",1932,7,"00:00:00","1932-07-16T00:00:00","presence",NA,1,46.014,-73.4178,"ebutterfly","Maxim Larrivée, Jeremy Kerr, Kent McFarland and Katy Prudic","eButterfly","ebutterfly","eButterfly","","eButterfly"
"Speyeria cybele",1932,7,"00:00:00","1932-07-09T00:00:00","presence",NA,1,46.014,-73.4178,"ebutterfly","Maxim Larrivée, Jeremy Kerr, Kent McFarland and Katy Prudic","eButterfly","ebutterfly","eButterfly","","eButterfly"
"Speyeria cybele",1932,7,"00:00:00","1932-07-11T00:00:00","presence",NA,1,46.014,-73.4178,"ebutterfly","Maxim Larrivée, Jeremy Kerr, Kent McFarland and Katy Prudic","eButterfly","ebutterfly","eButterfly","","eButterfly"
"Epargyreus clarus",1932,5,"","1932-05-05","presence",NA,1,45.5017,-73.5673,"ebutterfly","Maxim Larrivée, Jeremy Kerr, Kent McFarland and Katy Prudic","eButterfly","ebutterfly","eButterfly","","eButterfly"
"Boloria chariclea",1932,7,"","1932-07-29","presence",NA,1,52.8613,-102.39,"ebutterfly","Maxim Larrivée, Jeremy Kerr, Kent McFarland and Katy Prudic","eButterfly","ebutterfly","eButterfly","","eButterfly"
"Erynnis icelus",1932,5,"","1932-05-02","presence",NA,1,45.8755,-74.0821,"ebutterfly","Maxim Larrivée, Jeremy Kerr, Kent McFarland and Katy Prudic","eButterfly","ebutterfly","eButterfly","","eButterfly"
"Pieris rapae",1932,4,"","1932-04-25","presence",NA,1,45.5017,-73.5673,"ebutterfly","Maxim Larrivée, Jeremy Kerr, Kent McFarland and Katy Prudic","eButterfly","ebutterfly","eButterfly","","eButterfly"
"Lycaena hyllus",1932,6,"","1932-06-27","presence",NA,1,45.5017,-73.5673,"ebutterfly","Maxim Larrivée, Jeremy Kerr, Kent McFarland and Katy Prudic","eButterfly","ebutterfly","eButterfly","","eButterfly"
"Speyeria cybele",1932,7,"00:00:00","1932-07-06T00:00:00","presence",NA,1,45.5017,-73.5673,"ebutterfly","Maxim Larrivée, Jeremy Kerr, Kent McFarland and Katy Prudic","eButterfly","ebutterfly","eButterfly","","eButterfly"
"Chlosyne harrisii",1932,6,"","1932-06-28","presence",NA,1,45.7873,-74.6836,"ebutterfly","Maxim Larrivée, Jeremy Kerr, Kent McFarland and Katy Prudic","eButterfly","ebutterfly","eButterfly","","eButterfly"
"Speyeria atlantis",1932,8,"","1932-08-04","presence",NA,1,48.146,-69.7128,"ebutterfly","Maxim Larrivée, Jeremy Kerr, Kent McFarland and Katy Prudic","eButterfly","ebutterfly","eButterfly","","eButterfly"
"Papilio canadensis",1932,6,"","1932-06-12","presence",NA,1,45.9587,-73.2197,"ebutterfly","Maxim Larrivée, Jeremy Kerr, Kent McFarland and Katy Prudic","eButterfly","ebutterfly","eButterfly","","eButterfly"
"Euphyes bimacula",1932,7,"","1932-07-03","presence",NA,1,45.9587,-73.2197,"ebutterfly","Maxim Larrivée, Jeremy Kerr, Kent McFarland and Katy Prudic","eButterfly","ebutterfly","eButterfly","","eButterfly"
"Amblyscirtes hegon",1932,6,"","1932-06-05","presence",NA,1,46.747,-71.4593,"ebutterfly","Maxim Larrivée, Jeremy Kerr, Kent McFarland and Katy Prudic","eButterfly","ebutterfly","eButterfly","","eButterfly"
"Polygonia gracilis",1932,6,"","1932-06-13","presence",NA,1,45.9931,-73.2985,"ebutterfly","Maxim Larrivée, Jeremy Kerr, Kent McFarland and Katy Prudic","eButterfly","ebutterfly","eButterfly","","eButterfly"
"Coenonympha inornata",1932,6,"","1932-06-26","presence",NA,1,45.9587,-73.2197,"ebutterfly","Maxim Larrivée, Jeremy Kerr, Kent McFarland and Katy Prudic","eButterfly","ebutterfly","eButterfly","","eButterfly"
"Colias interior",1932,7,"","1932-07-22","presence",NA,1,48.146,-69.7128,"ebutterfly","Maxim Larrivée, Jeremy Kerr, Kent McFarland and Katy Prudic","eButterfly","ebutterfly","eButterfly","","eButterfly"
"Plebejus saepiolus",1932,7,"","1932-07-25","presence",NA,1,48.146,-69.7128,"ebutterfly","Maxim Larrivée, Jeremy Kerr, Kent McFarland and Katy Prudic","eButterfly","ebutterfly","eButterfly","","eButterfly"
"Speyeria atlantis",1932,8,"","1932-08-16","presence",NA,1,48.0763,-69.8105,"ebutterfly","Maxim Larrivée, Jeremy Kerr, Kent McFarland and Katy Prudic","eButterfly","ebutterfly","eButterfly","","eButterfly"
"Lycaena phlaeas",1932,8,"","1932-08-04","presence",NA,1,48.146,-69.7128,"ebutterfly","Maxim Larrivée, Jeremy Kerr, Kent McFarland and Katy Prudic","eButterfly","ebutterfly","eButterfly","","eButterfly"
"Speyeria atlantis",1932,7,"","1932-07-27","presence",NA,1,48.146,-69.7128,"ebutterfly","Maxim Larrivée, Jeremy Kerr, Kent McFarland and Katy Prudic","eButterfly","ebutterfly","eButterfly","","eButterfly"
"Speyeria aphrodite",1932,8,"","1932-08-16","presence",NA,1,48.0763,-69.8105,"ebutterfly","Maxim Larrivée, Jeremy Kerr, Kent McFarland and Katy Prudic","eButterfly","ebutterfly","eButterfly","","eButterfly"
"Speyeria aphrodite",1932,7,"","1932-07-23","presence",NA,1,45.5017,-73.5673,"ebutterfly","Maxim Larrivée, Jeremy Kerr, Kent McFarland and Katy Prudic","eButterfly","ebutterfly","eButterfly","","eButterfly"
"Plebejus saepiolus",1932,6,"","1932-06-28","presence",NA,1,45.7873,-74.6836,"ebutterfly","Maxim Larrivée, Jeremy Kerr, Kent McFarland and Katy Prudic","eButterfly","ebutterfly","eButterfly","","eButterfly"
"Limenitis arthemis",1932,6,"","1932-06-28","presence",NA,1,45.7873,-74.6836,"ebutterfly","Maxim Larrivée, Jeremy Kerr, Kent McFarland and Katy Prudic","eButterfly","ebutterfly","eButterfly","","eButterfly"
"Phyciodes cocyta",1932,6,"","1932-06-26","presence",NA,1,45.7873,-74.6836,"ebutterfly","Maxim Larrivée, Jeremy Kerr, Kent McFarland and Katy Prudic","eButterfly","ebutterfly","eButterfly","","eButterfly"
"Polygonia comma",1932,6,"","1932-06-28","presence",NA,1,45.7873,-74.6836,"ebutterfly","Maxim Larrivée, Jeremy Kerr, Kent McFarland and Katy Prudic","eButterfly","ebutterfly","eButterfly","","eButterfly"
"Ancyloxypha numitor",1932,7,"","1932-07-01","presence",NA,1,45.9587,-73.2197,"ebutterfly","Maxim Larrivée, Jeremy Kerr, Kent McFarland and Katy Prudic","eButterfly","ebutterfly","eButterfly","","eButterfly"
"Limenitis arthemis",1932,7,"","1932-07-24","presence",NA,1,48.146,-69.7128,"ebutterfly","Maxim Larrivée, Jeremy Kerr, Kent McFarland and Katy Prudic","eButterfly","ebutterfly","eButterfly","","eButterfly"
"Cercyonis pegala",1932,7,"","1932-07-02","presence",NA,1,45.9587,-73.2197,"ebutterfly","Maxim Larrivée, Jeremy Kerr, Kent McFarland and Katy Prudic","eButterfly","ebutterfly","eButterfly","","eButterfly"
"Colias interior",1932,7,"","1932-07-25","presence",NA,1,48.146,-69.7128,"ebutterfly","Maxim Larrivée, Jeremy Kerr, Kent McFarland and Katy Prudic","eButterfly","ebutterfly","eButterfly","","eButterfly"
"Colias philodice",1932,6,"","1932-06-05","presence",NA,1,46.747,-71.4593,"ebutterfly","Maxim Larrivée, Jeremy Kerr, Kent McFarland and Katy Prudic","eButterfly","ebutterfly","eButterfly","","eButterfly"
"Celastrina lucia",1932,6,"","1932-06-12","presence",NA,1,49.1246,-66.4893,"ebutterfly","Maxim Larrivée, Jeremy Kerr, Kent McFarland and Katy Prudic","eButterfly","ebutterfly","eButterfly","","eButterfly"
"Limenitis archippus",1932,6,"","1932-06-12","presence",NA,1,45.9587,-73.2197,"ebutterfly","Maxim Larrivée, Jeremy Kerr, Kent McFarland and Katy Prudic","eButterfly","ebutterfly","eButterfly","","eButterfly"
"Speyeria atlantis",1932,7,"","1932-07-02","presence",NA,1,45.9587,-73.2197,"ebutterfly","Maxim Larrivée, Jeremy Kerr, Kent McFarland and Katy Prudic","eButterfly","ebutterfly","eButterfly","","eButterfly"
"Satyrium acadica",1932,8,"","1932-08-07","presence",NA,1,45.5017,-73.5673,"ebutterfly","Maxim Larrivée, Jeremy Kerr, Kent McFarland and Katy Prudic","eButterfly","ebutterfly","eButterfly","","eButterfly"
"Phyciodes cocyta",1932,6,"","1932-06-05","presence",NA,1,46.747,-71.4593,"ebutterfly","Maxim Larrivée, Jeremy Kerr, Kent McFarland and Katy Prudic","eButterfly","ebutterfly","eButterfly","","eButterfly"
"Lethe eurydice",1932,7,"","1932-07-23","presence",NA,1,45.5017,-73.5673,"ebutterfly","Maxim Larrivée, Jeremy Kerr, Kent McFarland and Katy Prudic","eButterfly","ebutterfly","eButterfly","","eButterfly"
"Speyeria aphrodite",1932,8,"","1932-08-02","presence",NA,1,48.146,-69.7128,"ebutterfly","Maxim Larrivée, Jeremy Kerr, Kent McFarland and Katy Prudic","eButterfly","ebutterfly","eButterfly","","eButterfly"
"Celastrina lucia",1932,6,"","1932-06-11","presence",NA,1,49.1246,-66.4893,"ebutterfly","Maxim Larrivée, Jeremy Kerr, Kent McFarland and Katy Prudic","eButterfly","ebutterfly","eButterfly","","eButterfly"
"Pieris oleracea",1932,6,"","1932-06-12","presence",NA,1,49.1246,-66.4893,"ebutterfly","Maxim Larrivée, Jeremy Kerr, Kent McFarland and Katy Prudic","eButterfly","ebutterfly","eButterfly","","eButterfly"
"Celastrina lucia",1932,6,"","1932-06-21","presence",NA,1,48.8316,-64.4869,"ebutterfly","Maxim Larrivée, Jeremy Kerr, Kent McFarland and Katy Prudic","eButterfly","ebutterfly","eButterfly","","eButterfly"
"Satyrium acadica",1932,7,"","1932-07-23","presence",NA,1,45.5017,-73.5673,"ebutterfly","Maxim Larrivée, Jeremy Kerr, Kent McFarland and Katy Prudic","eButterfly","ebutterfly","eButterfly","","eButterfly"
"Plebejus saepiolus",1932,7,"","1932-07-28","presence",NA,1,48.146,-69.7128,"ebutterfly","Maxim Larrivée, Jeremy Kerr, Kent McFarland and Katy Prudic","eButterfly","ebutterfly","eButterfly","","eButterfly"
"Feniseca tarquinius",1932,6,"","1932-06-12","presence",NA,1,45.9587,-73.2197,"ebutterfly","Maxim Larrivée, Jeremy Kerr, Kent McFarland and Katy Prudic","eButterfly","ebutterfly","eButterfly","","eButterfly"
"Ancyloxypha numitor",1932,7,"","1932-07-03","presence",NA,1,45.9587,-73.2197,"ebutterfly","Maxim Larrivée, Jeremy Kerr, Kent McFarland and Katy Prudic","eButterfly","ebutterfly","eButterfly","","eButterfly"
"Plebejus saepiolus",1932,6,"","1932-06-26","presence",NA,1,45.9587,-73.2197,"ebutterfly","Maxim Larrivée, Jeremy Kerr, Kent McFarland and Katy Prudic","eButterfly","ebutterfly","eButterfly","","eButterfly"
"Coenonympha inornata",1932,7,"","1932-07-07","presence",NA,1,45.9718,-73.8967,"ebutterfly","Maxim Larrivée, Jeremy Kerr, Kent McFarland and Katy Prudic","eButterfly","ebutterfly","eButterfly","","eButterfly"
"Polygonia faunus",1932,7,"","1932-07-17","presence",NA,1,45.9587,-73.2197,"ebutterfly","Maxim Larrivée, Jeremy Kerr, Kent McFarland and Katy Prudic","eButterfly","ebutterfly","eButterfly","","eButterfly"
"Pyrgus centaureae",1932,7,"","1932-07-24","presence",NA,1,48.8532,-66.0385,"ebutterfly","Maxim Larrivée, Jeremy Kerr, Kent McFarland and Katy Prudic","eButterfly","ebutterfly","eButterfly","","eButterfly"
"Colias interior",1932,6,"","1932-06-22","presence",NA,1,48.146,-69.7128,"ebutterfly","Maxim Larrivée, Jeremy Kerr, Kent McFarland and Katy Prudic","eButterfly","ebutterfly","eButterfly","","eButterfly"
"Lethe anthedon",1932,7,"","1932-07-02","presence",NA,1,45.9587,-73.2197,"ebutterfly","Maxim Larrivée, Jeremy Kerr, Kent McFarland and Katy Prudic","eButterfly","ebutterfly","eButterfly","","eButterfly"
"Euphyes vestris",1932,7,"","1932-07-02","presence",NA,1,45.9587,-73.2197,"ebutterfly","Maxim Larrivée, Jeremy Kerr, Kent McFarland and Katy Prudic","eButterfly","ebutterfly","eButterfly","","eButterfly"
"Polygonia gracilis",1932,6,"","1932-06-12","presence",NA,1,45.9931,-73.2985,"ebutterfly","Maxim Larrivée, Jeremy Kerr, Kent McFarland and Katy Prudic","eButterfly","ebutterfly","eButterfly","","eButterfly"
"Glaucopsyche lygdamus",1932,7,"","1932-07-20","presence",NA,1,48.146,-69.7128,"ebutterfly","Maxim Larrivée, Jeremy Kerr, Kent McFarland and Katy Prudic","eButterfly","ebutterfly","eButterfly","","eButterfly"
"Satyrium liparops",1932,7,"","1932-07-09","presence",NA,1,45.492,-73.5042,"ebutterfly","Maxim Larrivée, Jeremy Kerr, Kent McFarland and Katy Prudic","eButterfly","ebutterfly","eButterfly","","eButterfly"
"Callophrys lanoraieensis",1932,6,"","1932-06-12","presence",NA,1,45.9587,-73.2197,"ebutterfly","Maxim Larrivée, Jeremy Kerr, Kent McFarland and Katy Prudic","eButterfly","ebutterfly","eButterfly","","eButterfly"
"Papilio canadensis",1932,6,"00:00:00","1932-06-12T00:00:00","presence",NA,1,45.9587,-73.2197,"ebutterfly","Maxim Larrivée, Jeremy Kerr, Kent McFarland and Katy Prudic","eButterfly","ebutterfly","eButterfly","","eButterfly"
"Phyciodes cocyta",1932,6,"","1932-06-12","presence",NA,1,45.9587,-73.2197,"ebutterfly","Maxim Larrivée, Jeremy Kerr, Kent McFarland and Katy Prudic","eButterfly","ebutterfly","eButterfly","","eButterfly"
"Papilio polyxenes",1932,8,"00:00:00","1932-08-04T00:00:00","presence",NA,1,45.5017,-73.5673,"ebutterfly","Maxim Larrivée, Jeremy Kerr, Kent McFarland and Katy Prudic","eButterfly","ebutterfly","eButterfly","","eButterfly"
"Euphyes bimacula",1932,6,"","1932-06-02","presence",NA,1,45.9587,-73.2197,"ebutterfly","Maxim Larrivée, Jeremy Kerr, Kent McFarland and Katy Prudic","eButterfly","ebutterfly","eButterfly","","eButterfly"
"Euphyes bimacula",1932,6,"","1932-06-26","presence",NA,1,45.9587,-73.2197,"ebutterfly","Maxim Larrivée, Jeremy Kerr, Kent McFarland and Katy Prudic","eButterfly","ebutterfly","eButterfly","","eButterfly"
"Polites mystic",1932,7,"00:00:00","1932-07-03T00:00:00","presence",NA,1,45.9587,-73.2197,"ebutterfly","Maxim Larrivée, Jeremy Kerr, Kent McFarland and Katy Prudic","eButterfly","ebutterfly","eButterfly","","eButterfly"
"Speyeria cybele",1932,7,"00:00:00","1932-07-16T00:00:00","presence",NA,1,46.014,-73.4178,"ebutterfly","Maxim Larrivée, Jeremy Kerr, Kent McFarland and Katy Prudic","eButterfly","ebutterfly","eButterfly","","eButterfly"
"Ancyloxypha numitor",1932,7,"00:00:00","1932-07-01T00:00:00","presence",NA,1,45.9587,-73.2197,"ebutterfly","Maxim Larrivée, Jeremy Kerr, Kent McFarland and Katy Prudic","eButterfly","ebutterfly","eButterfly","","eButterfly"
"Hesperia leonardus",1932,9,"","1932-09-03","presence",NA,1,45.5017,-73.5673,"ebutterfly","Maxim Larrivée, Jeremy Kerr, Kent McFarland and Katy Prudic","eButterfly","ebutterfly","eButterfly","","eButterfly"
"Colias philodice",1932,5,"00:00:00","1932-05-22T00:00:00","presence",NA,1,45.5017,-73.5673,"ebutterfly","Maxim Larrivée, Jeremy Kerr, Kent McFarland and Katy Prudic","eButterfly","ebutterfly","eButterfly","","eButterfly"
"Poanes hobomok",1932,6,"00:00:00","1932-06-12T00:00:00","presence",NA,1,45.9587,-73.2197,"ebutterfly","Maxim Larrivée, Jeremy Kerr, Kent McFarland and Katy Prudic","eButterfly","ebutterfly","eButterfly","","eButterfly"
"Celastrina lucia",1932,6,"00:00:00","1932-06-05T00:00:00","presence",NA,1,48.806,-71.9481,"ebutterfly","Maxim Larrivée, Jeremy Kerr, Kent McFarland and Katy Prudic","eButterfly","ebutterfly","eButterfly","","eButterfly"
"Lycaena phlaeas americana",1932,7,"00:00:00","1932-07-01T00:00:00","occurrence",NA,1,45.516667,-74.333333,"gbif","GBIF","University of Michigan Museum of Zoology, Division of Insects","University of Michigan Museum of Zoology","University of Michigan Museum of Zoology","cc by nc 4.0","University of Michigan Museum of Zoology"
"Chlosyne harrisii",1932,7,"00:00:00","1932-07-03T00:00:00","occurrence",NA,1,46.1214,-74.59442,"gbif","GBIF","Museum of Comparative Zoology, Harvard University","Museum of Comparative Zoology, Harvard University","Museum of Comparative Zoology, Harvard University","cc by nc 4.0","Museum of Comparative Zoology, Harvard University"
"Papilio polyxenes",1932,8,"00:00:00","1932-08-04T00:00:00","occurrence",NA,1,45.501689,-73.567256,"gbif","GBIF","eButterfly Surveys","Vermont Center for Ecostudies","Vermont Center for Ecostudies","cc by nc 4.0","Vermont Center for Ecostudies"
"Lethe eurydice",1932,7,"00:00:00","1932-07-11T00:00:00","abundance",NA,2,46.014012,-73.417796,"gbif","GBIF","eButterfly Surveys","Vermont Center for Ecostudies","Vermont Center for Ecostudies","cc by nc 4.0","Vermont Center for Ecostudies"
"Ancyloxypha numitor",1932,7,"00:00:00","1932-07-03T00:00:00","occurrence",NA,1,45.958702,-73.21967,"gbif","GBIF","eButterfly Surveys","Vermont Center for Ecostudies","Vermont Center for Ecostudies","cc by nc 4.0","Vermont Center for Ecostudies"
"Limenitis archippus",1932,6,"00:00:00","1932-06-12T00:00:00","abundance",NA,3,45.958702,-73.21967,"gbif","GBIF","eButterfly Surveys","Vermont Center for Ecostudies","Vermont Center for Ecostudies","cc by nc 4.0","Vermont Center for Ecostudies"
"Coenonympha tullia",1932,6,"00:00:00","1932-06-26T00:00:00","occurrence",NA,1,45.958702,-73.21967,"gbif","GBIF","eButterfly Surveys","Vermont Center for Ecostudies","Vermont Center for Ecostudies","cc by nc 4.0","Vermont Center for Ecostudies"
"Speyeria atlantis",1932,7,"00:00:00","1932-07-02T00:00:00","occurrence",NA,1,45.958702,-73.21967,"gbif","GBIF","eButterfly Surveys","Vermont Center for Ecostudies","Vermont Center for Ecostudies","cc by nc 4.0","Vermont Center for Ecostudies"
"Satyrium acadica",1932,8,"00:00:00","1932-08-07T00:00:00","occurrence",NA,1,45.501689,-73.567256,"gbif","GBIF","eButterfly Surveys","Vermont Center for Ecostudies","Vermont Center for Ecostudies","cc by nc 4.0","Vermont Center for Ecostudies"
"Glaucopsyche lygdamus",1932,7,"00:00:00","1932-07-20T00:00:00","occurrence",NA,1,48.145978,-69.71284,"gbif","GBIF","eButterfly Surveys","Vermont Center for Ecostudies","Vermont Center for Ecostudies","cc by nc 4.0","Vermont Center for Ecostudies"
"Lethe eurydice",1932,7,"00:00:00","1932-07-23T00:00:00","occurrence",NA,1,45.501689,-73.567256,"gbif","GBIF","eButterfly Surveys","Vermont Center for Ecostudies","Vermont Center for Ecostudies","cc by nc 4.0","Vermont Center for Ecostudies"
"Plebejus saepiolus",1932,7,"00:00:00","1932-07-28T00:00:00","occurrence",NA,1,48.145978,-69.71284,"gbif","GBIF","eButterfly Surveys","Vermont Center for Ecostudies","Vermont Center for Ecostudies","cc by nc 4.0","Vermont Center for Ecostudies"
"Pieris oleracea",1932,6,"00:00:00","1932-06-12T00:00:00","occurrence",NA,1,49.124578,-66.489286,"gbif","GBIF","eButterfly Surveys","Vermont Center for Ecostudies","Vermont Center for Ecostudies","cc by nc 4.0","Vermont Center for Ecostudies"
"Pieris rapae",1932,4,"00:00:00","1932-04-25T00:00:00","occurrence",NA,1,45.501689,-73.567256,"gbif","GBIF","eButterfly Surveys","Vermont Center for Ecostudies","Vermont Center for Ecostudies","cc by nc 4.0","Vermont Center for Ecostudies"
"Speyeria aphrodite",1932,7,"00:00:00","1932-07-08T00:00:00","occurrence",NA,1,45.479233,-74.302298,"gbif","GBIF","eButterfly Surveys","Vermont Center for Ecostudies","Vermont Center for Ecostudies","cc by nc 4.0","Vermont Center for Ecostudies"
"Polites mystic",1932,7,"00:00:00","1932-07-03T00:00:00","occurrence",NA,1,45.958702,-73.21967,"gbif","GBIF","eButterfly Surveys","Vermont Center for Ecostudies","Vermont Center for Ecostudies","cc by nc 4.0","Vermont Center for Ecostudies"
"Erynnis icelus",1932,5,"00:00:00","1932-05-02T00:00:00","occurrence",NA,1,45.875457,-74.082091,"gbif","GBIF","eButterfly Surveys","Vermont Center for Ecostudies","Vermont Center for Ecostudies","cc by nc 4.0","Vermont Center for Ecostudies"
"Hesperia leonardus",1932,9,"00:00:00","1932-09-03T00:00:00","occurrence",NA,1,45.501689,-73.567256,"gbif","GBIF","eButterfly Surveys","Vermont Center for Ecostudies","Vermont Center for Ecostudies","cc by nc 4.0","Vermont Center for Ecostudies"
"Polygonia gracilis",1932,6,"00:00:00","1932-06-13T00:00:00","occurrence",NA,1,45.993107,-73.29848,"gbif","GBIF","eButterfly Surveys","Vermont Center for Ecostudies","Vermont Center for Ecostudies","cc by nc 4.0","Vermont Center for Ecostudies"
"Cercyonis pegala",1932,7,"00:00:00","1932-07-02T00:00:00","occurrence",NA,1,45.958702,-73.21967,"gbif","GBIF","eButterfly Surveys","Vermont Center for Ecostudies","Vermont Center for Ecostudies","cc by nc 4.0","Vermont Center for Ecostudies"
"Papilio canadensis",1932,6,"00:00:00","1932-06-12T00:00:00","abundance",NA,2,45.958702,-73.21967,"gbif","GBIF","eButterfly Surveys","Vermont Center for Ecostudies","Vermont Center for Ecostudies","cc by nc 4.0","Vermont Center for Ecostudies"
"Speyeria cybele",1932,7,"00:00:00","1932-07-09T00:00:00","abundance",NA,3,46.014012,-73.417796,"gbif","GBIF","eButterfly Surveys","Vermont Center for Ecostudies","Vermont Center for Ecostudies","cc by nc 4.0","Vermont Center for Ecostudies"
"Speyeria cybele",1932,7,"00:00:00","1932-07-16T00:00:00","occurrence",NA,1,46.014012,-73.417796,"gbif","GBIF","eButterfly Surveys","Vermont Center for Ecostudies","Vermont Center for Ecostudies","cc by nc 4.0","Vermont Center for Ecostudies"
"Erynnis icelus",1932,6,"00:00:00","1932-06-19T00:00:00","occurrence",NA,1,45.501689,-73.567256,"gbif","GBIF","eButterfly Surveys","Vermont Center for Ecostudies","Vermont Center for Ecostudies","cc by nc 4.0","Vermont Center for Ecostudies"
"Speyeria cybele",1932,7,"00:00:00","1932-07-16T00:00:00","occurrence",NA,1,46.014012,-73.417796,"gbif","GBIF","eButterfly Surveys","Vermont Center for Ecostudies","Vermont Center for Ecostudies","cc by nc 4.0","Vermont Center for Ecostudies"
"Euphyes vestris",1932,7,"00:00:00","1932-07-02T00:00:00","occurrence",NA,1,45.958702,-73.21967,"gbif","GBIF","eButterfly Surveys","Vermont Center for Ecostudies","Vermont Center for Ecostudies","cc by nc 4.0","Vermont Center for Ecostudies"
"Celastrina lucia",1932,6,"00:00:00","1932-06-21T00:00:00","abundance",NA,2,48.831635,-64.486902,"gbif","GBIF","eButterfly Surveys","Vermont Center for Ecostudies","Vermont Center for Ecostudies","cc by nc 4.0","Vermont Center for Ecostudies"
"Limenitis arthemis",1932,7,"00:00:00","1932-07-24T00:00:00","occurrence",NA,1,48.145978,-69.71284,"gbif","GBIF","eButterfly Surveys","Vermont Center for Ecostudies","Vermont Center for Ecostudies","cc by nc 4.0","Vermont Center for Ecostudies"
"Speyeria atlantis",1932,8,"00:00:00","1932-08-16T00:00:00","occurrence",NA,1,48.07634,-69.810459,"gbif","GBIF","eButterfly Surveys","Vermont Center for Ecostudies","Vermont Center for Ecostudies","cc by nc 4.0","Vermont Center for Ecostudies"
"Callophrys lanoraieensis",1932,6,"00:00:00","1932-06-12T00:00:00","abundance",NA,2,45.958702,-73.21967,"gbif","GBIF","eButterfly Surveys","Vermont Center for Ecostudies","Vermont Center for Ecostudies","cc by nc 4.0","Vermont Center for Ecostudies"
"Phyciodes cocyta",1932,6,"00:00:00","1932-06-12T00:00:00","occurrence",NA,1,45.958702,-73.21967,"gbif","GBIF","eButterfly Surveys","Vermont Center for Ecostudies","Vermont Center for Ecostudies","cc by nc 4.0","Vermont Center for Ecostudies"
"Phyciodes cocyta",1932,6,"00:00:00","1932-06-26T00:00:00","occurrence",NA,1,45.787345,-74.683552,"gbif","GBIF","eButterfly Surveys","Vermont Center for Ecostudies","Vermont Center for Ecostudies","cc by nc 4.0","Vermont Center for Ecostudies"
"Epargyreus clarus",1932,5,"00:00:00","1932-05-05T00:00:00","occurrence",NA,1,45.501689,-73.567256,"gbif","GBIF","eButterfly Surveys","Vermont Center for Ecostudies","Vermont Center for Ecostudies","cc by nc 4.0","Vermont Center for Ecostudies"
"Plebejus saepiolus",1932,7,"00:00:00","1932-07-25T00:00:00","occurrence",NA,1,48.145978,-69.71284,"gbif","GBIF","eButterfly Surveys","Vermont Center for Ecostudies","Vermont Center for Ecostudies","cc by nc 4.0","Vermont Center for Ecostudies"
"Speyeria atlantis",1932,8,"00:00:00","1932-08-04T00:00:00","occurrence",NA,1,48.145978,-69.71284,"gbif","GBIF","eButterfly Surveys","Vermont Center for Ecostudies","Vermont Center for Ecostudies","cc by nc 4.0","Vermont Center for Ecostudies"
"Boloria selene",1932,8,"00:00:00","1932-08-20T00:00:00","occurrence",NA,1,48.145978,-69.71284,"gbif","GBIF","eButterfly Surveys","Vermont Center for Ecostudies","Vermont Center for Ecostudies","cc by nc 4.0","Vermont Center for Ecostudies"
"Vanessa cardui",1932,9,"00:00:00","1932-09-05T00:00:00","occurrence",NA,1,45.501689,-73.567256,"gbif","GBIF","eButterfly Surveys","Vermont Center for Ecostudies","Vermont Center for Ecostudies","cc by nc 4.0","Vermont Center for Ecostudies"
"Speyeria cybele",1932,7,"00:00:00","1932-07-01T00:00:00","occurrence",NA,1,45.501689,-73.567256,"gbif","GBIF","eButterfly Surveys","Vermont Center for Ecostudies","Vermont Center for Ecostudies","cc by nc 4.0","Vermont Center for Ecostudies"
"Polites themistocles",1932,7,"00:00:00","1932-07-03T00:00:00","occurrence",NA,1,45.501689,-73.567256,"gbif","GBIF","eButterfly Surveys","Vermont Center for Ecostudies","Vermont Center for Ecostudies","cc by nc 4.0","Vermont Center for Ecostudies"
"Polites mystic",1932,7,"00:00:00","1932-07-03T00:00:00","occurrence",NA,1,45.501689,-73.567256,"gbif","GBIF","eButterfly Surveys","Vermont Center for Ecostudies","Vermont Center for Ecostudies","cc by nc 4.0","Vermont Center for Ecostudies"
"Colias philodice",1932,6,"00:00:00","1932-06-05T00:00:00","occurrence",NA,1,46.747041,-71.459344,"gbif","GBIF","eButterfly Surveys","Vermont Center for Ecostudies","Vermont Center for Ecostudies","cc by nc 4.0","Vermont Center for Ecostudies"
"Euphyes bimacula",1932,6,"00:00:00","1932-06-26T00:00:00","abundance",NA,4,45.958702,-73.21967,"gbif","GBIF","eButterfly Surveys","Vermont Center for Ecostudies","Vermont Center for Ecostudies","cc by nc 4.0","Vermont Center for Ecostudies"
"Lycaena hyllus",1932,6,"00:00:00","1932-06-27T00:00:00","occurrence",NA,1,45.501689,-73.567256,"gbif","GBIF","eButterfly Surveys","Vermont Center for Ecostudies","Vermont Center for Ecostudies","cc by nc 4.0","Vermont Center for Ecostudies"
"Polygonia faunus",1932,7,"00:00:00","1932-07-17T00:00:00","occurrence",NA,1,45.958702,-73.21967,"gbif","GBIF","eButterfly Surveys","Vermont Center for Ecostudies","Vermont Center for Ecostudies","cc by nc 4.0","Vermont Center for Ecostudies"
"Satyrium acadica",1932,7,"00:00:00","1932-07-23T00:00:00","occurrence",NA,1,45.501689,-73.567256,"gbif","GBIF","eButterfly Surveys","Vermont Center for Ecostudies","Vermont Center for Ecostudies","cc by nc 4.0","Vermont Center for Ecostudies"
"Satyrium liparops",1932,7,"00:00:00","1932-07-09T00:00:00","occurrence",NA,1,45.492034,-73.504175,"gbif","GBIF","eButterfly Surveys","Vermont Center for Ecostudies","Vermont Center for Ecostudies","cc by nc 4.0","Vermont Center for Ecostudies"
"Polygonia comma",1932,6,"00:00:00","1932-06-28T00:00:00","occurrence",NA,1,45.787345,-74.683552,"gbif","GBIF","eButterfly Surveys","Vermont Center for Ecostudies","Vermont Center for Ecostudies","cc by nc 4.0","Vermont Center for Ecostudies"
"Celastrina lucia",1932,6,"00:00:00","1932-06-05T00:00:00","occurrence",NA,1,48.805959,-71.94809,"gbif","GBIF","eButterfly Surveys","Vermont Center for Ecostudies","Vermont Center for Ecostudies","cc by nc 4.0","Vermont Center for Ecostudies"
"Vanessa cardui",1932,9,"00:00:00","1932-09-09T00:00:00","occurrence",NA,1,45.501689,-73.567256,"gbif","GBIF","eButterfly Surveys","Vermont Center for Ecostudies","Vermont Center for Ecostudies","cc by nc 4.0","Vermont Center for Ecostudies"
"Polites themistocles",1932,6,"00:00:00","1932-06-29T00:00:00","occurrence",NA,1,45.501689,-73.567256,"gbif","GBIF","eButterfly Surveys","Vermont Center for Ecostudies","Vermont Center for Ecostudies","cc by nc 4.0","Vermont Center for Ecostudies"
"Poanes hobomok",1932,6,"00:00:00","1932-06-12T00:00:00","occurrence",NA,1,45.958702,-73.21967,"gbif","GBIF","eButterfly Surveys","Vermont Center for Ecostudies","Vermont Center for Ecostudies","cc by nc 4.0","Vermont Center for Ecostudies"
"Papilio canadensis",1932,6,"00:00:00","1932-06-12T00:00:00","occurrence",NA,1,45.958702,-73.21967,"gbif","GBIF","eButterfly Surveys","Vermont Center for Ecostudies","Vermont Center for Ecostudies","cc by nc 4.0","Vermont Center for Ecostudies"
"Amblyscirtes hegon",1932,6,"00:00:00","1932-06-05T00:00:00","occurrence",NA,1,46.747041,-71.459344,"gbif","GBIF","eButterfly Surveys","Vermont Center for Ecostudies","Vermont Center for Ecostudies","cc by nc 4.0","Vermont Center for Ecostudies"
"Lycaena epixanthe",1932,7,"00:00:00","1932-07-26T00:00:00","occurrence",NA,1,45.958702,-73.21967,"gbif","GBIF","eButterfly Surveys","Vermont Center for Ecostudies","Vermont Center for Ecostudies","cc by nc 4.0","Vermont Center for Ecostudies"
"Chlosyne harrisii",1932,6,"00:00:00","1932-06-28T00:00:00","occurrence",NA,1,45.787345,-74.683552,"gbif","GBIF","eButterfly Surveys","Vermont Center for Ecostudies","Vermont Center for Ecostudies","cc by nc 4.0","Vermont Center for Ecostudies"
"Vanessa cardui",1932,9,"00:00:00","1932-09-10T00:00:00","occurrence",NA,1,45.501689,-73.567256,"gbif","GBIF","eButterfly Surveys","Vermont Center for Ecostudies","Vermont Center for Ecostudies","cc by nc 4.0","Vermont Center for Ecostudies"
"Speyeria cybele",1932,7,"00:00:00","1932-07-06T00:00:00","occurrence",NA,1,45.501689,-73.567256,"gbif","GBIF","eButterfly Surveys","Vermont Center for Ecostudies","Vermont Center for Ecostudies","cc by nc 4.0","Vermont Center for Ecostudies"
"Speyeria cybele",1932,7,"00:00:00","1932-07-30T00:00:00","occurrence",NA,1,45.501689,-73.567256,"gbif","GBIF","eButterfly Surveys","Vermont Center for Ecostudies","Vermont Center for Ecostudies","cc by nc 4.0","Vermont Center for Ecostudies"
"Phyciodes cocyta",1932,6,"00:00:00","1932-06-05T00:00:00","occurrence",NA,1,46.747041,-71.459344,"gbif","GBIF","eButterfly Surveys","Vermont Center for Ecostudies","Vermont Center for Ecostudies","cc by nc 4.0","Vermont Center for Ecostudies"
"Phyciodes cocyta",1932,6,"00:00:00","1932-06-12T00:00:00","occurrence",NA,1,45.958702,-73.21967,"gbif","GBIF","eButterfly Surveys","Vermont Center for Ecostudies","Vermont Center for Ecostudies","cc by nc 4.0","Vermont Center for Ecostudies"
"Plebejus saepiolus",1932,6,"00:00:00","1932-06-26T00:00:00","occurrence",NA,1,45.958702,-73.21967,"gbif","GBIF","eButterfly Surveys","Vermont Center for Ecostudies","Vermont Center for Ecostudies","cc by nc 4.0","Vermont Center for Ecostudies"
"Coenonympha tullia",1932,7,"00:00:00","1932-07-07T00:00:00","occurrence",NA,1,45.971767,-73.8967,"gbif","GBIF","eButterfly Surveys","Vermont Center for Ecostudies","Vermont Center for Ecostudies","cc by nc 4.0","Vermont Center for Ecostudies"
"Lethe eurydice",1932,7,"00:00:00","1932-07-23T00:00:00","abundance",NA,2,45.501689,-73.567256,"gbif","GBIF","eButterfly Surveys","Vermont Center for Ecostudies","Vermont Center for Ecostudies","cc by nc 4.0","Vermont Center for Ecostudies"
"Speyeria atlantis",1932,7,"00:00:00","1932-07-27T00:00:00","occurrence",NA,1,48.145978,-69.71284,"gbif","GBIF","eButterfly Surveys","Vermont Center for Ecostudies","Vermont Center for Ecostudies","cc by nc 4.0","Vermont Center for Ecostudies"
"Celastrina lucia",1932,6,"00:00:00","1932-06-11T00:00:00","occurrence",NA,1,49.124578,-66.489286,"gbif","GBIF","eButterfly Surveys","Vermont Center for Ecostudies","Vermont Center for Ecostudies","cc by nc 4.0","Vermont Center for Ecostudies"
"Phyciodes cocyta",1932,6,"00:00:00","1932-06-26T00:00:00","abundance",NA,3,45.787345,-74.683552,"gbif","GBIF","eButterfly Surveys","Vermont Center for Ecostudies","Vermont Center for Ecostudies","cc by nc 4.0","Vermont Center for Ecostudies"
"Limenitis arthemis",1932,6,"00:00:00","1932-06-28T00:00:00","occurrence",NA,1,45.787345,-74.683552,"gbif","GBIF","eButterfly Surveys","Vermont Center for Ecostudies","Vermont Center for Ecostudies","cc by nc 4.0","Vermont Center for Ecostudies"
"Polites mystic",1932,6,"00:00:00","1932-06-26T00:00:00","occurrence",NA,1,45.958702,-73.21967,"gbif","GBIF","eButterfly Surveys","Vermont Center for Ecostudies","Vermont Center for Ecostudies","cc by nc 4.0","Vermont Center for Ecostudies"
"Colias philodice",1932,5,"00:00:00","1932-05-22T00:00:00","occurrence",NA,1,45.501689,-73.567256,"gbif","GBIF","eButterfly Surveys","Vermont Center for Ecostudies","Vermont Center for Ecostudies","cc by nc 4.0","Vermont Center for Ecostudies"
"Lethe eurydice",1932,7,"00:00:00","1932-07-10T00:00:00","occurrence",NA,1,45.501689,-73.567256,"gbif","GBIF","eButterfly Surveys","Vermont Center for Ecostudies","Vermont Center for Ecostudies","cc by nc 4.0","Vermont Center for Ecostudies"
"Euphyes bimacula",1932,7,"00:00:00","1932-07-03T00:00:00","abundance",NA,2,45.958702,-73.21967,"gbif","GBIF","eButterfly Surveys","Vermont Center for Ecostudies","Vermont Center for Ecostudies","cc by nc 4.0","Vermont Center for Ecostudies"
"Polygonia gracilis",1932,6,"00:00:00","1932-06-12T00:00:00","occurrence",NA,1,45.993107,-73.29848,"gbif","GBIF","eButterfly Surveys","Vermont Center for Ecostudies","Vermont Center for Ecostudies","cc by nc 4.0","Vermont Center for Ecostudies"
"Lethe anthedon",1932,7,"00:00:00","1932-07-02T00:00:00","abundance",NA,2,45.958702,-73.21967,"gbif","GBIF","eButterfly Surveys","Vermont Center for Ecostudies","Vermont Center for Ecostudies","cc by nc 4.0","Vermont Center for Ecostudies"
"Colias interior",1932,7,"00:00:00","1932-07-22T00:00:00","occurrence",NA,1,48.145978,-69.71284,"gbif","GBIF","eButterfly Surveys","Vermont Center for Ecostudies","Vermont Center for Ecostudies","cc by nc 4.0","Vermont Center for Ecostudies"
"Speyeria aphrodite",1932,7,"00:00:00","1932-07-23T00:00:00","occurrence",NA,1,45.501689,-73.567256,"gbif","GBIF","eButterfly Surveys","Vermont Center for Ecostudies","Vermont Center for Ecostudies","cc by nc 4.0","Vermont Center for Ecostudies"
"Euphydryas phaeton",1932,7,"00:00:00","1932-07-04T00:00:00","occurrence",NA,1,46.1214,-74.59442,"gbif","GBIF","Museum of Comparative Zoology, Harvard University","Museum of Comparative Zoology, Harvard University","Museum of Comparative Zoology, Harvard University","cc by nc 4.0","Museum of Comparative Zoology, Harvard University"
"Limenitis arthemis arthemis",1932,6,"00:00:00","1932-06-30T00:00:00","occurrence",NA,1,46.1214,-74.59442,"gbif","GBIF","Museum of Comparative Zoology, Harvard University","Museum of Comparative Zoology, Harvard University","Museum of Comparative Zoology, Harvard University","cc by nc 4.0","Museum of Comparative Zoology, Harvard University"
"Icaricia saepiolus",1932,1,"00:00:00","1932-01-01T00:00:00","occurrence",NA,1,46.1214,-74.59442,"gbif","GBIF","Museum of Comparative Zoology, Harvard University","Museum of Comparative Zoology, Harvard University","Museum of Comparative Zoology, Harvard University","cc by nc 4.0","Museum of Comparative Zoology, Harvard University"
"Colias interior",1932,7,"00:00:00","1932-07-04T00:00:00","occurrence",NA,1,46.1214,-74.59442,"gbif","GBIF","Museum of Comparative Zoology, Harvard University","Museum of Comparative Zoology, Harvard University","Museum of Comparative Zoology, Harvard University","cc by nc 4.0","Museum of Comparative Zoology, Harvard University"
"Phyciodes tharos",1932,6,"00:00:00","1932-06-28T00:00:00","occurrence",NA,1,46.1214,-74.59442,"gbif","GBIF","Museum of Comparative Zoology, Harvard University","Museum of Comparative Zoology, Harvard University","Museum of Comparative Zoology, Harvard University","cc by nc 4.0","Museum of Comparative Zoology, Harvard University"
"Feniseca tarquinius",1932,6,"00:00:00","1932-06-30T00:00:00","occurrence",NA,1,46.1214,-74.59442,"gbif","GBIF","Museum of Comparative Zoology, Harvard University","Museum of Comparative Zoology, Harvard University","Museum of Comparative Zoology, Harvard University","cc by nc 4.0","Museum of Comparative Zoology, Harvard University"
"Chlosyne harrisii",1932,6,"00:00:00","1932-06-28T00:00:00","occurrence",NA,1,46.1214,-74.59442,"gbif","GBIF","Museum of Comparative Zoology, Harvard University","Museum of Comparative Zoology, Harvard University","Museum of Comparative Zoology, Harvard University","cc by nc 4.0","Museum of Comparative Zoology, Harvard University"
"Chlosyne harrisii",1932,6,"00:00:00","1932-06-30T00:00:00","occurrence",NA,1,46.1214,-74.59442,"gbif","GBIF","Museum of Comparative Zoology, Harvard University","Museum of Comparative Zoology, Harvard University","Museum of Comparative Zoology, Harvard University","cc by nc 4.0","Museum of Comparative Zoology, Harvard University"
"Sthenopis thule",1932,7,"00:00:00","1932-07-13T00:00:00","occurrence",NA,1,45.5,-73.58333,"gbif","GBIF","Entomology Division, Yale Peabody Museum","Yale University Peabody Museum","Yale University Peabody Museum","cc0 1.0","Yale University Peabody Museum"
"Chlosyne harrisii",1932,7,"00:00:00","1932-07-03T00:00:00","occurrence",NA,1,46.119269,-74.595268,"gbif","GBIF","Entomology Division, Yale Peabody Museum","Yale University Peabody Museum","Yale University Peabody Museum","cc0 1.0","Yale University Peabody Museum"
"Sthenopis thule",1932,7,"00:00:00","1932-07-13T00:00:00","occurrence",NA,1,45.5,-73.58333,"gbif","GBIF","Entomology Division, Yale Peabody Museum","Yale University Peabody Museum","Yale University Peabody Museum","cc0 1.0","Yale University Peabody Museum"
"Coenonympha tullia",1932,7,"00:00:00","1932-07-03T00:00:00","abundance",NA,6,46.119269,-74.595268,"gbif","GBIF","Entomology Division, Yale Peabody Museum","Yale University Peabody Museum","Yale University Peabody Museum","cc0 1.0","Yale University Peabody Museum"
"Pieris oleracea",1932,7,"00:00:00","1932-07-06T00:00:00","occurrence",NA,1,46.121681,-74.594543,"gbif","GBIF","Entomology Division, Yale Peabody Museum","Yale University Peabody Museum","Yale University Peabody Museum","cc0 1.0","Yale University Peabody Museum"
"Phyciodes tharos",1932,7,"00:00:00","1932-07-04T00:00:00","occurrence",NA,1,46.119269,-74.595268,"gbif","GBIF","Entomology Division, Yale Peabody Museum","Yale University Peabody Museum","Yale University Peabody Museum","cc0 1.0","Yale University Peabody Museum"
"Phyciodes tharos",1932,6,"00:00:00","1932-06-28T00:00:00","occurrence",NA,1,46.119269,-74.595268,"gbif","GBIF","Entomology Division, Yale Peabody Museum","Yale University Peabody Museum","Yale University Peabody Museum","cc0 1.0","Yale University Peabody Museum"
"Boloria selene",1932,6,"00:00:00","1932-06-28T00:00:00","occurrence",NA,1,46.119269,-74.595268,"gbif","GBIF","Entomology Division, Yale Peabody Museum","Yale University Peabody Museum","Yale University Peabody Museum","cc0 1.0","Yale University Peabody Museum"
"Polites peckius",1932,7,"00:00:00","1932-07-04T00:00:00","occurrence",NA,1,45.2168,-72.5177,"gbif","GBIF","Royal Ontario Museum: Entomology","Canadian Biodiversity Information Facility","Canadian Biodiversity Information Facility","cc0 1.0","Canadian Biodiversity Information Facility"
"Polites peckius",1932,7,"00:00:00","1932-07-04T00:00:00","occurrence",NA,1,45.2168,-72.5177,"gbif","GBIF","Royal Ontario Museum: Entomology","Canadian Biodiversity Information Facility","Canadian Biodiversity Information Facility","cc0 1.0","Canadian Biodiversity Information Facility"
"Speyeria atlantis",1932,7,"00:00:00","1932-07-04T00:00:00","occurrence",NA,1,45.2168,-72.5177,"gbif","GBIF","Royal Ontario Museum: Entomology","Canadian Biodiversity Information Facility","Canadian Biodiversity Information Facility","cc0 1.0","Canadian Biodiversity Information Facility"
"Euphydryas phaeton",1932,7,"00:00:00","1932-07-04T00:00:00","occurrence",NA,1,45.2168,-72.5177,"gbif","GBIF","Royal Ontario Museum: Entomology","Canadian Biodiversity Information Facility","Canadian Biodiversity Information Facility","cc0 1.0","Canadian Biodiversity Information Facility"
"Euphydryas phaeton",1932,7,"00:00:00","1932-07-04T00:00:00","occurrence",NA,1,45.2168,-72.5177,"gbif","GBIF","Royal Ontario Museum: Entomology","Canadian Biodiversity Information Facility","Canadian Biodiversity Information Facility","cc0 1.0","Canadian Biodiversity Information Facility"
"Feniseca tarquinius",1932,6,"00:00:00","1932-06-30T00:00:00","occurrence",NA,1,46.121681,-74.594543,"gbif","GBIF","Entomology Division, Yale Peabody Museum","Yale University Peabody Museum","Yale University Peabody Museum","cc0 1.0","Yale University Peabody Museum"
"Boloria selene",1932,7,"00:00:00","1932-07-03T00:00:00","occurrence",NA,1,45.16004,-72.36789,"gbif","GBIF","Entomology Division, Yale Peabody Museum","Yale University Peabody Museum","Yale University Peabody Museum","cc0 1.0","Yale University Peabody Museum"
"Sthenopis thule",1932,7,"00:00:00","1932-07-13T00:00:00","occurrence",NA,1,45.5,-73.58333,"gbif","GBIF","Entomology Division, Yale Peabody Museum","Yale University Peabody Museum","Yale University Peabody Museum","cc0 1.0","Yale University Peabody Museum"
"Plebejus saepiolus",1932,6,"00:00:00","1932-06-30T00:00:00","occurrence",NA,1,46.121681,-74.594543,"gbif","GBIF","Entomology Division, Yale Peabody Museum","Yale University Peabody Museum","Yale University Peabody Museum","cc0 1.0","Yale University Peabody Museum"
"Feniseca tarquinius",1932,7,"00:00:00","1932-07-06T00:00:00","occurrence",NA,1,46.121681,-74.594543,"gbif","GBIF","Entomology Division, Yale Peabody Museum","Yale University Peabody Museum","Yale University Peabody Museum","cc0 1.0","Yale University Peabody Museum"
"Coenonympha tullia",1932,6,"00:00:00","1932-06-28T00:00:00","abundance",NA,6,46.119269,-74.595268,"gbif","GBIF","Entomology Division, Yale Peabody Museum","Yale University Peabody Museum","Yale University Peabody Museum","cc0 1.0","Yale University Peabody Museum"
"Coenonympha tullia",1932,6,"00:00:00","1932-06-27T00:00:00","abundance",NA,6,46.119269,-74.595268,"gbif","GBIF","Entomology Division, Yale Peabody Museum","Yale University Peabody Museum","Yale University Peabody Museum","cc0 1.0","Yale University Peabody Museum"
"Lon zabulon",1932,7,"00:00:00","1932-07-03T00:00:00","occurrence",NA,1,46.1214,-74.59442,"gbif","GBIF","Museum of Comparative Zoology, Harvard University","Museum of Comparative Zoology, Harvard University","Museum of Comparative Zoology, Harvard University","cc by nc 4.0","Museum of Comparative Zoology, Harvard University"
"Icaricia saepiolus",1932,1,"00:00:00","1932-01-01T00:00:00","occurrence",NA,1,46.1214,-74.59442,"gbif","GBIF","Museum of Comparative Zoology, Harvard University","Museum of Comparative Zoology, Harvard University","Museum of Comparative Zoology, Harvard University","cc by nc 4.0","Museum of Comparative Zoology, Harvard University"
"Colias philodice",1932,6,"00:00:00","1932-06-30T00:00:00","occurrence",NA,1,46.1214,-74.59442,"gbif","GBIF","Museum of Comparative Zoology, Harvard University","Museum of Comparative Zoology, Harvard University","Museum of Comparative Zoology, Harvard University","cc by nc 4.0","Museum of Comparative Zoology, Harvard University"
"Chlosyne harrisii",1932,6,"00:00:00","1932-06-30T00:00:00","occurrence",NA,1,46.1214,-74.59442,"gbif","GBIF","Museum of Comparative Zoology, Harvard University","Museum of Comparative Zoology, Harvard University","Museum of Comparative Zoology, Harvard University","cc by nc 4.0","Museum of Comparative Zoology, Harvard University"
"Speyeria aphrodite",1932,7,"00:00:00","1932-07-23T00:00:00","occurrence",NA,1,45.5,-73.5833,"gbif","GBIF","Lyman Entomological Museum","Canadian Biodiversity Information Facility","Canadian Biodiversity Information Facility","cc0 1.0","Canadian Biodiversity Information Facility"
"Polygonia gracilis",1932,6,"00:00:00","1932-06-12T00:00:00","occurrence",NA,1,48.8,-66.05,"gbif","GBIF","Lyman Entomological Museum","Canadian Biodiversity Information Facility","Canadian Biodiversity Information Facility","cc0 1.0","Canadian Biodiversity Information Facility"
"Enodia anthedon",1932,7,"00:00:00","1932-07-02T00:00:00","occurrence",NA,1,45.9667,-73.2167,"gbif","GBIF","Lyman Entomological Museum","Canadian Biodiversity Information Facility","Canadian Biodiversity Information Facility","cc0 1.0","Canadian Biodiversity Information Facility"
"Celastrina ladon",1932,6,"00:00:00","1932-06-12T00:00:00","occurrence",NA,1,48.85,-66.7833,"gbif","GBIF","Lyman Entomological Museum","Canadian Biodiversity Information Facility","Canadian Biodiversity Information Facility","cc0 1.0","Canadian Biodiversity Information Facility"
"Speyeria aphrodite",1932,7,"00:00:00","1932-07-02T00:00:00","occurrence",NA,1,48.15,-69.7167,"gbif","GBIF","Lyman Entomological Museum","Canadian Biodiversity Information Facility","Canadian Biodiversity Information Facility","cc0 1.0","Canadian Biodiversity Information Facility"
"Papilio canadensis",1932,3,"00:00:00","1932-03-08T00:00:00","occurrence",NA,1,48.15,-69.7167,"gbif","GBIF","Lyman Entomological Museum","Canadian Biodiversity Information Facility","Canadian Biodiversity Information Facility","cc0 1.0","Canadian Biodiversity Information Facility"
"Pieris rapae",1932,4,"00:00:00","1932-04-01T00:00:00","occurrence",NA,1,45.5,-73.5833,"gbif","GBIF","Lyman Entomological Museum","Canadian Biodiversity Information Facility","Canadian Biodiversity Information Facility","cc0 1.0","Canadian Biodiversity Information Facility"
"Epargyreus clarus",1932,5,"00:00:00","1932-05-05T00:00:00","occurrence",NA,1,45.5,-73.5833,"gbif","GBIF","Lyman Entomological Museum","Canadian Biodiversity Information Facility","Canadian Biodiversity Information Facility","cc0 1.0","Canadian Biodiversity Information Facility"
"Icaricia saepiolus",1932,6,"00:00:00","1932-06-28T00:00:00","occurrence",NA,1,46.1214,-74.59442,"gbif","GBIF","Museum of Comparative Zoology, Harvard University","Museum of Comparative Zoology, Harvard University","Museum of Comparative Zoology, Harvard University","cc by nc 4.0","Museum of Comparative Zoology, Harvard University"
"Feniseca tarquinius",1932,6,"00:00:00","1932-06-30T00:00:00","occurrence",NA,1,46.1214,-74.59442,"gbif","GBIF","Museum of Comparative Zoology, Harvard University","Museum of Comparative Zoology, Harvard University","Museum of Comparative Zoology, Harvard University","cc by nc 4.0","Museum of Comparative Zoology, Harvard University"
"Limenitis arthemis arthemis",1932,6,"00:00:00","1932-06-30T00:00:00","occurrence",NA,1,46.1214,-74.59442,"gbif","GBIF","Museum of Comparative Zoology, Harvard University","Museum of Comparative Zoology, Harvard University","Museum of Comparative Zoology, Harvard University","cc by nc 4.0","Museum of Comparative Zoology, Harvard University"
"Chlosyne nycteis",1932,7,"00:00:00","1932-07-01T00:00:00","occurrence",NA,1,45.8,-74.6833,"gbif","GBIF","Lyman Entomological Museum","Canadian Biodiversity Information Facility","Canadian Biodiversity Information Facility","cc0 1.0","Canadian Biodiversity Information Facility"
"Feniseca tarquinius",1932,6,"00:00:00","1932-06-12T00:00:00","occurrence",NA,1,45.9667,-73.2167,"gbif","GBIF","Lyman Entomological Museum","Canadian Biodiversity Information Facility","Canadian Biodiversity Information Facility","cc0 1.0","Canadian Biodiversity Information Facility"
"Limenitis archippus",1932,6,"00:00:00","1932-06-12T00:00:00","occurrence",NA,1,45.9667,-73.2167,"gbif","GBIF","Lyman Entomological Museum","Canadian Biodiversity Information Facility","Canadian Biodiversity Information Facility","cc0 1.0","Canadian Biodiversity Information Facility"
"Plebejus saepiolus",1932,7,"00:00:00","1932-07-23T00:00:00","occurrence",NA,1,48.15,-69.7167,"gbif","GBIF","Lyman Entomological Museum","Canadian Biodiversity Information Facility","Canadian Biodiversity Information Facility","cc0 1.0","Canadian Biodiversity Information Facility"
"Polygonia gracilis",1932,6,"00:00:00","1932-06-13T00:00:00","occurrence",NA,1,48.8,-66.05,"gbif","GBIF","Lyman Entomological Museum","Canadian Biodiversity Information Facility","Canadian Biodiversity Information Facility","cc0 1.0","Canadian Biodiversity Information Facility"
"Pieris oleracea",1932,6,"00:00:00","1932-06-12T00:00:00","occurrence",NA,1,48.8333,-64.5,"gbif","GBIF","Lyman Entomological Museum","Canadian Biodiversity Information Facility","Canadian Biodiversity Information Facility","cc0 1.0","Canadian Biodiversity Information Facility"
"Limenitis arthemis",1932,7,"00:00:00","1932-07-24T00:00:00","occurrence",NA,1,48.15,-69.7167,"gbif","GBIF","Lyman Entomological Museum","Canadian Biodiversity Information Facility","Canadian Biodiversity Information Facility","cc0 1.0","Canadian Biodiversity Information Facility"
"Speyeria cybele",1932,6,"00:00:00","1932-06-26T00:00:00","occurrence",NA,1,45.9667,-73.2167,"gbif","GBIF","Lyman Entomological Museum","Canadian Biodiversity Information Facility","Canadian Biodiversity Information Facility","cc0 1.0","Canadian Biodiversity Information Facility"
"Coenonympha tullia",1932,7,"00:00:00","1932-07-07T00:00:00","occurrence",NA,1,45.95,-73.85,"gbif","GBIF","Lyman Entomological Museum","Canadian Biodiversity Information Facility","Canadian Biodiversity Information Facility","cc0 1.0","Canadian Biodiversity Information Facility"
"Celastrina ladon",1932,6,"00:00:00","1932-06-21T00:00:00","occurrence",NA,1,48.8,-66.05,"gbif","GBIF","Lyman Entomological Museum","Canadian Biodiversity Information Facility","Canadian Biodiversity Information Facility","cc0 1.0","Canadian Biodiversity Information Facility"
"Lycaena epixanthe",1932,7,"00:00:00","1932-07-26T00:00:00","occurrence",NA,1,45.9667,-73.2167,"gbif","GBIF","Lyman Entomological Museum","Canadian Biodiversity Information Facility","Canadian Biodiversity Information Facility","cc0 1.0","Canadian Biodiversity Information Facility"
"Limenitis arthemis",1932,6,"00:00:00","1932-06-28T00:00:00","occurrence",NA,1,45.8,-74.6833,"gbif","GBIF","Lyman Entomological Museum","Canadian Biodiversity Information Facility","Canadian Biodiversity Information Facility","cc0 1.0","Canadian Biodiversity Information Facility"
"Celastrina ladon",1932,6,"00:00:00","1932-06-12T00:00:00","occurrence",NA,1,48.8,-66.05,"gbif","GBIF","Lyman Entomological Museum","Canadian Biodiversity Information Facility","Canadian Biodiversity Information Facility","cc0 1.0","Canadian Biodiversity Information Facility"
"Phyciodes cocyta",1932,6,"00:00:00","1932-06-26T00:00:00","occurrence",NA,1,45.8,-74.6833,"gbif","GBIF","Lyman Entomological Museum","Canadian Biodiversity Information Facility","Canadian Biodiversity Information Facility","cc0 1.0","Canadian Biodiversity Information Facility"
"Satyrium acadica",1932,8,"00:00:00","1932-08-07T00:00:00","occurrence",NA,1,45.5,-73.5833,"gbif","GBIF","Lyman Entomological Museum","Canadian Biodiversity Information Facility","Canadian Biodiversity Information Facility","cc0 1.0","Canadian Biodiversity Information Facility"
"Satyrium acadica",1932,7,"00:00:00","1932-07-23T00:00:00","occurrence",NA,1,45.5,-73.5833,"gbif","GBIF","Lyman Entomological Museum","Canadian Biodiversity Information Facility","Canadian Biodiversity Information Facility","cc0 1.0","Canadian Biodiversity Information Facility"
"Polygonia comma",1932,6,"00:00:00","1932-06-28T00:00:00","occurrence",NA,1,45.8,-74.6833,"gbif","GBIF","Lyman Entomological Museum","Canadian Biodiversity Information Facility","Canadian Biodiversity Information Facility","cc0 1.0","Canadian Biodiversity Information Facility"
"Hesperia leonardus",1932,9,"00:00:00","1932-09-03T00:00:00","occurrence",NA,1,45.5,-73.5833,"gbif","GBIF","Lyman Entomological Museum","Canadian Biodiversity Information Facility","Canadian Biodiversity Information Facility","cc0 1.0","Canadian Biodiversity Information Facility"
"Euphyes bimacula",1932,7,"00:00:00","1932-07-02T00:00:00","occurrence",NA,1,45.9667,-73.2167,"gbif","GBIF","Lyman Entomological Museum","Canadian Biodiversity Information Facility","Canadian Biodiversity Information Facility","cc0 1.0","Canadian Biodiversity Information Facility"
"Euphyes bimacula",1932,6,"00:00:00","1932-06-26T00:00:00","occurrence",NA,1,45.9667,-73.2167,"gbif","GBIF","Lyman Entomological Museum","Canadian Biodiversity Information Facility","Canadian Biodiversity Information Facility","cc0 1.0","Canadian Biodiversity Information Facility"
"Euphyes bimacula",1932,7,"00:00:00","1932-07-03T00:00:00","occurrence",NA,1,45.9667,-73.2167,"gbif","GBIF","Lyman Entomological Museum","Canadian Biodiversity Information Facility","Canadian Biodiversity Information Facility","cc0 1.0","Canadian Biodiversity Information Facility"
"Euphyes bimacula",1932,6,"00:00:00","1932-06-26T00:00:00","occurrence",NA,1,45.9667,-73.2167,"gbif","GBIF","Lyman Entomological Museum","Canadian Biodiversity Information Facility","Canadian Biodiversity Information Facility","cc0 1.0","Canadian Biodiversity Information Facility"
"Satyrodes eurydice",1932,7,"00:00:00","1932-07-23T00:00:00","occurrence",NA,1,45.5,-73.5833,"gbif","GBIF","Lyman Entomological Museum","Canadian Biodiversity Information Facility","Canadian Biodiversity Information Facility","cc0 1.0","Canadian Biodiversity Information Facility"
"Polygonia faunus",1932,7,"00:00:00","1932-07-17T00:00:00","occurrence",NA,1,45.9667,-73.2167,"gbif","GBIF","Lyman Entomological Museum","Canadian Biodiversity Information Facility","Canadian Biodiversity Information Facility","cc0 1.0","Canadian Biodiversity Information Facility"
"Euphyes vestris",1932,7,"00:00:00","1932-07-02T00:00:00","occurrence",NA,1,45.9667,-73.2167,"gbif","GBIF","Lyman Entomological Museum","Canadian Biodiversity Information Facility","Canadian Biodiversity Information Facility","cc0 1.0","Canadian Biodiversity Information Facility"
"Speyeria atlantis",1932,7,"00:00:00","1932-07-04T00:00:00","occurrence",NA,1,48.15,-69.7167,"gbif","GBIF","Lyman Entomological Museum","Canadian Biodiversity Information Facility","Canadian Biodiversity Information Facility","cc0 1.0","Canadian Biodiversity Information Facility"
"Speyeria atlantis",1932,7,"00:00:00","1932-07-02T00:00:00","occurrence",NA,1,45.9667,-73.2167,"gbif","GBIF","Lyman Entomological Museum","Canadian Biodiversity Information Facility","Canadian Biodiversity Information Facility","cc0 1.0","Canadian Biodiversity Information Facility"
"Speyeria atlantis",1932,7,"00:00:00","1932-07-27T00:00:00","occurrence",NA,1,48.15,-69.7167,"gbif","GBIF","Lyman Entomological Museum","Canadian Biodiversity Information Facility","Canadian Biodiversity Information Facility","cc0 1.0","Canadian Biodiversity Information Facility"
"Phyciodes cocyta",1932,6,"00:00:00","1932-06-12T00:00:00","occurrence",NA,1,45.9667,-73.2167,"gbif","GBIF","Lyman Entomological Museum","Canadian Biodiversity Information Facility","Canadian Biodiversity Information Facility","cc0 1.0","Canadian Biodiversity Information Facility"
"Cercyonis pegala",1932,7,"00:00:00","1932-07-02T00:00:00","occurrence",NA,1,45.9667,-73.2167,"gbif","GBIF","Lyman Entomological Museum","Canadian Biodiversity Information Facility","Canadian Biodiversity Information Facility","cc0 1.0","Canadian Biodiversity Information Facility"
"Colias interior",1932,7,"00:00:00","1932-07-22T00:00:00","occurrence",NA,1,48.15,-69.7167,"gbif","GBIF","Lyman Entomological Museum","Canadian Biodiversity Information Facility","Canadian Biodiversity Information Facility","cc0 1.0","Canadian Biodiversity Information Facility"
"Colias interior",1932,7,"00:00:00","1932-07-25T00:00:00","occurrence",NA,1,48.15,-69.7167,"gbif","GBIF","Lyman Entomological Museum","Canadian Biodiversity Information Facility","Canadian Biodiversity Information Facility","cc0 1.0","Canadian Biodiversity Information Facility"
"Erynnis icelus",1932,5,"00:00:00","1932-05-27T00:00:00","occurrence",NA,1,45.8667,-74.0833,"gbif","GBIF","Lyman Entomological Museum","Canadian Biodiversity Information Facility","Canadian Biodiversity Information Facility","cc0 1.0","Canadian Biodiversity Information Facility"
"Chlosyne harrisii",1932,6,"00:00:00","1932-06-28T00:00:00","occurrence",NA,1,45.8,-74.6833,"gbif","GBIF","Lyman Entomological Museum","Canadian Biodiversity Information Facility","Canadian Biodiversity Information Facility","cc0 1.0","Canadian Biodiversity Information Facility"
"Ancyloxypha numitor",1932,7,"00:00:00","1932-07-02T00:00:00","occurrence",NA,1,45.9667,-73.2167,"gbif","GBIF","Lyman Entomological Museum","Canadian Biodiversity Information Facility","Canadian Biodiversity Information Facility","cc0 1.0","Canadian Biodiversity Information Facility"
"Polygonia progne",1932,9,"00:00:00","1932-09-07T00:00:00","occurrence",NA,1,45.9667,-73.2167,"gbif","GBIF","Lyman Entomological Museum","Canadian Biodiversity Information Facility","Canadian Biodiversity Information Facility","cc0 1.0","Canadian Biodiversity Information Facility"
"Callophrys lanoraieensis",1932,6,"00:00:00","1932-06-12T00:00:00","occurrence",NA,1,45.9667,-73.2167,"gbif","GBIF","Lyman Entomological Museum","Canadian Biodiversity Information Facility","Canadian Biodiversity Information Facility","cc0 1.0","Canadian Biodiversity Information Facility"
"Ancyloxypha numitor",1932,7,"00:00:00","1932-07-03T00:00:00","occurrence",NA,1,45.9667,-73.2167,"gbif","GBIF","Lyman Entomological Museum","Canadian Biodiversity Information Facility","Canadian Biodiversity Information Facility","cc0 1.0","Canadian Biodiversity Information Facility"
"Lycaena phlaeas",1932,8,"00:00:00","1932-08-04T00:00:00","occurrence",NA,1,48.15,-69.7167,"gbif","GBIF","Lyman Entomological Museum","Canadian Biodiversity Information Facility","Canadian Biodiversity Information Facility","cc0 1.0","Canadian Biodiversity Information Facility"
"Lycaenidae",1932,6,"00:00:00","1932-06-27T00:00:00","occurrence",NA,1,45.5,-73.5833,"gbif","GBIF","Lyman Entomological Museum","Canadian Biodiversity Information Facility","Canadian Biodiversity Information Facility","cc0 1.0","Canadian Biodiversity Information Facility"
"Satyrium liparops",1932,7,"00:00:00","1932-07-09T00:00:00","occurrence",NA,1,45.5,-73.5,"gbif","GBIF","Lyman Entomological Museum","Canadian Biodiversity Information Facility","Canadian Biodiversity Information Facility","cc0 1.0","Canadian Biodiversity Information Facility"
"Papilio canadensis",1932,6,"00:00:00","1932-06-12T00:00:00","occurrence",NA,1,45.9667,-73.2167,"gbif","GBIF","Lyman Entomological Museum","Canadian Biodiversity Information Facility","Canadian Biodiversity Information Facility","cc0 1.0","Canadian Biodiversity Information Facility"
"Icaricia saepiolus",1932,6,"00:00:00","1932-06-22T00:00:00","occurrence",NA,1,46.1214,-74.59442,"gbif","GBIF","Museum of Comparative Zoology, Harvard University","Museum of Comparative Zoology, Harvard University","Museum of Comparative Zoology, Harvard University","cc by nc 4.0","Museum of Comparative Zoology, Harvard University"
"Icaricia saepiolus",1932,6,"00:00:00","1932-06-27T00:00:00","occurrence",NA,1,46.1214,-74.59442,"gbif","GBIF","Museum of Comparative Zoology, Harvard University","Museum of Comparative Zoology, Harvard University","Museum of Comparative Zoology, Harvard University","cc by nc 4.0","Museum of Comparative Zoology, Harvard University"
"Colias interior",1932,7,"00:00:00","1932-07-04T00:00:00","occurrence",NA,1,46.1214,-74.59442,"gbif","GBIF","Museum of Comparative Zoology, Harvard University","Museum of Comparative Zoology, Harvard University","Museum of Comparative Zoology, Harvard University","cc by nc 4.0","Museum of Comparative Zoology, Harvard University"
"Colias interior",1932,7,"00:00:00","1932-07-04T00:00:00","occurrence",NA,1,46.1214,-74.59442,"gbif","GBIF","Museum of Comparative Zoology, Harvard University","Museum of Comparative Zoology, Harvard University","Museum of Comparative Zoology, Harvard University","cc by nc 4.0","Museum of Comparative Zoology, Harvard University"
"Icaricia saepiolus",1932,6,"00:00:00","1932-06-27T00:00:00","occurrence",NA,1,46.1214,-74.59442,"gbif","GBIF","Museum of Comparative Zoology, Harvard University","Museum of Comparative Zoology, Harvard University","Museum of Comparative Zoology, Harvard University","cc by nc 4.0","Museum of Comparative Zoology, Harvard University"
"Polites themistocles",1932,6,"00:00:00","1932-06-28T00:00:00","occurrence",NA,1,46.1214,-74.59442,"gbif","GBIF","Museum of Comparative Zoology, Harvard University","Museum of Comparative Zoology, Harvard University","Museum of Comparative Zoology, Harvard University","cc by nc 4.0","Museum of Comparative Zoology, Harvard University"
"Chlosyne nycteis",1932,6,"00:00:00","1932-06-30T00:00:00","occurrence",NA,1,46.1214,-74.59442,"gbif","GBIF","Museum of Comparative Zoology, Harvard University","Museum of Comparative Zoology, Harvard University","Museum of Comparative Zoology, Harvard University","cc by nc 4.0","Museum of Comparative Zoology, Harvard University"
"Speyeria atlantis",1932,7,"00:00:00","1932-07-04T00:00:00","occurrence",NA,1,46.1214,-74.59442,"gbif","GBIF","Museum of Comparative Zoology, Harvard University","Museum of Comparative Zoology, Harvard University","Museum of Comparative Zoology, Harvard University","cc by nc 4.0","Museum of Comparative Zoology, Harvard University"
"Feniseca tarquinius",1932,7,"00:00:00","1932-07-04T00:00:00","occurrence",NA,1,46.1214,-74.59442,"gbif","GBIF","Museum of Comparative Zoology, Harvard University","Museum of Comparative Zoology, Harvard University","Museum of Comparative Zoology, Harvard University","cc by nc 4.0","Museum of Comparative Zoology, Harvard University"
"Feniseca tarquinius",1932,7,"00:00:00","1932-07-04T00:00:00","occurrence",NA,1,46.1214,-74.59442,"gbif","GBIF","Museum of Comparative Zoology, Harvard University","Museum of Comparative Zoology, Harvard University","Museum of Comparative Zoology, Harvard University","cc by nc 4.0","Museum of Comparative Zoology, Harvard University"
"Euphyes vestris metacomet",1932,7,"00:00:00","1932-07-03T00:00:00","occurrence",NA,1,46.1214,-74.59442,"gbif","GBIF","Museum of Comparative Zoology, Harvard University","Museum of Comparative Zoology, Harvard University","Museum of Comparative Zoology, Harvard University","cc by nc 4.0","Museum of Comparative Zoology, Harvard University"
"Icaricia saepiolus",1932,6,"00:00:00","1932-06-28T00:00:00","occurrence",NA,1,46.1214,-74.59442,"gbif","GBIF","Museum of Comparative Zoology, Harvard University","Museum of Comparative Zoology, Harvard University","Museum of Comparative Zoology, Harvard University","cc by nc 4.0","Museum of Comparative Zoology, Harvard University"
"Erora laeta",1932,6,"00:00:00","1932-06-01T00:00:00","occurrence",NA,1,46.90447,-71.63421,"gbif","GBIF","Museum of Comparative Zoology, Harvard University","Museum of Comparative Zoology, Harvard University","Museum of Comparative Zoology, Harvard University","cc by nc 4.0","Museum of Comparative Zoology, Harvard University"
"Colias philodice",1932,6,"00:00:00","1932-06-28T00:00:00","occurrence",NA,1,46.1214,-74.59442,"gbif","GBIF","Museum of Comparative Zoology, Harvard University","Museum of Comparative Zoology, Harvard University","Museum of Comparative Zoology, Harvard University","cc by nc 4.0","Museum of Comparative Zoology, Harvard University"
"Chlosyne nycteis",1932,6,"00:00:00","1932-06-30T00:00:00","occurrence",NA,1,46.1214,-74.59442,"gbif","GBIF","Museum of Comparative Zoology, Harvard University","Museum of Comparative Zoology, Harvard University","Museum of Comparative Zoology, Harvard University","cc by nc 4.0","Museum of Comparative Zoology, Harvard University"
"Hesperia comma",1932,7,"00:00:00","1932-07-03T00:00:00","occurrence",NA,1,46.1214,-74.59442,"gbif","GBIF","Museum of Comparative Zoology, Harvard University","Museum of Comparative Zoology, Harvard University","Museum of Comparative Zoology, Harvard University","cc by nc 4.0","Museum of Comparative Zoology, Harvard University"
"Phyciodes tharos",1932,6,"00:00:00","1932-06-30T00:00:00","occurrence",NA,1,46.1214,-74.59442,"gbif","GBIF","Museum of Comparative Zoology, Harvard University","Museum of Comparative Zoology, Harvard University","Museum of Comparative Zoology, Harvard University","cc by nc 4.0","Museum of Comparative Zoology, Harvard University"
"Chlosyne nycteis",1932,7,"00:00:00","1932-07-04T00:00:00","occurrence",NA,1,46.1214,-74.59442,"gbif","GBIF","Museum of Comparative Zoology, Harvard University","Museum of Comparative Zoology, Harvard University","Museum of Comparative Zoology, Harvard University","cc by nc 4.0","Museum of Comparative Zoology, Harvard University"
"Anticlea vasiliata",1932,5,"00:00:00","1932-05-19T00:00:00","occurrence",NA,1,52.73333,-67.35,"gbif","GBIF","Estonian University of Life Sciences Institute of Agricultural and Environmental Sciences Entomological Collection","Estonian University of Life Sciences","Estonian University of Life Sciences","cc by nc 4.0","Estonian University of Life Sciences"
"Erynnis icelus",1932,6,"00:00:00","1932-06-30T00:00:00","occurrence",NA,1,46.1214,-74.59442,"gbif","GBIF","Museum of Comparative Zoology, Harvard University","Museum of Comparative Zoology, Harvard University","Museum of Comparative Zoology, Harvard University","cc by nc 4.0","Museum of Comparative Zoology, Harvard University"
"Speyeria atlantis",1932,7,"00:00:00","1932-07-03T00:00:00","occurrence",NA,1,46.1214,-74.59442,"gbif","GBIF","Museum of Comparative Zoology, Harvard University","Museum of Comparative Zoology, Harvard University","Museum of Comparative Zoology, Harvard University","cc by nc 4.0","Museum of Comparative Zoology, Harvard University"
"Phyciodes tharos",1932,6,"00:00:00","1932-06-30T00:00:00","occurrence",NA,1,46.1214,-74.59442,"gbif","GBIF","Museum of Comparative Zoology, Harvard University","Museum of Comparative Zoology, Harvard University","Museum of Comparative Zoology, Harvard University","cc by nc 4.0","Museum of Comparative Zoology, Harvard University"
"Phyciodes tharos",1932,6,"00:00:00","1932-06-28T00:00:00","occurrence",NA,1,46.1214,-74.59442,"gbif","GBIF","Museum of Comparative Zoology, Harvard University","Museum of Comparative Zoology, Harvard University","Museum of Comparative Zoology, Harvard University","cc by nc 4.0","Museum of Comparative Zoology, Harvard University"
"Pieris oleracea oleracea",1932,4,"00:00:00","1932-04-07T00:00:00","occurrence",NA,1,46.1214,-74.59442,"gbif","GBIF","Museum of Comparative Zoology, Harvard University","Museum of Comparative Zoology, Harvard University","Museum of Comparative Zoology, Harvard University","cc by nc 4.0","Museum of Comparative Zoology, Harvard University"
"Speyeria atlantis",1932,7,"00:00:00","1932-07-03T00:00:00","occurrence",NA,1,46.1214,-74.59442,"gbif","GBIF","Museum of Comparative Zoology, Harvard University","Museum of Comparative Zoology, Harvard University","Museum of Comparative Zoology, Harvard University","cc by nc 4.0","Museum of Comparative Zoology, Harvard University"
"Erynnis brizo brizo",1932,6,"00:00:00","1932-06-30T00:00:00","occurrence",NA,1,46.1214,-74.59442,"gbif","GBIF","Museum of Comparative Zoology, Harvard University","Museum of Comparative Zoology, Harvard University","Museum of Comparative Zoology, Harvard University","cc by nc 4.0","Museum of Comparative Zoology, Harvard University"
"Colias philodice",1932,7,"00:00:00","1932-07-03T00:00:00","occurrence",NA,1,46.1214,-74.59442,"gbif","GBIF","Museum of Comparative Zoology, Harvard University","Museum of Comparative Zoology, Harvard University","Museum of Comparative Zoology, Harvard University","cc by nc 4.0","Museum of Comparative Zoology, Harvard University"
"Colias interior",1932,7,"00:00:00","1932-07-04T00:00:00","occurrence",NA,1,46.121681,-74.594543,"gbif","GBIF","Entomology Division, Yale Peabody Museum","Yale University Peabody Museum","Yale University Peabody Museum","cc0 1.0","Yale University Peabody Museum"
"Plebejus saepiolus",1932,7,"00:00:00","1932-07-03T00:00:00","occurrence",NA,1,46.121681,-74.594543,"gbif","GBIF","Entomology Division, Yale Peabody Museum","Yale University Peabody Museum","Yale University Peabody Museum","cc0 1.0","Yale University Peabody Museum"
"Phyciodes tharos",1932,6,"00:00:00","1932-06-28T00:00:00","occurrence",NA,1,46.119269,-74.595268,"gbif","GBIF","Entomology Division, Yale Peabody Museum","Yale University Peabody Museum","Yale University Peabody Museum","cc0 1.0","Yale University Peabody Museum"
"Sthenopis thule",1932,7,"00:00:00","1932-07-12T00:00:00","occurrence",NA,1,45.5,-73.58333,"gbif","GBIF","Entomology Division, Yale Peabody Museum","Yale University Peabody Museum","Yale University Peabody Museum","cc0 1.0","Yale University Peabody Museum"
"Erynnis icelus",1932,6,"00:00:00","1932-06-30T00:00:00","occurrence",NA,1,46.121681,-74.594543,"gbif","GBIF","Entomology Division, Yale Peabody Museum","Yale University Peabody Museum","Yale University Peabody Museum","cc0 1.0","Yale University Peabody Museum"
"Feniseca tarquinius",1932,6,"00:00:00","1932-06-30T00:00:00","occurrence",NA,1,46.121681,-74.594543,"gbif","GBIF","Entomology Division, Yale Peabody Museum","Yale University Peabody Museum","Yale University Peabody Museum","cc0 1.0","Yale University Peabody Museum"
"Plebejus saepiolus",1932,7,"00:00:00","1932-07-06T00:00:00","occurrence",NA,1,46.121681,-74.594543,"gbif","GBIF","Entomology Division, Yale Peabody Museum","Yale University Peabody Museum","Yale University Peabody Museum","cc0 1.0","Yale University Peabody Museum"
"Plebejus saepiolus",1932,6,"00:00:00","1932-06-28T00:00:00","occurrence",NA,1,46.121681,-74.594543,"gbif","GBIF","Entomology Division, Yale Peabody Museum","Yale University Peabody Museum","Yale University Peabody Museum","cc0 1.0","Yale University Peabody Museum"
"Chlosyne harrisii",1932,6,"00:00:00","1932-06-30T00:00:00","occurrence",NA,1,46.1214,-74.59442,"gbif","GBIF","Museum of Comparative Zoology, Harvard University","Museum of Comparative Zoology, Harvard University","Museum of Comparative Zoology, Harvard University","cc by nc 4.0","Museum of Comparative Zoology, Harvard University"
"Phyciodes tharos",1932,6,"00:00:00","1932-06-28T00:00:00","occurrence",NA,1,46.1214,-74.59442,"gbif","GBIF","Museum of Comparative Zoology, Harvard University","Museum of Comparative Zoology, Harvard University","Museum of Comparative Zoology, Harvard University","cc by nc 4.0","Museum of Comparative Zoology, Harvard University"
"Vanessa virginiensis",1932,9,"00:00:00","1932-09-23T00:00:00","occurrence",NA,1,45.501689,-73.567256,"gbif","GBIF","eButterfly Surveys","Vermont Center for Ecostudies","Vermont Center for Ecostudies","cc by nc 4.0","Vermont Center for Ecostudies"
"Speyeria cybele",1932,7,"00:00:00","1932-07-11T00:00:00","occurrence",NA,1,46.014012,-73.417796,"gbif","GBIF","eButterfly Surveys","Vermont Center for Ecostudies","Vermont Center for Ecostudies","cc by nc 4.0","Vermont Center for Ecostudies"
"Ancyloxypha numitor",1932,7,"00:00:00","1932-07-01T00:00:00","occurrence",NA,1,45.958702,-73.21967,"gbif","GBIF","eButterfly Surveys","Vermont Center for Ecostudies","Vermont Center for Ecostudies","cc by nc 4.0","Vermont Center for Ecostudies"
"Lethe eurydice",1932,7,"00:00:00","1932-07-16T00:00:00","abundance",NA,6,46.014012,-73.417796,"gbif","GBIF","eButterfly Surveys","Vermont Center for Ecostudies","Vermont Center for Ecostudies","cc by nc 4.0","Vermont Center for Ecostudies"
"Euphyes bimacula",1932,6,"00:00:00","1932-06-02T00:00:00","occurrence",NA,1,45.958702,-73.21967,"gbif","GBIF","eButterfly Surveys","Vermont Center for Ecostudies","Vermont Center for Ecostudies","cc by nc 4.0","Vermont Center for Ecostudies"
"Pyrgus centaureae",1932,7,"00:00:00","1932-07-24T00:00:00","abundance",NA,2,48.85321,-66.038524,"gbif","GBIF","eButterfly Surveys","Vermont Center for Ecostudies","Vermont Center for Ecostudies","cc by nc 4.0","Vermont Center for Ecostudies"
"Speyeria aphrodite",1932,8,"00:00:00","1932-08-16T00:00:00","occurrence",NA,1,48.07634,-69.810459,"gbif","GBIF","eButterfly Surveys","Vermont Center for Ecostudies","Vermont Center for Ecostudies","cc by nc 4.0","Vermont Center for Ecostudies"
"Feniseca tarquinius",1932,6,"00:00:00","1932-06-12T00:00:00","occurrence",NA,1,45.958702,-73.21967,"gbif","GBIF","eButterfly Surveys","Vermont Center for Ecostudies","Vermont Center for Ecostudies","cc by nc 4.0","Vermont Center for Ecostudies"
"Ancyloxypha numitor",1932,7,"00:00:00","1932-07-01T00:00:00","occurrence",NA,1,45.958702,-73.21967,"gbif","GBIF","eButterfly Surveys","Vermont Center for Ecostudies","Vermont Center for Ecostudies","cc by nc 4.0","Vermont Center for Ecostudies"
"Colias philodice",1932,9,"00:00:00","1932-09-05T00:00:00","occurrence",NA,1,45.501689,-73.567256,"gbif","GBIF","eButterfly Surveys","Vermont Center for Ecostudies","Vermont Center for Ecostudies","cc by nc 4.0","Vermont Center for Ecostudies"
"Boloria selene",1932,6,"00:00:00","1932-06-01T00:00:00","occurrence",NA,1,45.501689,-73.567256,"gbif","GBIF","eButterfly Surveys","Vermont Center for Ecostudies","Vermont Center for Ecostudies","cc by nc 4.0","Vermont Center for Ecostudies"
"Lycaena phlaeas",1932,8,"00:00:00","1932-08-04T00:00:00","occurrence",NA,1,48.145978,-69.71284,"gbif","GBIF","eButterfly Surveys","Vermont Center for Ecostudies","Vermont Center for Ecostudies","cc by nc 4.0","Vermont Center for Ecostudies"
"Colias interior",1932,6,"00:00:00","1932-06-22T00:00:00","occurrence",NA,1,48.145978,-69.71284,"gbif","GBIF","eButterfly Surveys","Vermont Center for Ecostudies","Vermont Center for Ecostudies","cc by nc 4.0","Vermont Center for Ecostudies"
"Colias interior",1932,7,"00:00:00","1932-07-25T00:00:00","abundance",NA,3,48.145978,-69.71284,"gbif","GBIF","eButterfly Surveys","Vermont Center for Ecostudies","Vermont Center for Ecostudies","cc by nc 4.0","Vermont Center for Ecostudies"
"Speyeria aphrodite",1932,8,"00:00:00","1932-08-02T00:00:00","occurrence",NA,1,48.145978,-69.71284,"gbif","GBIF","eButterfly Surveys","Vermont Center for Ecostudies","Vermont Center for Ecostudies","cc by nc 4.0","Vermont Center for Ecostudies"
"Boloria selene",1932,8,"00:00:00","1932-08-16T00:00:00","occurrence",NA,1,48.07634,-69.810459,"gbif","GBIF","eButterfly Surveys","Vermont Center for Ecostudies","Vermont Center for Ecostudies","cc by nc 4.0","Vermont Center for Ecostudies"
"Celastrina lucia",1932,6,"00:00:00","1932-06-12T00:00:00","abundance",NA,3,49.124578,-66.489286,"gbif","GBIF","eButterfly Surveys","Vermont Center for Ecostudies","Vermont Center for Ecostudies","cc by nc 4.0","Vermont Center for Ecostudies"
"Plebejus saepiolus",1932,6,"00:00:00","1932-06-28T00:00:00","occurrence",NA,1,45.787345,-74.683552,"gbif","GBIF","eButterfly Surveys","Vermont Center for Ecostudies","Vermont Center for Ecostudies","cc by nc 4.0","Vermont Center for Ecostudies"
"Speyeria atlantis",1932,7,"00:00:00","1932-07-03T00:00:00","occurrence",NA,1,46.1214,-74.59442,"gbif","GBIF","Museum of Comparative Zoology, Harvard University","Museum of Comparative Zoology, Harvard University","Museum of Comparative Zoology, Harvard University","cc by nc 4.0","Museum of Comparative Zoology, Harvard University"
"Phyciodes tharos",1932,6,"00:00:00","1932-06-28T00:00:00","occurrence",NA,1,46.1214,-74.59442,"gbif","GBIF","Museum of Comparative Zoology, Harvard University","Museum of Comparative Zoology, Harvard University","Museum of Comparative Zoology, Harvard University","cc by nc 4.0","Museum of Comparative Zoology, Harvard University"
"Euphyes vestris metacomet",1932,6,"00:00:00","1932-06-30T00:00:00","occurrence",NA,1,46.1214,-74.59442,"gbif","GBIF","Museum of Comparative Zoology, Harvard University","Museum of Comparative Zoology, Harvard University","Museum of Comparative Zoology, Harvard University","cc by nc 4.0","Museum of Comparative Zoology, Harvard University"
"Chlosyne nycteis",1932,7,"00:00:00","1932-07-04T00:00:00","occurrence",NA,1,46.1214,-74.59442,"gbif","GBIF","Museum of Comparative Zoology, Harvard University","Museum of Comparative Zoology, Harvard University","Museum of Comparative Zoology, Harvard University","cc by nc 4.0","Museum of Comparative Zoology, Harvard University"
"Feniseca tarquinius",1932,7,"00:00:00","1932-07-06T00:00:00","occurrence",NA,1,46.1214,-74.59442,"gbif","GBIF","Museum of Comparative Zoology, Harvard University","Museum of Comparative Zoology, Harvard University","Museum of Comparative Zoology, Harvard University","cc by nc 4.0","Museum of Comparative Zoology, Harvard University"
"Chlosyne nycteis",1932,6,"00:00:00","1932-06-30T00:00:00","occurrence",NA,1,46.1214,-74.59442,"gbif","GBIF","Museum of Comparative Zoology, Harvard University","Museum of Comparative Zoology, Harvard University","Museum of Comparative Zoology, Harvard University","cc by nc 4.0","Museum of Comparative Zoology, Harvard University"
"Chlosyne harrisii",1932,7,"00:00:00","1932-07-03T00:00:00","occurrence",NA,1,46.1214,-74.59442,"gbif","GBIF","Museum of Comparative Zoology, Harvard University","Museum of Comparative Zoology, Harvard University","Museum of Comparative Zoology, Harvard University","cc by nc 4.0","Museum of Comparative Zoology, Harvard University"
"Chlosyne nycteis",1932,6,"00:00:00","1932-06-30T00:00:00","occurrence",NA,1,46.1214,-74.59442,"gbif","GBIF","Museum of Comparative Zoology, Harvard University","Museum of Comparative Zoology, Harvard University","Museum of Comparative Zoology, Harvard University","cc by nc 4.0","Museum of Comparative Zoology, Harvard University"
"Hesperia comma laurentina",1932,8,"00:00:00","1932-08-13T00:00:00","occurrence",NA,1,47.05,-79.2667,"gbif","GBIF","Canadian National Collection (CNC) of Insects, Arachnids and Nematodes","Canadian Biodiversity Information Facility","Canadian Biodiversity Information Facility","cc by 4.0","Canadian Biodiversity Information Facility"
"Erynnis lucilius",1932,5,"00:00:00","1932-05-18T00:00:00","occurrence",NA,1,46.0833,-76.0833,"gbif","GBIF","Canadian National Collection (CNC) of Insects, Arachnids and Nematodes","Canadian Biodiversity Information Facility","Canadian Biodiversity Information Facility","cc by 4.0","Canadian Biodiversity Information Facility"
"Erynnis lucilius",1932,5,"00:00:00","1932-05-18T00:00:00","occurrence",NA,1,46.0833,-76.0833,"gbif","GBIF","Canadian National Collection (CNC) of Insects, Arachnids and Nematodes","Canadian Biodiversity Information Facility","Canadian Biodiversity Information Facility","cc by 4.0","Canadian Biodiversity Information Facility"
"Erynnis lucilius",1932,5,"00:00:00","1932-05-18T00:00:00","occurrence",NA,1,46.0833,-76.0833,"gbif","GBIF","Canadian National Collection (CNC) of Insects, Arachnids and Nematodes","Canadian Biodiversity Information Facility","Canadian Biodiversity Information Facility","cc by 4.0","Canadian Biodiversity Information Facility"
"Erynnis lucilius",1932,5,"00:00:00","1932-05-18T00:00:00","occurrence",NA,1,46.0833,-76.0833,"gbif","GBIF","Canadian National Collection (CNC) of Insects, Arachnids and Nematodes","Canadian Biodiversity Information Facility","Canadian Biodiversity Information Facility","cc by 4.0","Canadian Biodiversity Information Facility"
"Callophrys augustinus",1932,5,"00:00:00","1932-05-18T00:00:00","occurrence",NA,1,46.0833,-76.0833,"gbif","GBIF","Canadian National Collection (CNC) of Insects, Arachnids and Nematodes","Canadian Biodiversity Information Facility","Canadian Biodiversity Information Facility","cc by 4.0","Canadian Biodiversity Information Facility"
"Callophrys niphon",1932,5,"00:00:00","1932-05-19T00:00:00","occurrence",NA,1,46.0833,-76.0833,"gbif","GBIF","Canadian National Collection (CNC) of Insects, Arachnids and Nematodes","Canadian Biodiversity Information Facility","Canadian Biodiversity Information Facility","cc by 4.0","Canadian Biodiversity Information Facility"
"Callophrys niphon",1932,5,"00:00:00","1932-05-18T00:00:00","occurrence",NA,1,46.0833,-76.0833,"gbif","GBIF","Canadian National Collection (CNC) of Insects, Arachnids and Nematodes","Canadian Biodiversity Information Facility","Canadian Biodiversity Information Facility","cc by 4.0","Canadian Biodiversity Information Facility"
"Colias philodice",1932,6,"00:00:00","1932-06-12T00:00:00","occurrence",NA,1,45.9667,-73.2167,"gbif","GBIF","Canadian National Collection (CNC) of Insects, Arachnids and Nematodes","Canadian Biodiversity Information Facility","Canadian Biodiversity Information Facility","cc by 4.0","Canadian Biodiversity Information Facility"
"Pieris oleracea",1932,5,"00:00:00","1932-05-11T00:00:00","occurrence",NA,1,45.45,-75.8,"gbif","GBIF","Canadian National Collection (CNC) of Insects, Arachnids and Nematodes","Canadian Biodiversity Information Facility","Canadian Biodiversity Information Facility","cc by 4.0","Canadian Biodiversity Information Facility"
"Callophrys",1932,5,"00:00:00","1932-05-18T00:00:00","occurrence",NA,1,46.0833,-76.0833,"gbif","GBIF","Canadian National Collection (CNC) of Insects, Arachnids and Nematodes","Canadian Biodiversity Information Facility","Canadian Biodiversity Information Facility","cc by 4.0","Canadian Biodiversity Information Facility"
"Satyrium acadica",1932,7,"00:00:00","1932-07-15T00:00:00","occurrence",NA,1,45.4,-75.8667,"gbif","GBIF","Canadian National Collection (CNC) of Insects, Arachnids and Nematodes","Canadian Biodiversity Information Facility","Canadian Biodiversity Information Facility","cc by 4.0","Canadian Biodiversity Information Facility"
"Chlosyne harrisii",1932,8,"00:00:00","1932-08-07T00:00:00","occurrence",NA,1,45.8,-74.6833,"gbif","GBIF","Canadian National Collection (CNC) of Insects, Arachnids and Nematodes","Canadian Biodiversity Information Facility","Canadian Biodiversity Information Facility","cc by 4.0","Canadian Biodiversity Information Facility"
"Euphyes bimacula",1932,7,"00:00:00","1932-07-03T00:00:00","occurrence",NA,1,45.9667,-73.2167,"gbif","GBIF","Canadian National Collection (CNC) of Insects, Arachnids and Nematodes","Canadian Biodiversity Information Facility","Canadian Biodiversity Information Facility","cc by 4.0","Canadian Biodiversity Information Facility"
"Celastrina ladon",1932,5,"00:00:00","1932-05-18T00:00:00","occurrence",NA,1,46.0833,-76.0833,"gbif","GBIF","Canadian National Collection (CNC) of Insects, Arachnids and Nematodes","Canadian Biodiversity Information Facility","Canadian Biodiversity Information Facility","cc by 4.0","Canadian Biodiversity Information Facility"
"Celastrina ladon",1932,5,"00:00:00","1932-05-19T00:00:00","occurrence",NA,1,46.0833,-76.0833,"gbif","GBIF","Canadian National Collection (CNC) of Insects, Arachnids and Nematodes","Canadian Biodiversity Information Facility","Canadian Biodiversity Information Facility","cc by 4.0","Canadian Biodiversity Information Facility"
"Celastrina ladon",1932,5,"00:00:00","1932-05-11T00:00:00","occurrence",NA,1,45.45,-75.8,"gbif","GBIF","Canadian National Collection (CNC) of Insects, Arachnids and Nematodes","Canadian Biodiversity Information Facility","Canadian Biodiversity Information Facility","cc by 4.0","Canadian Biodiversity Information Facility"
"Satyrodes eurydice",1932,7,"00:00:00","1932-07-03T00:00:00","occurrence",NA,1,45.9667,-73.2167,"gbif","GBIF","Canadian National Collection (CNC) of Insects, Arachnids and Nematodes","Canadian Biodiversity Information Facility","Canadian Biodiversity Information Facility","cc by 4.0","Canadian Biodiversity Information Facility"
"Chlosyne harrisii",1932,7,"00:00:00","1932-07-03T00:00:00","occurrence",NA,1,46.1214,-74.59442,"gbif","GBIF","Museum of Comparative Zoology, Harvard University","Museum of Comparative Zoology, Harvard University","Museum of Comparative Zoology, Harvard University","cc by nc 4.0","Museum of Comparative Zoology, Harvard University"
"Speyeria cybele",1932,7,"00:00:00","1932-07-03T00:00:00","occurrence",NA,1,46.1214,-74.59442,"gbif","GBIF","Museum of Comparative Zoology, Harvard University","Museum of Comparative Zoology, Harvard University","Museum of Comparative Zoology, Harvard University","cc by nc 4.0","Museum of Comparative Zoology, Harvard University"
"Colias philodice",1932,8,"00:00:00","1932-08-06T00:00:00","presence",NA,1,52.1332,-106.67,"ebutterfly","Maxim Larrivée, Jeremy Kerr, Kent McFarland and Katy Prudic","eButterfly","ebutterfly","eButterfly","","eButterfly"
"Coenonympha inornata",1932,6,"12:00:00","1932-06-01T12:00:00","presence",NA,1,52.1334,-106.6832,"ebutterfly","Maxim Larrivée, Jeremy Kerr, Kent McFarland and Katy Prudic","eButterfly","ebutterfly","eButterfly","","eButterfly"
"Colias hecla",1932,7,"","1932-07-09","presence",NA,1,58.7684,-94.165,"ebutterfly","Maxim Larrivée, Jeremy Kerr, Kent McFarland and Katy Prudic","eButterfly","ebutterfly","eButterfly","","eButterfly"
"Colias eurytheme",1932,6,"00:00:00","1932-06-20T00:00:00","presence",NA,1,52.1332,-106.67,"ebutterfly","Maxim Larrivée, Jeremy Kerr, Kent McFarland and Katy Prudic","eButterfly","ebutterfly","eButterfly","","eButterfly"
"Ascia monuste",1932,4,"00:00:00","1932-04-15T00:00:00","presence",NA,1,25.8129,-81.362,"ebutterfly","Maxim Larrivée, Jeremy Kerr, Kent McFarland and Katy Prudic","eButterfly","ebutterfly","eButterfly","","eButterfly"
"Hylephila phyleus",1932,6,"00:00:00","1932-06-19T00:00:00","presence",NA,1,40.1826,-80.133,"ebutterfly","Maxim Larrivée, Jeremy Kerr, Kent McFarland and Katy Prudic","eButterfly","ebutterfly","eButterfly","","eButterfly"
"Lethe eurydice",1932,7,"","1932-07-18","presence",NA,1,45.9636,-66.6431,"ebutterfly","Maxim Larrivée, Jeremy Kerr, Kent McFarland and Katy Prudic","eButterfly","ebutterfly","eButterfly","","eButterfly"
"Phoebis agarithe",1932,1,"","1932-01-24","presence",NA,1,25.0865,-80.4473,"ebutterfly","Maxim Larrivée, Jeremy Kerr, Kent McFarland and Katy Prudic","eButterfly","ebutterfly","eButterfly","","eButterfly"
"Boloria frigga",1932,6,"","1932-06-23","presence",NA,1,53.8255,-101.2476,"ebutterfly","Maxim Larrivée, Jeremy Kerr, Kent McFarland and Katy Prudic","eButterfly","ebutterfly","eButterfly","","eButterfly"
"Hesperia metea",1932,7,"","1932-07-06","presence",NA,1,42.6668,-71.7051,"ebutterfly","Maxim Larrivée, Jeremy Kerr, Kent McFarland and Katy Prudic","eButterfly","ebutterfly","eButterfly","","eButterfly"
"Junonia coenia",1932,8,"","1932-08-15","presence",NA,1,38.9717,-95.2352,"ebutterfly","Maxim Larrivée, Jeremy Kerr, Kent McFarland and Katy Prudic","eButterfly","ebutterfly","eButterfly","","eButterfly"
"Phoebis sennae",1932,1,"","1932-01-25","presence",NA,1,25.7617,-80.1918,"ebutterfly","Maxim Larrivée, Jeremy Kerr, Kent McFarland and Katy Prudic","eButterfly","ebutterfly","eButterfly","","eButterfly"
"Plebejus glandon",1932,7,"","1932-07-05","presence",NA,1,58.7684,-94.165,"ebutterfly","Maxim Larrivée, Jeremy Kerr, Kent McFarland and Katy Prudic","eButterfly","ebutterfly","eButterfly","","eButterfly"
"Erebia mancinus",1932,7,"","1932-07-05","presence",NA,1,58.7684,-94.165,"ebutterfly","Maxim Larrivée, Jeremy Kerr, Kent McFarland and Katy Prudic","eButterfly","ebutterfly","eButterfly","","eButterfly"
"Oeneis polixenes",1932,7,"","1932-07-10","presence",NA,1,58.7684,-94.165,"ebutterfly","Maxim Larrivée, Jeremy Kerr, Kent McFarland and Katy Prudic","eButterfly","ebutterfly","eButterfly","","eButterfly"
"Colias pelidne",1932,8,"","1932-08-15","presence",NA,1,55.458,-60.2115,"ebutterfly","Maxim Larrivée, Jeremy Kerr, Kent McFarland and Katy Prudic","eButterfly","ebutterfly","eButterfly","","eButterfly"
"Colias nastes",1932,7,"","1932-07-05","presence",NA,1,58.7684,-94.165,"ebutterfly","Maxim Larrivée, Jeremy Kerr, Kent McFarland and Katy Prudic","eButterfly","ebutterfly","eButterfly","","eButterfly"
"Pontia occidentalis",1932,8,"","1932-08-05","presence",NA,1,52.1332,-106.67,"ebutterfly","Maxim Larrivée, Jeremy Kerr, Kent McFarland and Katy Prudic","eButterfly","ebutterfly","eButterfly","","eButterfly"
"Junonia coenia",1932,8,"","1932-08-07","presence",NA,1,38.9717,-95.2352,"ebutterfly","Maxim Larrivée, Jeremy Kerr, Kent McFarland and Katy Prudic","eButterfly","ebutterfly","eButterfly","","eButterfly"
"Plebejus idas",1932,6,"","1932-06-01","presence",NA,1,52.1332,-106.67,"ebutterfly","Maxim Larrivée, Jeremy Kerr, Kent McFarland and Katy Prudic","eButterfly","ebutterfly","eButterfly","","eButterfly"
"Lycaena helloides",1932,6,"","1932-06-01","presence",NA,1,52.1332,-106.67,"ebutterfly","Maxim Larrivée, Jeremy Kerr, Kent McFarland and Katy Prudic","eButterfly","ebutterfly","eButterfly","","eButterfly"
"Oeneis bore",1932,7,"","1932-07-01","presence",NA,1,58.7684,-94.165,"ebutterfly","Maxim Larrivée, Jeremy Kerr, Kent McFarland and Katy Prudic","eButterfly","ebutterfly","eButterfly","","eButterfly"
"Coenonympha inornata",1932,6,"","1932-06-01","presence",NA,1,52.1332,-106.67,"ebutterfly","Maxim Larrivée, Jeremy Kerr, Kent McFarland and Katy Prudic","eButterfly","ebutterfly","eButterfly","","eButterfly"
"Speyeria hesperis",1932,7,"","1932-07-01","presence",NA,1,52.1332,-106.67,"ebutterfly","Maxim Larrivée, Jeremy Kerr, Kent McFarland and Katy Prudic","eButterfly","ebutterfly","eButterfly","","eButterfly"
"Coenonympha inornata",1932,6,"00:00:00","1932-06-15T00:00:00","presence",NA,1,52.1332,-106.67,"ebutterfly","Maxim Larrivée, Jeremy Kerr, Kent McFarland and Katy Prudic","eButterfly","ebutterfly","eButterfly","","eButterfly"
