"observed_scientific_name","year_obs","day_obs","time_obs","dwc_event_date","obs_variable","obs_unit","obs_value","lat","lon","original_source","creator","title","publisher","intellectual_rights","license","owner"
"Coenonympha inornata",1939,6,"00:00:00","1939-06-11T00:00:00","presence",NA,1,45.8755,-74.0821,"ebutterfly","Maxim Larrivée, Jeremy Kerr, Kent McFarland and Katy Prudic","eButterfly","ebutterfly","eButterfly","","eButterfly"
"Glaucopsyche lygdamus",1939,7,"00:00:00","1939-07-14T00:00:00","presence",NA,1,45.4032,-72.7341,"ebutterfly","Maxim Larrivée, Jeremy Kerr, Kent McFarland and Katy Prudic","eButterfly","ebutterfly","eButterfly","","eButterfly"
"Phyciodes cocyta",1939,7,"00:00:00","1939-07-20T00:00:00","presence",NA,1,46.9295,-70.9312,"ebutterfly","Maxim Larrivée, Jeremy Kerr, Kent McFarland and Katy Prudic","eButterfly","ebutterfly","eButterfly","","eButterfly"
"Celastrina lucia",1939,5,"00:00:00","1939-05-29T00:00:00","presence",NA,1,45.9587,-73.2197,"ebutterfly","Maxim Larrivée, Jeremy Kerr, Kent McFarland and Katy Prudic","eButterfly","ebutterfly","eButterfly","","eButterfly"
"Limenitis archippus",1939,6,"00:00:00","1939-06-08T00:00:00","presence",NA,1,45.4792,-74.3023,"ebutterfly","Maxim Larrivée, Jeremy Kerr, Kent McFarland and Katy Prudic","eButterfly","ebutterfly","eButterfly","","eButterfly"
"Epargyreus clarus",1939,6,"","1939-06-08","presence",NA,1,46.8166,-71.2166,"ebutterfly","Maxim Larrivée, Jeremy Kerr, Kent McFarland and Katy Prudic","eButterfly","ebutterfly","eButterfly","","eButterfly"
"Speyeria cybele",1939,7,"","1939-07-07","presence",NA,1,45.5017,-73.5673,"ebutterfly","Maxim Larrivée, Jeremy Kerr, Kent McFarland and Katy Prudic","eButterfly","ebutterfly","eButterfly","","eButterfly"
"Euptoieta claudia",1939,9,"","1939-09-26","presence",NA,1,45.5017,-73.5673,"ebutterfly","Maxim Larrivée, Jeremy Kerr, Kent McFarland and Katy Prudic","eButterfly","ebutterfly","eButterfly","","eButterfly"
"Plebejus saepiolus",1939,8,"","1939-08-13","presence",NA,1,46.8616,-71.1887,"ebutterfly","Maxim Larrivée, Jeremy Kerr, Kent McFarland and Katy Prudic","eButterfly","ebutterfly","eButterfly","","eButterfly"
"Polites themistocles",1939,7,"00:00:00","1939-07-20T00:00:00","presence",NA,1,46.0059,-74.1871,"ebutterfly","Maxim Larrivée, Jeremy Kerr, Kent McFarland and Katy Prudic","eButterfly","ebutterfly","eButterfly","","eButterfly"
"Polygonia progne",1939,9,"","1939-09-13","presence",NA,1,45.9931,-73.2985,"ebutterfly","Maxim Larrivée, Jeremy Kerr, Kent McFarland and Katy Prudic","eButterfly","ebutterfly","eButterfly","","eButterfly"
"Speyeria atlantis",1939,8,"","1939-08-11","presence",NA,1,46.8616,-71.1887,"ebutterfly","Maxim Larrivée, Jeremy Kerr, Kent McFarland and Katy Prudic","eButterfly","ebutterfly","eButterfly","","eButterfly"
"Boloria bellona",1939,5,"00:00:00","1939-05-28T00:00:00","presence",NA,1,45.4792,-74.3023,"ebutterfly","Maxim Larrivée, Jeremy Kerr, Kent McFarland and Katy Prudic","eButterfly","ebutterfly","eButterfly","","eButterfly"
"Boloria bellona",1939,8,"","1939-08-25","presence",NA,1,45.9931,-73.2985,"ebutterfly","Maxim Larrivée, Jeremy Kerr, Kent McFarland and Katy Prudic","eButterfly","ebutterfly","eButterfly","","eButterfly"
"Polites peckius",1939,7,"","1939-07-29","presence",NA,1,46.8616,-71.1887,"ebutterfly","Maxim Larrivée, Jeremy Kerr, Kent McFarland and Katy Prudic","eButterfly","ebutterfly","eButterfly","","eButterfly"
"Polites mystic",1939,7,"","1939-07-21","presence",NA,1,46.8616,-71.1887,"ebutterfly","Maxim Larrivée, Jeremy Kerr, Kent McFarland and Katy Prudic","eButterfly","ebutterfly","eButterfly","","eButterfly"
"Polites mystic",1939,7,"","1939-07-25","presence",NA,1,46.8616,-71.1887,"ebutterfly","Maxim Larrivée, Jeremy Kerr, Kent McFarland and Katy Prudic","eButterfly","ebutterfly","eButterfly","","eButterfly"
"Carterocephalus palaemon",1939,8,"","1939-08-08","presence",NA,1,46.8616,-71.1887,"ebutterfly","Maxim Larrivée, Jeremy Kerr, Kent McFarland and Katy Prudic","eButterfly","ebutterfly","eButterfly","","eButterfly"
"Chlosyne nycteis",1939,6,"","1939-06-11","presence",NA,1,45.8755,-74.0821,"ebutterfly","Maxim Larrivée, Jeremy Kerr, Kent McFarland and Katy Prudic","eButterfly","ebutterfly","eButterfly","","eButterfly"
"Callophrys augustinus",1939,5,"","1939-05-24","presence",NA,1,45.9587,-73.2197,"ebutterfly","Maxim Larrivée, Jeremy Kerr, Kent McFarland and Katy Prudic","eButterfly","ebutterfly","eButterfly","","eButterfly"
"Chlosyne nycteis",1939,6,"","1939-06-27","presence",NA,1,48.3481,-68.803,"ebutterfly","Maxim Larrivée, Jeremy Kerr, Kent McFarland and Katy Prudic","eButterfly","ebutterfly","eButterfly","","eButterfly"
"Papilio brevicauda",1939,8,"","1939-08-19","presence",NA,1,48.3481,-68.803,"ebutterfly","Maxim Larrivée, Jeremy Kerr, Kent McFarland and Katy Prudic","eButterfly","ebutterfly","eButterfly","","eButterfly"
"Feniseca tarquinius",1939,6,"","1939-06-04","presence",NA,1,45.9587,-73.2197,"ebutterfly","Maxim Larrivée, Jeremy Kerr, Kent McFarland and Katy Prudic","eButterfly","ebutterfly","eButterfly","","eButterfly"
"Pieris rapae",1939,7,"","1939-07-03","presence",NA,1,48.3481,-68.803,"ebutterfly","Maxim Larrivée, Jeremy Kerr, Kent McFarland and Katy Prudic","eButterfly","ebutterfly","eButterfly","","eButterfly"
"Callophrys henrici",1939,5,"","1939-05-24","presence",NA,1,45.9587,-73.2197,"ebutterfly","Maxim Larrivée, Jeremy Kerr, Kent McFarland and Katy Prudic","eButterfly","ebutterfly","eButterfly","","eButterfly"
"Callophrys lanoraieensis",1939,5,"","1939-05-24","presence",NA,1,45.9587,-73.2197,"ebutterfly","Maxim Larrivée, Jeremy Kerr, Kent McFarland and Katy Prudic","eButterfly","ebutterfly","eButterfly","","eButterfly"
"Colias philodice",1939,6,"","1939-06-27","presence",NA,1,48.3481,-68.803,"ebutterfly","Maxim Larrivée, Jeremy Kerr, Kent McFarland and Katy Prudic","eButterfly","ebutterfly","eButterfly","","eButterfly"
"Polites themistocles",1939,6,"","1939-06-28","presence",NA,1,45.9931,-73.2985,"ebutterfly","Maxim Larrivée, Jeremy Kerr, Kent McFarland and Katy Prudic","eButterfly","ebutterfly","eButterfly","","eButterfly"
"Celastrina lucia",1939,6,"","1939-06-27","presence",NA,1,48.3481,-68.803,"ebutterfly","Maxim Larrivée, Jeremy Kerr, Kent McFarland and Katy Prudic","eButterfly","ebutterfly","eButterfly","","eButterfly"
"Polites themistocles",1939,7,"","1939-07-08","presence",NA,1,46.3187,-74.2219,"ebutterfly","Maxim Larrivée, Jeremy Kerr, Kent McFarland and Katy Prudic","eButterfly","ebutterfly","eButterfly","","eButterfly"
"Phyciodes cocyta",1939,8,"","1939-08-23","presence",NA,1,45.9931,-73.2985,"ebutterfly","Maxim Larrivée, Jeremy Kerr, Kent McFarland and Katy Prudic","eButterfly","ebutterfly","eButterfly","","eButterfly"
"Speyeria atlantis",1939,8,"","1939-08-10","presence",NA,1,48.8316,-64.4869,"ebutterfly","Maxim Larrivée, Jeremy Kerr, Kent McFarland and Katy Prudic","eButterfly","ebutterfly","eButterfly","","eButterfly"
"Cupido amyntula",1939,7,"","1939-07-03","presence",NA,1,48.3481,-68.803,"ebutterfly","Maxim Larrivée, Jeremy Kerr, Kent McFarland and Katy Prudic","eButterfly","ebutterfly","eButterfly","","eButterfly"
"Papilio polyxenes",1939,5,"","1939-05-19","presence",NA,1,45.5017,-73.5673,"ebutterfly","Maxim Larrivée, Jeremy Kerr, Kent McFarland and Katy Prudic","eButterfly","ebutterfly","eButterfly","","eButterfly"
"Boloria eunomia",1939,6,"","1939-06-18","presence",NA,1,46.3972,-75.0244,"ebutterfly","Maxim Larrivée, Jeremy Kerr, Kent McFarland and Katy Prudic","eButterfly","ebutterfly","eButterfly","","eButterfly"
"Glaucopsyche lygdamus",1939,6,"","1939-06-27","presence",NA,1,48.3481,-68.803,"ebutterfly","Maxim Larrivée, Jeremy Kerr, Kent McFarland and Katy Prudic","eButterfly","ebutterfly","eButterfly","","eButterfly"
"Coenonympha inornata",1939,7,"","1939-07-08","presence",NA,1,46.3187,-74.2219,"ebutterfly","Maxim Larrivée, Jeremy Kerr, Kent McFarland and Katy Prudic","eButterfly","ebutterfly","eButterfly","","eButterfly"
"Papilio polyxenes",1939,5,"","1939-05-24","presence",NA,1,45.0195,-73.7571,"ebutterfly","Maxim Larrivée, Jeremy Kerr, Kent McFarland and Katy Prudic","eButterfly","ebutterfly","eButterfly","","eButterfly"
"Plebejus saepiolus",1939,6,"","1939-06-11","presence",NA,1,45.8755,-74.0821,"ebutterfly","Maxim Larrivée, Jeremy Kerr, Kent McFarland and Katy Prudic","eButterfly","ebutterfly","eButterfly","","eButterfly"
"Plebejus saepiolus",1939,7,"","1939-07-08","presence",NA,1,46.3187,-74.2219,"ebutterfly","Maxim Larrivée, Jeremy Kerr, Kent McFarland and Katy Prudic","eButterfly","ebutterfly","eButterfly","","eButterfly"
"Hesperia leonardus",1939,8,"","1939-08-31","presence",NA,1,45.9931,-73.2985,"ebutterfly","Maxim Larrivée, Jeremy Kerr, Kent McFarland and Katy Prudic","eButterfly","ebutterfly","eButterfly","","eButterfly"
"Erynnis icelus",1939,5,"","1939-05-24","presence",NA,1,45.9587,-73.2197,"ebutterfly","Maxim Larrivée, Jeremy Kerr, Kent McFarland and Katy Prudic","eButterfly","ebutterfly","eButterfly","","eButterfly"
"Erynnis icelus",1939,6,"","1939-06-27","presence",NA,1,48.3481,-68.803,"ebutterfly","Maxim Larrivée, Jeremy Kerr, Kent McFarland and Katy Prudic","eButterfly","ebutterfly","eButterfly","","eButterfly"
"Lycaena phlaeas",1939,6,"","1939-06-18","presence",NA,1,46.3972,-75.0244,"ebutterfly","Maxim Larrivée, Jeremy Kerr, Kent McFarland and Katy Prudic","eButterfly","ebutterfly","eButterfly","","eButterfly"
"Lycaena phlaeas",1939,6,"","1939-06-29","presence",NA,1,48.3481,-68.803,"ebutterfly","Maxim Larrivée, Jeremy Kerr, Kent McFarland and Katy Prudic","eButterfly","ebutterfly","eButterfly","","eButterfly"
"Papilio polyxenes",1939,8,"","1939-08-18","presence",NA,1,45.9931,-73.2985,"ebutterfly","Maxim Larrivée, Jeremy Kerr, Kent McFarland and Katy Prudic","eButterfly","ebutterfly","eButterfly","","eButterfly"
"Celastrina lucia",1939,5,"","1939-05-24","presence",NA,1,45.9587,-73.2197,"ebutterfly","Maxim Larrivée, Jeremy Kerr, Kent McFarland and Katy Prudic","eButterfly","ebutterfly","eButterfly","","eButterfly"
"Carterocephalus palaemon",1939,6,"","1939-06-18","presence",NA,1,46.3972,-75.0244,"ebutterfly","Maxim Larrivée, Jeremy Kerr, Kent McFarland and Katy Prudic","eButterfly","ebutterfly","eButterfly","","eButterfly"
"Polites mystic",1939,6,"","1939-06-27","presence",NA,1,48.3481,-68.803,"ebutterfly","Maxim Larrivée, Jeremy Kerr, Kent McFarland and Katy Prudic","eButterfly","ebutterfly","eButterfly","","eButterfly"
"Boloria bellona",1939,8,"","1939-08-23","presence",NA,1,45.9931,-73.2985,"ebutterfly","Maxim Larrivée, Jeremy Kerr, Kent McFarland and Katy Prudic","eButterfly","ebutterfly","eButterfly","","eButterfly"
"Amblyscirtes vialis",1939,6,"","1939-06-11","presence",NA,1,45.8755,-74.0821,"ebutterfly","Maxim Larrivée, Jeremy Kerr, Kent McFarland and Katy Prudic","eButterfly","ebutterfly","eButterfly","","eButterfly"
"Papilio canadensis",1939,7,"","1939-07-01","presence",NA,1,48.3481,-68.803,"ebutterfly","Maxim Larrivée, Jeremy Kerr, Kent McFarland and Katy Prudic","eButterfly","ebutterfly","eButterfly","","eButterfly"
"Poanes hobomok",1939,6,"","1939-06-27","presence",NA,1,48.3481,-68.803,"ebutterfly","Maxim Larrivée, Jeremy Kerr, Kent McFarland and Katy Prudic","eButterfly","ebutterfly","eButterfly","","eButterfly"
"Phyciodes cocyta",1939,7,"","1939-07-04","presence",NA,1,45.9931,-73.2985,"ebutterfly","Maxim Larrivée, Jeremy Kerr, Kent McFarland and Katy Prudic","eButterfly","ebutterfly","eButterfly","","eButterfly"
"Cupido comyntas",1939,8,"","1939-08-25","presence",NA,1,45.9931,-73.2985,"ebutterfly","Maxim Larrivée, Jeremy Kerr, Kent McFarland and Katy Prudic","eButterfly","ebutterfly","eButterfly","","eButterfly"
"Polites peckius",1939,7,"","1939-07-08","presence",NA,1,46.3187,-74.2219,"ebutterfly","Maxim Larrivée, Jeremy Kerr, Kent McFarland and Katy Prudic","eButterfly","ebutterfly","eButterfly","","eButterfly"
"Limenitis archippus",1939,8,"","1939-08-14","presence",NA,1,45.9931,-73.2985,"ebutterfly","Maxim Larrivée, Jeremy Kerr, Kent McFarland and Katy Prudic","eButterfly","ebutterfly","eButterfly","","eButterfly"
"Glaucopsyche lygdamus",1939,6,"","1939-06-11","presence",NA,1,45.8755,-74.0821,"ebutterfly","Maxim Larrivée, Jeremy Kerr, Kent McFarland and Katy Prudic","eButterfly","ebutterfly","eButterfly","","eButterfly"
"Colias interior",1939,7,"","1939-07-08","presence",NA,1,46.3187,-74.2219,"ebutterfly","Maxim Larrivée, Jeremy Kerr, Kent McFarland and Katy Prudic","eButterfly","ebutterfly","eButterfly","","eButterfly"
"Boloria bellona",1939,9,"","1939-09-03","presence",NA,1,45.5017,-73.5673,"ebutterfly","Maxim Larrivée, Jeremy Kerr, Kent McFarland and Katy Prudic","eButterfly","ebutterfly","eButterfly","","eButterfly"
"Cercyonis pegala",1939,8,"","1939-08-03","presence",NA,1,45.8937,-74.1618,"ebutterfly","Maxim Larrivée, Jeremy Kerr, Kent McFarland and Katy Prudic","eButterfly","ebutterfly","eButterfly","","eButterfly"
"Euphydryas phaeton",1939,7,"","1939-07-08","presence",NA,1,46.3187,-74.2219,"ebutterfly","Maxim Larrivée, Jeremy Kerr, Kent McFarland and Katy Prudic","eButterfly","ebutterfly","eButterfly","","eButterfly"
"Polites mystic",1939,7,"","1939-07-04","presence",NA,1,45.9931,-73.2985,"ebutterfly","Maxim Larrivée, Jeremy Kerr, Kent McFarland and Katy Prudic","eButterfly","ebutterfly","eButterfly","","eButterfly"
"Plebejus saepiolus",1939,6,"","1939-06-18","presence",NA,1,46.3972,-75.0244,"ebutterfly","Maxim Larrivée, Jeremy Kerr, Kent McFarland and Katy Prudic","eButterfly","ebutterfly","eButterfly","","eButterfly"
"Lethe anthedon",1939,7,"","1939-07-09","presence",NA,1,45.5017,-73.5673,"ebutterfly","Maxim Larrivée, Jeremy Kerr, Kent McFarland and Katy Prudic","eButterfly","ebutterfly","eButterfly","","eButterfly"
"Cupido comyntas",1939,7,"","1939-07-18","presence",NA,1,45.9931,-73.2985,"ebutterfly","Maxim Larrivée, Jeremy Kerr, Kent McFarland and Katy Prudic","eButterfly","ebutterfly","eButterfly","","eButterfly"
"Polites mystic",1939,7,"","1939-07-08","presence",NA,1,46.3187,-74.2219,"ebutterfly","Maxim Larrivée, Jeremy Kerr, Kent McFarland and Katy Prudic","eButterfly","ebutterfly","eButterfly","","eButterfly"
"Poanes hobomok",1939,6,"","1939-06-18","presence",NA,1,45.5017,-73.5673,"ebutterfly","Maxim Larrivée, Jeremy Kerr, Kent McFarland and Katy Prudic","eButterfly","ebutterfly","eButterfly","","eButterfly"
"Poanes hobomok",1939,6,"","1939-06-21","presence",NA,1,46.9295,-70.9312,"ebutterfly","Maxim Larrivée, Jeremy Kerr, Kent McFarland and Katy Prudic","eButterfly","ebutterfly","eButterfly","","eButterfly"
"Pieris rapae",1939,7,"","1939-07-04","presence",NA,1,46.8192,-71.1594,"ebutterfly","Maxim Larrivée, Jeremy Kerr, Kent McFarland and Katy Prudic","eButterfly","ebutterfly","eButterfly","","eButterfly"
"Poanes hobomok",1939,7,"","1939-07-10","presence",NA,1,46.8118,-71.2096,"ebutterfly","Maxim Larrivée, Jeremy Kerr, Kent McFarland and Katy Prudic","eButterfly","ebutterfly","eButterfly","","eButterfly"
"Polites peckius",1939,7,"","1939-07-21","presence",NA,1,46.8616,-71.1887,"ebutterfly","Maxim Larrivée, Jeremy Kerr, Kent McFarland and Katy Prudic","eButterfly","ebutterfly","eButterfly","","eButterfly"
"Poanes hobomok",1939,6,"","1939-06-13","presence",NA,1,46.9295,-70.9312,"ebutterfly","Maxim Larrivée, Jeremy Kerr, Kent McFarland and Katy Prudic","eButterfly","ebutterfly","eButterfly","","eButterfly"
"Poanes hobomok",1939,9,"","1939-09-05","presence",NA,1,47.3286,-70.0405,"ebutterfly","Maxim Larrivée, Jeremy Kerr, Kent McFarland and Katy Prudic","eButterfly","ebutterfly","eButterfly","","eButterfly"
"Poanes hobomok",1939,7,"","1939-07-01","presence",NA,1,46.8118,-71.2096,"ebutterfly","Maxim Larrivée, Jeremy Kerr, Kent McFarland and Katy Prudic","eButterfly","ebutterfly","eButterfly","","eButterfly"
"Pieris rapae",1939,7,"","1939-07-08","presence",NA,1,46.9295,-70.9312,"ebutterfly","Maxim Larrivée, Jeremy Kerr, Kent McFarland and Katy Prudic","eButterfly","ebutterfly","eButterfly","","eButterfly"
"Feniseca tarquinius",1939,8,"","1939-08-23","presence",NA,1,46.8616,-71.1887,"ebutterfly","Maxim Larrivée, Jeremy Kerr, Kent McFarland and Katy Prudic","eButterfly","ebutterfly","eButterfly","","eButterfly"
"Amblyscirtes vialis",1939,8,"","1939-08-03","presence",NA,1,46.8616,-71.1887,"ebutterfly","Maxim Larrivée, Jeremy Kerr, Kent McFarland and Katy Prudic","eButterfly","ebutterfly","eButterfly","","eButterfly"
"Lycaena phlaeas",1939,7,"","1939-07-23","presence",NA,1,46.8616,-71.1887,"ebutterfly","Maxim Larrivée, Jeremy Kerr, Kent McFarland and Katy Prudic","eButterfly","ebutterfly","eButterfly","","eButterfly"
"Colias philodice",1939,8,"","1939-08-03","presence",NA,1,45.5553,-73.1899,"ebutterfly","Maxim Larrivée, Jeremy Kerr, Kent McFarland and Katy Prudic","eButterfly","ebutterfly","eButterfly","","eButterfly"
"Glaucopsyche lygdamus",1939,6,"","1939-06-02","presence",NA,1,46.8616,-71.1887,"ebutterfly","Maxim Larrivée, Jeremy Kerr, Kent McFarland and Katy Prudic","eButterfly","ebutterfly","eButterfly","","eButterfly"
"Plebejus saepiolus",1939,7,"","1939-07-04","presence",NA,1,46.7028,-70.7243,"ebutterfly","Maxim Larrivée, Jeremy Kerr, Kent McFarland and Katy Prudic","eButterfly","ebutterfly","eButterfly","","eButterfly"
"Celastrina lucia",1939,7,"","1939-07-01","presence",NA,1,45.6307,-72.9563,"ebutterfly","Maxim Larrivée, Jeremy Kerr, Kent McFarland and Katy Prudic","eButterfly","ebutterfly","eButterfly","","eButterfly"
"Polygonia interrogationis",1939,8,"","1939-08-21","presence",NA,1,45.5553,-73.1899,"ebutterfly","Maxim Larrivée, Jeremy Kerr, Kent McFarland and Katy Prudic","eButterfly","ebutterfly","eButterfly","","eButterfly"
"Glaucopsyche lygdamus",1939,6,"","1939-06-21","presence",NA,1,47.3649,-70.0337,"ebutterfly","Maxim Larrivée, Jeremy Kerr, Kent McFarland and Katy Prudic","eButterfly","ebutterfly","eButterfly","","eButterfly"
"Polygonia progne",1939,7,"","1939-07-10","presence",NA,1,46.8616,-71.1887,"ebutterfly","Maxim Larrivée, Jeremy Kerr, Kent McFarland and Katy Prudic","eButterfly","ebutterfly","eButterfly","","eButterfly"
"Polygonia interrogationis",1939,8,"","1939-08-20","presence",NA,1,46.8616,-71.1887,"ebutterfly","Maxim Larrivée, Jeremy Kerr, Kent McFarland and Katy Prudic","eButterfly","ebutterfly","eButterfly","","eButterfly"
"Chlosyne nycteis",1939,7,"","1939-07-10","presence",NA,1,46.8616,-71.1887,"ebutterfly","Maxim Larrivée, Jeremy Kerr, Kent McFarland and Katy Prudic","eButterfly","ebutterfly","eButterfly","","eButterfly"
"Phyciodes cocyta",1939,7,"","1939-07-09","presence",NA,1,45.5503,-73.7585,"ebutterfly","Maxim Larrivée, Jeremy Kerr, Kent McFarland and Katy Prudic","eButterfly","ebutterfly","eButterfly","","eButterfly"
"Chlosyne nycteis",1939,8,"","1939-08-26","presence",NA,1,47.3286,-70.0405,"ebutterfly","Maxim Larrivée, Jeremy Kerr, Kent McFarland and Katy Prudic","eButterfly","ebutterfly","eButterfly","","eButterfly"
"Chlosyne nycteis",1939,8,"","1939-08-20","presence",NA,1,46.8616,-71.1887,"ebutterfly","Maxim Larrivée, Jeremy Kerr, Kent McFarland and Katy Prudic","eButterfly","ebutterfly","eButterfly","","eButterfly"
"Coenonympha inornata",1939,8,"","1939-08-20","presence",NA,1,46.8616,-71.1887,"ebutterfly","Maxim Larrivée, Jeremy Kerr, Kent McFarland and Katy Prudic","eButterfly","ebutterfly","eButterfly","","eButterfly"
"Chlosyne nycteis",1939,7,"","1939-07-10","presence",NA,1,46.6762,-71.2261,"ebutterfly","Maxim Larrivée, Jeremy Kerr, Kent McFarland and Katy Prudic","eButterfly","ebutterfly","eButterfly","","eButterfly"
"Speyeria cybele",1939,8,"","1939-08-07","presence",NA,1,46.8616,-71.1887,"ebutterfly","Maxim Larrivée, Jeremy Kerr, Kent McFarland and Katy Prudic","eButterfly","ebutterfly","eButterfly","","eButterfly"
"Phyciodes cocyta",1939,7,"","1939-07-04","presence",NA,1,46.8616,-71.1887,"ebutterfly","Maxim Larrivée, Jeremy Kerr, Kent McFarland and Katy Prudic","eButterfly","ebutterfly","eButterfly","","eButterfly"
"Phyciodes cocyta",1939,7,"","1939-07-10","presence",NA,1,46.9295,-70.9312,"ebutterfly","Maxim Larrivée, Jeremy Kerr, Kent McFarland and Katy Prudic","eButterfly","ebutterfly","eButterfly","","eButterfly"
"Megisto cymela",1939,6,"","1939-06-16","presence",NA,1,45.8937,-74.1618,"ebutterfly","Maxim Larrivée, Jeremy Kerr, Kent McFarland and Katy Prudic","eButterfly","ebutterfly","eButterfly","","eButterfly"
"Danaus plexippus",1939,8,"","1939-08-11","presence",NA,1,46.8616,-71.1887,"ebutterfly","Maxim Larrivée, Jeremy Kerr, Kent McFarland and Katy Prudic","eButterfly","ebutterfly","eButterfly","","eButterfly"
"Carterocephalus palaemon",1939,6,"","1939-06-02","presence",NA,1,46.8665,-71.6399,"ebutterfly","Maxim Larrivée, Jeremy Kerr, Kent McFarland and Katy Prudic","eButterfly","ebutterfly","eButterfly","","eButterfly"
"Papilio polyxenes",1939,8,"","1939-08-11","presence",NA,1,46.8616,-71.1887,"ebutterfly","Maxim Larrivée, Jeremy Kerr, Kent McFarland and Katy Prudic","eButterfly","ebutterfly","eButterfly","","eButterfly"
"Vanessa atalanta",1939,7,"","1939-07-11","presence",NA,1,45.4032,-72.7341,"ebutterfly","Maxim Larrivée, Jeremy Kerr, Kent McFarland and Katy Prudic","eButterfly","ebutterfly","eButterfly","","eButterfly"
"Satyrium titus",1939,8,"","1939-08-01","presence",NA,1,45.9931,-73.2985,"ebutterfly","Maxim Larrivée, Jeremy Kerr, Kent McFarland and Katy Prudic","eButterfly","ebutterfly","eButterfly","","eButterfly"
"Satyrium liparops",1939,7,"","1939-07-10","presence",NA,1,45.9931,-73.2985,"ebutterfly","Maxim Larrivée, Jeremy Kerr, Kent McFarland and Katy Prudic","eButterfly","ebutterfly","eButterfly","","eButterfly"
"Cercyonis pegala",1939,7,"","1939-07-13","presence",NA,1,45.9931,-73.2985,"ebutterfly","Maxim Larrivée, Jeremy Kerr, Kent McFarland and Katy Prudic","eButterfly","ebutterfly","eButterfly","","eButterfly"
"Hesperia leonardus",1939,8,"00:00:00","1939-08-21T00:00:00","presence",NA,1,45.5017,-73.5673,"ebutterfly","Maxim Larrivée, Jeremy Kerr, Kent McFarland and Katy Prudic","eButterfly","ebutterfly","eButterfly","","eButterfly"
"Carterocephalus palaemon",1939,6,"00:00:00","1939-06-28T00:00:00","presence",NA,1,46.8879,-71.1505,"ebutterfly","Maxim Larrivée, Jeremy Kerr, Kent McFarland and Katy Prudic","eButterfly","ebutterfly","eButterfly","","eButterfly"
"Satyrium titus",1939,8,"00:00:00","1939-08-01T00:00:00","occurrence",NA,1,45.993107,-73.29848,"gbif","GBIF","eButterfly Surveys","Vermont Center for Ecostudies","Vermont Center for Ecostudies","cc by nc 4.0","Vermont Center for Ecostudies"
"Carterocephalus palaemon",1939,6,"00:00:00","1939-06-18T00:00:00","occurrence",NA,1,46.397209,-75.024377,"gbif","GBIF","eButterfly Surveys","Vermont Center for Ecostudies","Vermont Center for Ecostudies","cc by nc 4.0","Vermont Center for Ecostudies"
"Colias philodice",1939,6,"00:00:00","1939-06-27T00:00:00","abundance",NA,2,48.348097,-68.802989,"gbif","GBIF","eButterfly Surveys","Vermont Center for Ecostudies","Vermont Center for Ecostudies","cc by nc 4.0","Vermont Center for Ecostudies"
"Lethe anthedon",1939,7,"00:00:00","1939-07-09T00:00:00","abundance",NA,2,45.501689,-73.567256,"gbif","GBIF","eButterfly Surveys","Vermont Center for Ecostudies","Vermont Center for Ecostudies","cc by nc 4.0","Vermont Center for Ecostudies"
"Limenitis archippus",1939,8,"00:00:00","1939-08-14T00:00:00","occurrence",NA,1,45.993107,-73.29848,"gbif","GBIF","eButterfly Surveys","Vermont Center for Ecostudies","Vermont Center for Ecostudies","cc by nc 4.0","Vermont Center for Ecostudies"
"Poanes hobomok",1939,6,"00:00:00","1939-06-21T00:00:00","abundance",NA,4,46.929532,-70.931194,"gbif","GBIF","eButterfly Surveys","Vermont Center for Ecostudies","Vermont Center for Ecostudies","cc by nc 4.0","Vermont Center for Ecostudies"
"Pieris rapae",1939,7,"00:00:00","1939-07-08T00:00:00","occurrence",NA,1,46.929532,-70.931194,"gbif","GBIF","eButterfly Surveys","Vermont Center for Ecostudies","Vermont Center for Ecostudies","cc by nc 4.0","Vermont Center for Ecostudies"
"Nymphalis l-album",1939,8,"00:00:00","1939-08-08T00:00:00","occurrence",NA,1,48.689632,-71.973939,"gbif","GBIF","eButterfly Surveys","Vermont Center for Ecostudies","Vermont Center for Ecostudies","cc by nc 4.0","Vermont Center for Ecostudies"
"Phyciodes cocyta",1939,7,"00:00:00","1939-07-09T00:00:00","occurrence",NA,1,45.403229,-72.734066,"gbif","GBIF","eButterfly Surveys","Vermont Center for Ecostudies","Vermont Center for Ecostudies","cc by nc 4.0","Vermont Center for Ecostudies"
"Pieris rapae",1939,7,"00:00:00","1939-07-03T00:00:00","occurrence",NA,1,48.348097,-68.802989,"gbif","GBIF","eButterfly Surveys","Vermont Center for Ecostudies","Vermont Center for Ecostudies","cc by nc 4.0","Vermont Center for Ecostudies"
"Papilio polyxenes",1939,5,"00:00:00","1939-05-19T00:00:00","occurrence",NA,1,45.501689,-73.567256,"gbif","GBIF","eButterfly Surveys","Vermont Center for Ecostudies","Vermont Center for Ecostudies","cc by nc 4.0","Vermont Center for Ecostudies"
"Plebejus saepiolus",1939,6,"00:00:00","1939-06-18T00:00:00","abundance",NA,6,46.397209,-75.024377,"gbif","GBIF","eButterfly Surveys","Vermont Center for Ecostudies","Vermont Center for Ecostudies","cc by nc 4.0","Vermont Center for Ecostudies"
"Glaucopsyche lygdamus",1939,6,"00:00:00","1939-06-27T00:00:00","abundance",NA,5,48.348097,-68.802989,"gbif","GBIF","eButterfly Surveys","Vermont Center for Ecostudies","Vermont Center for Ecostudies","cc by nc 4.0","Vermont Center for Ecostudies"
"Phyciodes cocyta",1939,7,"00:00:00","1939-07-04T00:00:00","occurrence",NA,1,45.993107,-73.29848,"gbif","GBIF","eButterfly Surveys","Vermont Center for Ecostudies","Vermont Center for Ecostudies","cc by nc 4.0","Vermont Center for Ecostudies"
"Cercyonis pegala",1939,7,"00:00:00","1939-07-13T00:00:00","occurrence",NA,1,45.993107,-73.29848,"gbif","GBIF","eButterfly Surveys","Vermont Center for Ecostudies","Vermont Center for Ecostudies","cc by nc 4.0","Vermont Center for Ecostudies"
"Polites themistocles",1939,7,"00:00:00","1939-07-08T00:00:00","abundance",NA,5,46.318671,-74.221877,"gbif","GBIF","eButterfly Surveys","Vermont Center for Ecostudies","Vermont Center for Ecostudies","cc by nc 4.0","Vermont Center for Ecostudies"
"Boloria bellona",1939,8,"00:00:00","1939-08-25T00:00:00","occurrence",NA,1,45.993107,-73.29848,"gbif","GBIF","eButterfly Surveys","Vermont Center for Ecostudies","Vermont Center for Ecostudies","cc by nc 4.0","Vermont Center for Ecostudies"
"Feniseca tarquinius",1939,8,"00:00:00","1939-08-23T00:00:00","occurrence",NA,1,46.861556,-71.188677,"gbif","GBIF","eButterfly Surveys","Vermont Center for Ecostudies","Vermont Center for Ecostudies","cc by nc 4.0","Vermont Center for Ecostudies"
"Coenonympha tullia",1939,8,"00:00:00","1939-08-20T00:00:00","occurrence",NA,1,46.861556,-71.188677,"gbif","GBIF","eButterfly Surveys","Vermont Center for Ecostudies","Vermont Center for Ecostudies","cc by nc 4.0","Vermont Center for Ecostudies"
"Epargyreus clarus",1939,6,"00:00:00","1939-06-08T00:00:00","occurrence",NA,1,46.813878,-71.207981,"gbif","GBIF","eButterfly Surveys","Vermont Center for Ecostudies","Vermont Center for Ecostudies","cc by nc 4.0","Vermont Center for Ecostudies"
"Celastrina lucia",1939,7,"00:00:00","1939-07-17T00:00:00","occurrence",NA,1,45.403229,-72.734066,"gbif","GBIF","eButterfly Surveys","Vermont Center for Ecostudies","Vermont Center for Ecostudies","cc by nc 4.0","Vermont Center for Ecostudies"
"Speyeria cybele",1939,7,"00:00:00","1939-07-07T00:00:00","occurrence",NA,1,45.501689,-73.567256,"gbif","GBIF","eButterfly Surveys","Vermont Center for Ecostudies","Vermont Center for Ecostudies","cc by nc 4.0","Vermont Center for Ecostudies"
"Hesperia leonardus",1939,8,"00:00:00","1939-08-21T00:00:00","occurrence",NA,1,45.501689,-73.567256,"gbif","GBIF","eButterfly Surveys","Vermont Center for Ecostudies","Vermont Center for Ecostudies","cc by nc 4.0","Vermont Center for Ecostudies"
"Erynnis icelus",1939,5,"00:00:00","1939-05-24T00:00:00","occurrence",NA,1,45.958702,-73.21967,"gbif","GBIF","eButterfly Surveys","Vermont Center for Ecostudies","Vermont Center for Ecostudies","cc by nc 4.0","Vermont Center for Ecostudies"
"Chlosyne nycteis",1939,6,"00:00:00","1939-06-27T00:00:00","occurrence",NA,1,48.348097,-68.802989,"gbif","GBIF","eButterfly Surveys","Vermont Center for Ecostudies","Vermont Center for Ecostudies","cc by nc 4.0","Vermont Center for Ecostudies"
"Colias interior",1939,7,"00:00:00","1939-07-08T00:00:00","occurrence",NA,1,46.318671,-74.221877,"gbif","GBIF","eButterfly Surveys","Vermont Center for Ecostudies","Vermont Center for Ecostudies","cc by nc 4.0","Vermont Center for Ecostudies"
"Papilio polyxenes",1939,8,"00:00:00","1939-08-18T00:00:00","occurrence",NA,1,45.993107,-73.29848,"gbif","GBIF","eButterfly Surveys","Vermont Center for Ecostudies","Vermont Center for Ecostudies","cc by nc 4.0","Vermont Center for Ecostudies"
"Hesperia leonardus",1939,8,"00:00:00","1939-08-31T00:00:00","occurrence",NA,1,45.993107,-73.29848,"gbif","GBIF","eButterfly Surveys","Vermont Center for Ecostudies","Vermont Center for Ecostudies","cc by nc 4.0","Vermont Center for Ecostudies"
"Satyrium liparops",1939,7,"00:00:00","1939-07-10T00:00:00","occurrence",NA,1,45.993107,-73.29848,"gbif","GBIF","eButterfly Surveys","Vermont Center for Ecostudies","Vermont Center for Ecostudies","cc by nc 4.0","Vermont Center for Ecostudies"
"Polites peckius",1939,7,"00:00:00","1939-07-21T00:00:00","occurrence",NA,1,46.861556,-71.188677,"gbif","GBIF","eButterfly Surveys","Vermont Center for Ecostudies","Vermont Center for Ecostudies","cc by nc 4.0","Vermont Center for Ecostudies"
"Glaucopsyche lygdamus",1939,6,"00:00:00","1939-06-02T00:00:00","occurrence",NA,1,46.861556,-71.188677,"gbif","GBIF","eButterfly Surveys","Vermont Center for Ecostudies","Vermont Center for Ecostudies","cc by nc 4.0","Vermont Center for Ecostudies"
"Polygonia interrogationis",1939,8,"00:00:00","1939-08-21T00:00:00","occurrence",NA,1,45.555293,-73.189867,"gbif","GBIF","eButterfly Surveys","Vermont Center for Ecostudies","Vermont Center for Ecostudies","cc by nc 4.0","Vermont Center for Ecostudies"
"Carterocephalus palaemon",1939,6,"00:00:00","1939-06-02T00:00:00","occurrence",NA,1,46.866482,-71.639925,"gbif","GBIF","eButterfly Surveys","Vermont Center for Ecostudies","Vermont Center for Ecostudies","cc by nc 4.0","Vermont Center for Ecostudies"
"Celastrina lucia",1939,5,"00:00:00","1939-05-29T00:00:00","occurrence",NA,1,45.958702,-73.21967,"gbif","GBIF","eButterfly Surveys","Vermont Center for Ecostudies","Vermont Center for Ecostudies","cc by nc 4.0","Vermont Center for Ecostudies"
"Boloria bellona",1939,5,"00:00:00","1939-05-28T00:00:00","occurrence",NA,1,45.479233,-74.302298,"gbif","GBIF","eButterfly Surveys","Vermont Center for Ecostudies","Vermont Center for Ecostudies","cc by nc 4.0","Vermont Center for Ecostudies"
"Coenonympha tullia",1939,6,"00:00:00","1939-06-11T00:00:00","occurrence",NA,1,45.875457,-74.082091,"gbif","GBIF","eButterfly Surveys","Vermont Center for Ecostudies","Vermont Center for Ecostudies","cc by nc 4.0","Vermont Center for Ecostudies"
"Polites mystic",1939,7,"00:00:00","1939-07-04T00:00:00","occurrence",NA,1,45.993107,-73.29848,"gbif","GBIF","eButterfly Surveys","Vermont Center for Ecostudies","Vermont Center for Ecostudies","cc by nc 4.0","Vermont Center for Ecostudies"
"Papilio polyxenes",1939,5,"00:00:00","1939-05-24T00:00:00","occurrence",NA,1,45.019533,-73.757078,"gbif","GBIF","eButterfly Surveys","Vermont Center for Ecostudies","Vermont Center for Ecostudies","cc by nc 4.0","Vermont Center for Ecostudies"
"Callophrys henrici",1939,5,"00:00:00","1939-05-24T00:00:00","abundance",NA,4,45.958702,-73.21967,"gbif","GBIF","eButterfly Surveys","Vermont Center for Ecostudies","Vermont Center for Ecostudies","cc by nc 4.0","Vermont Center for Ecostudies"
"Plebejus saepiolus",1939,6,"00:00:00","1939-06-11T00:00:00","abundance",NA,4,45.875457,-74.082091,"gbif","GBIF","eButterfly Surveys","Vermont Center for Ecostudies","Vermont Center for Ecostudies","cc by nc 4.0","Vermont Center for Ecostudies"
"Glaucopsyche lygdamus",1939,6,"00:00:00","1939-06-11T00:00:00","occurrence",NA,1,45.875457,-74.082091,"gbif","GBIF","eButterfly Surveys","Vermont Center for Ecostudies","Vermont Center for Ecostudies","cc by nc 4.0","Vermont Center for Ecostudies"
"Poanes hobomok",1939,9,"00:00:00","1939-09-05T00:00:00","abundance",NA,2,47.328622,-70.040478,"gbif","GBIF","eButterfly Surveys","Vermont Center for Ecostudies","Vermont Center for Ecostudies","cc by nc 4.0","Vermont Center for Ecostudies"
"Pieris rapae",1939,7,"00:00:00","1939-07-04T00:00:00","occurrence",NA,1,45.403229,-72.734066,"gbif","GBIF","eButterfly Surveys","Vermont Center for Ecostudies","Vermont Center for Ecostudies","cc by nc 4.0","Vermont Center for Ecostudies"
"Plebejus saepiolus",1939,7,"00:00:00","1939-07-04T00:00:00","occurrence",NA,1,46.813878,-71.207981,"gbif","GBIF","eButterfly Surveys","Vermont Center for Ecostudies","Vermont Center for Ecostudies","cc by nc 4.0","Vermont Center for Ecostudies"
"Nymphalis l-album",1939,7,"00:00:00","1939-07-11T00:00:00","occurrence",NA,1,45.564042,-73.179013,"gbif","GBIF","eButterfly Surveys","Vermont Center for Ecostudies","Vermont Center for Ecostudies","cc by nc 4.0","Vermont Center for Ecostudies"
"Phyciodes cocyta",1939,7,"00:00:00","1939-07-14T00:00:00","occurrence",NA,1,45.403229,-72.734066,"gbif","GBIF","eButterfly Surveys","Vermont Center for Ecostudies","Vermont Center for Ecostudies","cc by nc 4.0","Vermont Center for Ecostudies"
"Chlosyne nycteis",1939,8,"00:00:00","1939-08-20T00:00:00","occurrence",NA,1,46.861556,-71.188677,"gbif","GBIF","eButterfly Surveys","Vermont Center for Ecostudies","Vermont Center for Ecostudies","cc by nc 4.0","Vermont Center for Ecostudies"
"Celastrina lucia",1939,5,"00:00:00","1939-05-24T00:00:00","occurrence",NA,1,45.958702,-73.21967,"gbif","GBIF","eButterfly Surveys","Vermont Center for Ecostudies","Vermont Center for Ecostudies","cc by nc 4.0","Vermont Center for Ecostudies"
"Polites mystic",1939,6,"00:00:00","1939-06-27T00:00:00","occurrence",NA,1,48.348097,-68.802989,"gbif","GBIF","eButterfly Surveys","Vermont Center for Ecostudies","Vermont Center for Ecostudies","cc by nc 4.0","Vermont Center for Ecostudies"
"Lycaena phlaeas",1939,6,"00:00:00","1939-06-29T00:00:00","occurrence",NA,1,48.348097,-68.802989,"gbif","GBIF","eButterfly Surveys","Vermont Center for Ecostudies","Vermont Center for Ecostudies","cc by nc 4.0","Vermont Center for Ecostudies"
"Euphydryas phaeton",1939,7,"00:00:00","1939-07-08T00:00:00","abundance",NA,3,46.318671,-74.221877,"gbif","GBIF","eButterfly Surveys","Vermont Center for Ecostudies","Vermont Center for Ecostudies","cc by nc 4.0","Vermont Center for Ecostudies"
"Phyciodes cocyta",1939,8,"00:00:00","1939-08-23T00:00:00","occurrence",NA,1,45.993107,-73.29848,"gbif","GBIF","eButterfly Surveys","Vermont Center for Ecostudies","Vermont Center for Ecostudies","cc by nc 4.0","Vermont Center for Ecostudies"
"Polites mystic",1939,7,"00:00:00","1939-07-21T00:00:00","occurrence",NA,1,46.861556,-71.188677,"gbif","GBIF","eButterfly Surveys","Vermont Center for Ecostudies","Vermont Center for Ecostudies","cc by nc 4.0","Vermont Center for Ecostudies"
"Plebejus saepiolus",1939,8,"00:00:00","1939-08-13T00:00:00","occurrence",NA,1,46.861556,-71.188677,"gbif","GBIF","eButterfly Surveys","Vermont Center for Ecostudies","Vermont Center for Ecostudies","cc by nc 4.0","Vermont Center for Ecostudies"
"Limenitis archippus",1939,8,"00:00:00","1939-08-11T00:00:00","occurrence",NA,1,46.813878,-71.207981,"gbif","GBIF","eButterfly Surveys","Vermont Center for Ecostudies","Vermont Center for Ecostudies","cc by nc 4.0","Vermont Center for Ecostudies"
"Danaus plexippus",1939,8,"00:00:00","1939-08-11T00:00:00","occurrence",NA,1,46.861556,-71.188677,"gbif","GBIF","eButterfly Surveys","Vermont Center for Ecostudies","Vermont Center for Ecostudies","cc by nc 4.0","Vermont Center for Ecostudies"
"Carterocephalus palaemon",1939,7,"00:00:00","1939-07-01T00:00:00","abundance",NA,7,46.813878,-71.207981,"gbif","GBIF","eButterfly Surveys","Vermont Center for Ecostudies","Vermont Center for Ecostudies","cc by nc 4.0","Vermont Center for Ecostudies"
"Carterocephalus palaemon",1939,8,"00:00:00","1939-08-08T00:00:00","occurrence",NA,1,46.861556,-71.188677,"gbif","GBIF","eButterfly Surveys","Vermont Center for Ecostudies","Vermont Center for Ecostudies","cc by nc 4.0","Vermont Center for Ecostudies"
"Glaucopsyche lygdamus",1939,7,"00:00:00","1939-07-14T00:00:00","occurrence",NA,1,45.403229,-72.734066,"gbif","GBIF","eButterfly Surveys","Vermont Center for Ecostudies","Vermont Center for Ecostudies","cc by nc 4.0","Vermont Center for Ecostudies"
"Phyciodes cocyta",1939,7,"00:00:00","1939-07-20T00:00:00","occurrence",NA,1,46.929532,-70.931194,"gbif","GBIF","eButterfly Surveys","Vermont Center for Ecostudies","Vermont Center for Ecostudies","cc by nc 4.0","Vermont Center for Ecostudies"
"Papilio canadensis",1939,7,"00:00:00","1939-07-01T00:00:00","occurrence",NA,1,48.348097,-68.802989,"gbif","GBIF","eButterfly Surveys","Vermont Center for Ecostudies","Vermont Center for Ecostudies","cc by nc 4.0","Vermont Center for Ecostudies"
"Callophrys lanoraieensis",1939,5,"00:00:00","1939-05-24T00:00:00","occurrence",NA,1,45.958702,-73.21967,"gbif","GBIF","eButterfly Surveys","Vermont Center for Ecostudies","Vermont Center for Ecostudies","cc by nc 4.0","Vermont Center for Ecostudies"
"Chlosyne nycteis",1939,6,"00:00:00","1939-06-11T00:00:00","occurrence",NA,1,45.875457,-74.082091,"gbif","GBIF","eButterfly Surveys","Vermont Center for Ecostudies","Vermont Center for Ecostudies","cc by nc 4.0","Vermont Center for Ecostudies"
"Erynnis icelus",1939,6,"00:00:00","1939-06-27T00:00:00","occurrence",NA,1,48.348097,-68.802989,"gbif","GBIF","eButterfly Surveys","Vermont Center for Ecostudies","Vermont Center for Ecostudies","cc by nc 4.0","Vermont Center for Ecostudies"
"Polites themistocles",1939,6,"00:00:00","1939-06-28T00:00:00","occurrence",NA,1,45.993107,-73.29848,"gbif","GBIF","eButterfly Surveys","Vermont Center for Ecostudies","Vermont Center for Ecostudies","cc by nc 4.0","Vermont Center for Ecostudies"
"Speyeria atlantis",1939,8,"00:00:00","1939-08-10T00:00:00","occurrence",NA,1,48.831635,-64.486902,"gbif","GBIF","eButterfly Surveys","Vermont Center for Ecostudies","Vermont Center for Ecostudies","cc by nc 4.0","Vermont Center for Ecostudies"
"Plebejus saepiolus",1939,6,"00:00:00","1939-06-11T00:00:00","abundance",NA,2,45.875457,-74.082091,"gbif","GBIF","eButterfly Surveys","Vermont Center for Ecostudies","Vermont Center for Ecostudies","cc by nc 4.0","Vermont Center for Ecostudies"
"Amblyscirtes vialis",1939,8,"00:00:00","1939-08-03T00:00:00","occurrence",NA,1,46.861556,-71.188677,"gbif","GBIF","eButterfly Surveys","Vermont Center for Ecostudies","Vermont Center for Ecostudies","cc by nc 4.0","Vermont Center for Ecostudies"
"Lycaena phlaeas",1939,7,"00:00:00","1939-07-23T00:00:00","occurrence",NA,1,46.861556,-71.188677,"gbif","GBIF","eButterfly Surveys","Vermont Center for Ecostudies","Vermont Center for Ecostudies","cc by nc 4.0","Vermont Center for Ecostudies"
"Glaucopsyche lygdamus",1939,6,"00:00:00","1939-06-21T00:00:00","occurrence",NA,1,46.813878,-71.207981,"gbif","GBIF","eButterfly Surveys","Vermont Center for Ecostudies","Vermont Center for Ecostudies","cc by nc 4.0","Vermont Center for Ecostudies"
"Chlosyne nycteis",1939,7,"00:00:00","1939-07-10T00:00:00","occurrence",NA,1,46.813878,-71.207981,"gbif","GBIF","eButterfly Surveys","Vermont Center for Ecostudies","Vermont Center for Ecostudies","cc by nc 4.0","Vermont Center for Ecostudies"
"Limenitis archippus",1939,6,"00:00:00","1939-06-08T00:00:00","occurrence",NA,1,45.479233,-74.302298,"gbif","GBIF","eButterfly Surveys","Vermont Center for Ecostudies","Vermont Center for Ecostudies","cc by nc 4.0","Vermont Center for Ecostudies"
"Epargyreus clarus",1939,6,"00:00:00","1939-06-08T00:00:00","occurrence",NA,1,46.8166,-71.2166,"gbif","GBIF","eButterfly Surveys","Vermont Center for Ecostudies","Vermont Center for Ecostudies","cc by nc 4.0","Vermont Center for Ecostudies"
"Poanes hobomok",1939,6,"00:00:00","1939-06-27T00:00:00","occurrence",NA,1,48.348097,-68.802989,"gbif","GBIF","eButterfly Surveys","Vermont Center for Ecostudies","Vermont Center for Ecostudies","cc by nc 4.0","Vermont Center for Ecostudies"
"Cupido amyntula",1939,7,"00:00:00","1939-07-03T00:00:00","occurrence",NA,1,48.348097,-68.802989,"gbif","GBIF","eButterfly Surveys","Vermont Center for Ecostudies","Vermont Center for Ecostudies","cc by nc 4.0","Vermont Center for Ecostudies"
"Coenonympha tullia",1939,7,"00:00:00","1939-07-08T00:00:00","abundance",NA,7,46.318671,-74.221877,"gbif","GBIF","eButterfly Surveys","Vermont Center for Ecostudies","Vermont Center for Ecostudies","cc by nc 4.0","Vermont Center for Ecostudies"
"Boloria bellona",1939,8,"00:00:00","1939-08-23T00:00:00","occurrence",NA,1,45.993107,-73.29848,"gbif","GBIF","eButterfly Surveys","Vermont Center for Ecostudies","Vermont Center for Ecostudies","cc by nc 4.0","Vermont Center for Ecostudies"
"Polygonia progne",1939,9,"00:00:00","1939-09-13T00:00:00","occurrence",NA,1,45.993107,-73.29848,"gbif","GBIF","eButterfly Surveys","Vermont Center for Ecostudies","Vermont Center for Ecostudies","cc by nc 4.0","Vermont Center for Ecostudies"
"Polites mystic",1939,7,"00:00:00","1939-07-25T00:00:00","occurrence",NA,1,46.861556,-71.188677,"gbif","GBIF","eButterfly Surveys","Vermont Center for Ecostudies","Vermont Center for Ecostudies","cc by nc 4.0","Vermont Center for Ecostudies"
"Poanes hobomok",1939,7,"00:00:00","1939-07-01T00:00:00","occurrence",NA,1,46.8118,-71.209574,"gbif","GBIF","eButterfly Surveys","Vermont Center for Ecostudies","Vermont Center for Ecostudies","cc by nc 4.0","Vermont Center for Ecostudies"
"Nymphalis l-album",1939,7,"00:00:00","1939-07-01T00:00:00","occurrence",NA,1,46.861556,-71.188677,"gbif","GBIF","eButterfly Surveys","Vermont Center for Ecostudies","Vermont Center for Ecostudies","cc by nc 4.0","Vermont Center for Ecostudies"
"Boloria selene",1939,6,"00:00:00","1939-06-13T00:00:00","occurrence",NA,1,46.861556,-71.188677,"gbif","GBIF","eButterfly Surveys","Vermont Center for Ecostudies","Vermont Center for Ecostudies","cc by nc 4.0","Vermont Center for Ecostudies"
"Megisto cymela",1939,6,"00:00:00","1939-06-16T00:00:00","abundance",NA,4,45.893682,-74.161776,"gbif","GBIF","eButterfly Surveys","Vermont Center for Ecostudies","Vermont Center for Ecostudies","cc by nc 4.0","Vermont Center for Ecostudies"
"Papilio polyxenes",1939,8,"00:00:00","1939-08-11T00:00:00","occurrence",NA,1,46.861556,-71.188677,"gbif","GBIF","eButterfly Surveys","Vermont Center for Ecostudies","Vermont Center for Ecostudies","cc by nc 4.0","Vermont Center for Ecostudies"
"Polites themistocles",1939,7,"00:00:00","1939-07-20T00:00:00","occurrence",NA,1,46.005908,-74.187112,"gbif","GBIF","eButterfly Surveys","Vermont Center for Ecostudies","Vermont Center for Ecostudies","cc by nc 4.0","Vermont Center for Ecostudies"
"Lycaena phlaeas",1939,6,"00:00:00","1939-06-18T00:00:00","occurrence",NA,1,46.397209,-75.024377,"gbif","GBIF","eButterfly Surveys","Vermont Center for Ecostudies","Vermont Center for Ecostudies","cc by nc 4.0","Vermont Center for Ecostudies"
"Celastrina lucia",1939,6,"00:00:00","1939-06-27T00:00:00","abundance",NA,2,48.348097,-68.802989,"gbif","GBIF","eButterfly Surveys","Vermont Center for Ecostudies","Vermont Center for Ecostudies","cc by nc 4.0","Vermont Center for Ecostudies"
"Polites peckius",1939,7,"00:00:00","1939-07-08T00:00:00","abundance",NA,6,46.318671,-74.221877,"gbif","GBIF","eButterfly Surveys","Vermont Center for Ecostudies","Vermont Center for Ecostudies","cc by nc 4.0","Vermont Center for Ecostudies"
"Cupido comyntas",1939,8,"00:00:00","1939-08-25T00:00:00","occurrence",NA,1,45.993107,-73.29848,"gbif","GBIF","eButterfly Surveys","Vermont Center for Ecostudies","Vermont Center for Ecostudies","cc by nc 4.0","Vermont Center for Ecostudies"
"Boloria bellona",1939,9,"00:00:00","1939-09-03T00:00:00","occurrence",NA,1,45.501689,-73.567256,"gbif","GBIF","eButterfly Surveys","Vermont Center for Ecostudies","Vermont Center for Ecostudies","cc by nc 4.0","Vermont Center for Ecostudies"
"Polites peckius",1939,7,"00:00:00","1939-07-29T00:00:00","occurrence",NA,1,46.861556,-71.188677,"gbif","GBIF","eButterfly Surveys","Vermont Center for Ecostudies","Vermont Center for Ecostudies","cc by nc 4.0","Vermont Center for Ecostudies"
"Poanes hobomok",1939,7,"00:00:00","1939-07-10T00:00:00","abundance",NA,2,46.8118,-71.209574,"gbif","GBIF","eButterfly Surveys","Vermont Center for Ecostudies","Vermont Center for Ecostudies","cc by nc 4.0","Vermont Center for Ecostudies"
"Aglais milberti",1939,8,"00:00:00","1939-08-19T00:00:00","occurrence",NA,1,45.403229,-72.734066,"gbif","GBIF","eButterfly Surveys","Vermont Center for Ecostudies","Vermont Center for Ecostudies","cc by nc 4.0","Vermont Center for Ecostudies"
"Euptoieta claudia",1939,9,"00:00:00","1939-09-26T00:00:00","occurrence",NA,1,45.501689,-73.567256,"gbif","GBIF","eButterfly Surveys","Vermont Center for Ecostudies","Vermont Center for Ecostudies","cc by nc 4.0","Vermont Center for Ecostudies"
"Speyeria atlantis",1939,8,"00:00:00","1939-08-11T00:00:00","occurrence",NA,1,46.861556,-71.188677,"gbif","GBIF","eButterfly Surveys","Vermont Center for Ecostudies","Vermont Center for Ecostudies","cc by nc 4.0","Vermont Center for Ecostudies"
"Phyciodes cocyta",1939,7,"00:00:00","1939-07-04T00:00:00","occurrence",NA,1,46.861556,-71.188677,"gbif","GBIF","eButterfly Surveys","Vermont Center for Ecostudies","Vermont Center for Ecostudies","cc by nc 4.0","Vermont Center for Ecostudies"
"Lycaena phlaeas",1939,6,"00:00:00","1939-06-19T00:00:00","occurrence",NA,1,45.5167,-76.4167,"gbif","GBIF","Spencer Entomological Museum","Canadian Biodiversity Information Facility","Canadian Biodiversity Information Facility","cc0 1.0","Canadian Biodiversity Information Facility"
"Lithophane disposita",1939,9,"00:00:00","1939-09-04T00:00:00","occurrence",NA,1,45.52,-76.41,"gbif","GBIF","Lepidoptera World (Luomus) (LEPW)","Finnish Biodiversity Information Facility","Finnish Biodiversity Information Facility","cc by 4.0","Finnish Biodiversity Information Facility"
"Speyeria atlantis",1939,7,"00:00:00","1939-07-15T00:00:00","occurrence",NA,1,47.66198,-71.27573,"gbif","GBIF","Museum of Comparative Zoology, Harvard University","Museum of Comparative Zoology, Harvard University","Museum of Comparative Zoology, Harvard University","cc by nc 4.0","Museum of Comparative Zoology, Harvard University"
"Colias interior",1939,8,"00:00:00","1939-08-01T00:00:00","occurrence",NA,1,47.66198,-71.27573,"gbif","GBIF","Museum of Comparative Zoology, Harvard University","Museum of Comparative Zoology, Harvard University","Museum of Comparative Zoology, Harvard University","cc by nc 4.0","Museum of Comparative Zoology, Harvard University"
"Speyeria atlantis",1939,7,"00:00:00","1939-07-15T00:00:00","occurrence",NA,1,47.66198,-71.27573,"gbif","GBIF","Museum of Comparative Zoology, Harvard University","Museum of Comparative Zoology, Harvard University","Museum of Comparative Zoology, Harvard University","cc by nc 4.0","Museum of Comparative Zoology, Harvard University"
"Callophrys",1939,4,"00:00:00","1939-04-24T00:00:00","occurrence",NA,1,47.05,-79.2667,"gbif","GBIF","Royal Ontario Museum: Entomology","Canadian Biodiversity Information Facility","Canadian Biodiversity Information Facility","cc0 1.0","Canadian Biodiversity Information Facility"
"Enodia anthedon",1939,7,"00:00:00","1939-07-09T00:00:00","occurrence",NA,1,45.5,-73.5833,"gbif","GBIF","Lyman Entomological Museum","Canadian Biodiversity Information Facility","Canadian Biodiversity Information Facility","cc0 1.0","Canadian Biodiversity Information Facility"
"Plebejus saepiolus",1939,6,"00:00:00","1939-06-11T00:00:00","occurrence",NA,1,45.8667,-74.0833,"gbif","GBIF","Lyman Entomological Museum","Canadian Biodiversity Information Facility","Canadian Biodiversity Information Facility","cc0 1.0","Canadian Biodiversity Information Facility"
"Papilio polyxenes",1939,5,"00:00:00","1939-05-20T00:00:00","occurrence",NA,1,45.5,-73.5833,"gbif","GBIF","Lyman Entomological Museum","Canadian Biodiversity Information Facility","Canadian Biodiversity Information Facility","cc0 1.0","Canadian Biodiversity Information Facility"
"Boloria bellona",1939,8,"00:00:00","1939-08-23T00:00:00","occurrence",NA,1,45.4167,-73.9333,"gbif","GBIF","Lyman Entomological Museum","Canadian Biodiversity Information Facility","Canadian Biodiversity Information Facility","cc0 1.0","Canadian Biodiversity Information Facility"
"Boloria bellona",1939,8,"00:00:00","1939-08-23T00:00:00","occurrence",NA,1,45.4167,-73.9333,"gbif","GBIF","Lyman Entomological Museum","Canadian Biodiversity Information Facility","Canadian Biodiversity Information Facility","cc0 1.0","Canadian Biodiversity Information Facility"
"Poanes hobomok",1939,6,"00:00:00","1939-06-01T00:00:00","occurrence",NA,1,45.5,-73.5833,"gbif","GBIF","Lyman Entomological Museum","Canadian Biodiversity Information Facility","Canadian Biodiversity Information Facility","cc0 1.0","Canadian Biodiversity Information Facility"
"Colias philodice",1939,8,"00:00:00","1939-08-01T00:00:00","occurrence",NA,1,47.66198,-71.27573,"gbif","GBIF","Museum of Comparative Zoology, Harvard University","Museum of Comparative Zoology, Harvard University","Museum of Comparative Zoology, Harvard University","cc by nc 4.0","Museum of Comparative Zoology, Harvard University"
"Feniseca tarquinius",1939,6,"00:00:00","1939-06-04T00:00:00","occurrence",NA,1,45.9667,-73.2167,"gbif","GBIF","Lyman Entomological Museum","Canadian Biodiversity Information Facility","Canadian Biodiversity Information Facility","cc0 1.0","Canadian Biodiversity Information Facility"
"Limenitis archippus",1939,8,"00:00:00","1939-08-14T00:00:00","occurrence",NA,1,45.4167,-73.9333,"gbif","GBIF","Lyman Entomological Museum","Canadian Biodiversity Information Facility","Canadian Biodiversity Information Facility","cc0 1.0","Canadian Biodiversity Information Facility"
"Papilio polyxenes",1939,5,"00:00:00","1939-05-24T00:00:00","occurrence",NA,1,45.0167,-73.75,"gbif","GBIF","Lyman Entomological Museum","Canadian Biodiversity Information Facility","Canadian Biodiversity Information Facility","cc0 1.0","Canadian Biodiversity Information Facility"
"Chlosyne nycteis",1939,6,"00:00:00","1939-06-11T00:00:00","occurrence",NA,1,45.8667,-74.0833,"gbif","GBIF","Lyman Entomological Museum","Canadian Biodiversity Information Facility","Canadian Biodiversity Information Facility","cc0 1.0","Canadian Biodiversity Information Facility"
"Papilio polyxenes",1939,6,"00:00:00","1939-06-18T00:00:00","occurrence",NA,1,45.4167,-73.9333,"gbif","GBIF","Lyman Entomological Museum","Canadian Biodiversity Information Facility","Canadian Biodiversity Information Facility","cc0 1.0","Canadian Biodiversity Information Facility"
"Papilio polyxenes",1939,5,"00:00:00","1939-05-19T00:00:00","occurrence",NA,1,45.5,-73.5833,"gbif","GBIF","Lyman Entomological Museum","Canadian Biodiversity Information Facility","Canadian Biodiversity Information Facility","cc0 1.0","Canadian Biodiversity Information Facility"
"Polites mystic",1939,7,"00:00:00","1939-07-08T00:00:00","occurrence",NA,1,46.3167,-74.2167,"gbif","GBIF","Lyman Entomological Museum","Canadian Biodiversity Information Facility","Canadian Biodiversity Information Facility","cc0 1.0","Canadian Biodiversity Information Facility"
"Polites peckius",1939,7,"00:00:00","1939-07-08T00:00:00","occurrence",NA,1,46.3167,-74.2167,"gbif","GBIF","Lyman Entomological Museum","Canadian Biodiversity Information Facility","Canadian Biodiversity Information Facility","cc0 1.0","Canadian Biodiversity Information Facility"
"Callophrys augustinus",1939,5,"00:00:00","1939-05-24T00:00:00","occurrence",NA,1,45.9667,-73.2167,"gbif","GBIF","Lyman Entomological Museum","Canadian Biodiversity Information Facility","Canadian Biodiversity Information Facility","cc0 1.0","Canadian Biodiversity Information Facility"
"Callophrys augustinus",1939,5,"00:00:00","1939-05-24T00:00:00","occurrence",NA,1,45.9667,-73.2167,"gbif","GBIF","Lyman Entomological Museum","Canadian Biodiversity Information Facility","Canadian Biodiversity Information Facility","cc0 1.0","Canadian Biodiversity Information Facility"
"Polites mystic",1939,7,"00:00:00","1939-07-04T00:00:00","occurrence",NA,1,45.4167,-73.9333,"gbif","GBIF","Lyman Entomological Museum","Canadian Biodiversity Information Facility","Canadian Biodiversity Information Facility","cc0 1.0","Canadian Biodiversity Information Facility"
"Polites themistocles",1939,6,"00:00:00","1939-06-28T00:00:00","occurrence",NA,1,45.4167,-73.9333,"gbif","GBIF","Lyman Entomological Museum","Canadian Biodiversity Information Facility","Canadian Biodiversity Information Facility","cc0 1.0","Canadian Biodiversity Information Facility"
"Boloria bellona",1939,9,"00:00:00","1939-09-03T00:00:00","occurrence",NA,1,45.5,-73.5833,"gbif","GBIF","Lyman Entomological Museum","Canadian Biodiversity Information Facility","Canadian Biodiversity Information Facility","cc0 1.0","Canadian Biodiversity Information Facility"
"Polites themistocles",1939,7,"00:00:00","1939-07-08T00:00:00","occurrence",NA,1,46.3167,-74.2167,"gbif","GBIF","Lyman Entomological Museum","Canadian Biodiversity Information Facility","Canadian Biodiversity Information Facility","cc0 1.0","Canadian Biodiversity Information Facility"
"Erynnis lucilius",1939,7,"00:00:00","1939-07-20T00:00:00","occurrence",NA,1,45.8667,-74.0833,"gbif","GBIF","Lyman Entomological Museum","Canadian Biodiversity Information Facility","Canadian Biodiversity Information Facility","cc0 1.0","Canadian Biodiversity Information Facility"
"Hesperia leonardus",1939,8,"00:00:00","1939-08-31T00:00:00","occurrence",NA,1,45.4167,-73.9333,"gbif","GBIF","Lyman Entomological Museum","Canadian Biodiversity Information Facility","Canadian Biodiversity Information Facility","cc0 1.0","Canadian Biodiversity Information Facility"
"Erynnis icelus",1939,5,"00:00:00","1939-05-24T00:00:00","occurrence",NA,1,45.9667,-73.2167,"gbif","GBIF","Lyman Entomological Museum","Canadian Biodiversity Information Facility","Canadian Biodiversity Information Facility","cc0 1.0","Canadian Biodiversity Information Facility"
"Polites themistocles",1939,7,"00:00:00","1939-07-08T00:00:00","occurrence",NA,1,46.3167,-74.2167,"gbif","GBIF","Lyman Entomological Museum","Canadian Biodiversity Information Facility","Canadian Biodiversity Information Facility","cc0 1.0","Canadian Biodiversity Information Facility"
"Celastrina ladon",1939,5,"00:00:00","1939-05-24T00:00:00","occurrence",NA,1,45.9667,-73.2167,"gbif","GBIF","Lyman Entomological Museum","Canadian Biodiversity Information Facility","Canadian Biodiversity Information Facility","cc0 1.0","Canadian Biodiversity Information Facility"
"Callophrys henrici",1939,5,"00:00:00","1939-05-24T00:00:00","occurrence",NA,1,45.9667,-73.2167,"gbif","GBIF","Lyman Entomological Museum","Canadian Biodiversity Information Facility","Canadian Biodiversity Information Facility","cc0 1.0","Canadian Biodiversity Information Facility"
"Everes comyntas",1939,7,"00:00:00","1939-07-18T00:00:00","occurrence",NA,1,45.4167,-73.9333,"gbif","GBIF","Lyman Entomological Museum","Canadian Biodiversity Information Facility","Canadian Biodiversity Information Facility","cc0 1.0","Canadian Biodiversity Information Facility"
"Cercyonis pegala",1939,6,"00:00:00","1939-06-13T00:00:00","occurrence",NA,1,45.4167,-73.9333,"gbif","GBIF","Lyman Entomological Museum","Canadian Biodiversity Information Facility","Canadian Biodiversity Information Facility","cc0 1.0","Canadian Biodiversity Information Facility"
"Polygonia progne",1939,9,"00:00:00","1939-09-13T00:00:00","occurrence",NA,1,45.4167,-73.9333,"gbif","GBIF","Lyman Entomological Museum","Canadian Biodiversity Information Facility","Canadian Biodiversity Information Facility","cc0 1.0","Canadian Biodiversity Information Facility"
"Satyrium titus",1939,8,"00:00:00","1939-08-01T00:00:00","occurrence",NA,1,45.4167,-73.9333,"gbif","GBIF","Lyman Entomological Museum","Canadian Biodiversity Information Facility","Canadian Biodiversity Information Facility","cc0 1.0","Canadian Biodiversity Information Facility"
"Callophrys henrici",1939,5,"00:00:00","1939-05-24T00:00:00","occurrence",NA,1,45.9667,-73.2167,"gbif","GBIF","Lyman Entomological Museum","Canadian Biodiversity Information Facility","Canadian Biodiversity Information Facility","cc0 1.0","Canadian Biodiversity Information Facility"
"Everes comyntas",1939,8,"00:00:00","1939-08-25T00:00:00","occurrence",NA,1,45.4167,-73.9333,"gbif","GBIF","Lyman Entomological Museum","Canadian Biodiversity Information Facility","Canadian Biodiversity Information Facility","cc0 1.0","Canadian Biodiversity Information Facility"
"Callophrys henrici",1939,5,"00:00:00","1939-05-24T00:00:00","occurrence",NA,1,45.9667,-73.2167,"gbif","GBIF","Lyman Entomological Museum","Canadian Biodiversity Information Facility","Canadian Biodiversity Information Facility","cc0 1.0","Canadian Biodiversity Information Facility"
"Thorybes pylades",1939,6,"00:00:00","1939-06-11T00:00:00","occurrence",NA,1,45.8667,-74.0833,"gbif","GBIF","Lyman Entomological Museum","Canadian Biodiversity Information Facility","Canadian Biodiversity Information Facility","cc0 1.0","Canadian Biodiversity Information Facility"
"Amblyscirtes vialis",1939,6,"00:00:00","1939-06-11T00:00:00","occurrence",NA,1,45.8667,-74.0833,"gbif","GBIF","Lyman Entomological Museum","Canadian Biodiversity Information Facility","Canadian Biodiversity Information Facility","cc0 1.0","Canadian Biodiversity Information Facility"
"Phyciodes cocyta",1939,8,"00:00:00","1939-08-23T00:00:00","occurrence",NA,1,45.4167,-73.9333,"gbif","GBIF","Lyman Entomological Museum","Canadian Biodiversity Information Facility","Canadian Biodiversity Information Facility","cc0 1.0","Canadian Biodiversity Information Facility"
"Satyrium liparops",1939,7,"00:00:00","1939-07-10T00:00:00","occurrence",NA,1,45.4167,-73.9333,"gbif","GBIF","Lyman Entomological Museum","Canadian Biodiversity Information Facility","Canadian Biodiversity Information Facility","cc0 1.0","Canadian Biodiversity Information Facility"
"Glaucopsyche lygdamus",1939,6,"00:00:00","1939-06-11T00:00:00","occurrence",NA,1,45.8667,-74.0833,"gbif","GBIF","Lyman Entomological Museum","Canadian Biodiversity Information Facility","Canadian Biodiversity Information Facility","cc0 1.0","Canadian Biodiversity Information Facility"
"Speyeria atlantis",1939,7,"00:00:00","1939-07-15T00:00:00","occurrence",NA,1,47.66198,-71.27573,"gbif","GBIF","Museum of Comparative Zoology, Harvard University","Museum of Comparative Zoology, Harvard University","Museum of Comparative Zoology, Harvard University","cc by nc 4.0","Museum of Comparative Zoology, Harvard University"
"Speyeria atlantis",1939,7,"00:00:00","1939-07-15T00:00:00","occurrence",NA,1,47.66198,-71.27573,"gbif","GBIF","Museum of Comparative Zoology, Harvard University","Museum of Comparative Zoology, Harvard University","Museum of Comparative Zoology, Harvard University","cc by nc 4.0","Museum of Comparative Zoology, Harvard University"
"Speyeria atlantis",1939,7,"00:00:00","1939-07-15T00:00:00","occurrence",NA,1,47.66198,-71.27573,"gbif","GBIF","Museum of Comparative Zoology, Harvard University","Museum of Comparative Zoology, Harvard University","Museum of Comparative Zoology, Harvard University","cc by nc 4.0","Museum of Comparative Zoology, Harvard University"
"Colias interior",1939,8,"00:00:00","1939-08-01T00:00:00","occurrence",NA,1,47.66198,-71.27573,"gbif","GBIF","Museum of Comparative Zoology, Harvard University","Museum of Comparative Zoology, Harvard University","Museum of Comparative Zoology, Harvard University","cc by nc 4.0","Museum of Comparative Zoology, Harvard University"
"Limenitis archippus",1939,6,"00:00:00","1939-06-18T00:00:00","occurrence",NA,1,45.5167,-76.4167,"gbif","GBIF","University of Guelph, Department of Environmental Biology","Canadian Biodiversity Information Facility","Canadian Biodiversity Information Facility","cc by 4.0","Canadian Biodiversity Information Facility"
"Clossiana selene",1939,7,"00:00:00","1939-07-15T00:00:00","occurrence",NA,1,47.66198,-71.27573,"gbif","GBIF","Museum of Comparative Zoology, Harvard University","Museum of Comparative Zoology, Harvard University","Museum of Comparative Zoology, Harvard University","cc by nc 4.0","Museum of Comparative Zoology, Harvard University"
"Dryocampa rubicunda",1939,1,"00:00:00","1939-01-01T00:00:00","abundance",NA,2,45.51667,-76.41667,"gbif","GBIF","Entomology Division, Yale Peabody Museum","Yale University Peabody Museum","Yale University Peabody Museum","cc0 1.0","Yale University Peabody Museum"
"Cingilia catenaria",1939,9,"00:00:00","1939-09-22T00:00:00","occurrence",NA,1,48.749259,-79.141483,"gbif","GBIF","Entomology Division, Yale Peabody Museum","Yale University Peabody Museum","Yale University Peabody Museum","cc0 1.0","Yale University Peabody Museum"
"Colias interior",1939,8,"00:00:00","1939-08-01T00:00:00","occurrence",NA,1,46.119269,-74.595268,"gbif","GBIF","Entomology Division, Yale Peabody Museum","Yale University Peabody Museum","Yale University Peabody Museum","cc0 1.0","Yale University Peabody Museum"
"Cupido amyntula",1939,7,"00:00:00","1939-07-03T00:00:00","occurrence",NA,1,48.348097,-68.802989,"gbif","GBIF","eButterfly Surveys","Vermont Center for Ecostudies","Vermont Center for Ecostudies","cc by nc 4.0","Vermont Center for Ecostudies"
"Boloria eunomia",1939,6,"00:00:00","1939-06-18T00:00:00","occurrence",NA,1,46.397209,-75.024377,"gbif","GBIF","eButterfly Surveys","Vermont Center for Ecostudies","Vermont Center for Ecostudies","cc by nc 4.0","Vermont Center for Ecostudies"
"Glaucopsyche lygdamus",1939,6,"00:00:00","1939-06-27T00:00:00","occurrence",NA,1,48.348097,-68.802989,"gbif","GBIF","eButterfly Surveys","Vermont Center for Ecostudies","Vermont Center for Ecostudies","cc by nc 4.0","Vermont Center for Ecostudies"
"Cupido comyntas",1939,7,"00:00:00","1939-07-18T00:00:00","occurrence",NA,1,45.993107,-73.29848,"gbif","GBIF","eButterfly Surveys","Vermont Center for Ecostudies","Vermont Center for Ecostudies","cc by nc 4.0","Vermont Center for Ecostudies"
"Polites mystic",1939,7,"00:00:00","1939-07-08T00:00:00","abundance",NA,7,46.318671,-74.221877,"gbif","GBIF","eButterfly Surveys","Vermont Center for Ecostudies","Vermont Center for Ecostudies","cc by nc 4.0","Vermont Center for Ecostudies"
"Poanes hobomok",1939,6,"00:00:00","1939-06-18T00:00:00","occurrence",NA,1,45.501689,-73.567256,"gbif","GBIF","eButterfly Surveys","Vermont Center for Ecostudies","Vermont Center for Ecostudies","cc by nc 4.0","Vermont Center for Ecostudies"
"Colias philodice",1939,8,"00:00:00","1939-08-03T00:00:00","abundance",NA,2,45.555293,-73.189867,"gbif","GBIF","eButterfly Surveys","Vermont Center for Ecostudies","Vermont Center for Ecostudies","cc by nc 4.0","Vermont Center for Ecostudies"
"Celastrina lucia",1939,7,"00:00:00","1939-07-01T00:00:00","occurrence",NA,1,46.813878,-71.207981,"gbif","GBIF","eButterfly Surveys","Vermont Center for Ecostudies","Vermont Center for Ecostudies","cc by nc 4.0","Vermont Center for Ecostudies"
"Polygonia progne",1939,7,"00:00:00","1939-07-10T00:00:00","occurrence",NA,1,46.861556,-71.188677,"gbif","GBIF","eButterfly Surveys","Vermont Center for Ecostudies","Vermont Center for Ecostudies","cc by nc 4.0","Vermont Center for Ecostudies"
"Phyciodes cocyta",1939,7,"00:00:00","1939-07-10T00:00:00","occurrence",NA,1,46.929532,-70.931194,"gbif","GBIF","eButterfly Surveys","Vermont Center for Ecostudies","Vermont Center for Ecostudies","cc by nc 4.0","Vermont Center for Ecostudies"
"Cercyonis pegala",1939,8,"00:00:00","1939-08-03T00:00:00","occurrence",NA,1,45.893682,-74.161776,"gbif","GBIF","eButterfly Surveys","Vermont Center for Ecostudies","Vermont Center for Ecostudies","cc by nc 4.0","Vermont Center for Ecostudies"
"Vanessa atalanta",1939,7,"00:00:00","1939-07-11T00:00:00","occurrence",NA,1,45.403229,-72.734066,"gbif","GBIF","eButterfly Surveys","Vermont Center for Ecostudies","Vermont Center for Ecostudies","cc by nc 4.0","Vermont Center for Ecostudies"
"Carterocephalus palaemon",1939,6,"00:00:00","1939-06-28T00:00:00","occurrence",NA,1,46.887939,-71.150535,"gbif","GBIF","eButterfly Surveys","Vermont Center for Ecostudies","Vermont Center for Ecostudies","cc by nc 4.0","Vermont Center for Ecostudies"
"Feniseca tarquinius",1939,6,"00:00:00","1939-06-04T00:00:00","occurrence",NA,1,45.958702,-73.21967,"gbif","GBIF","eButterfly Surveys","Vermont Center for Ecostudies","Vermont Center for Ecostudies","cc by nc 4.0","Vermont Center for Ecostudies"
"Callophrys augustinus",1939,5,"00:00:00","1939-05-24T00:00:00","abundance",NA,6,45.958702,-73.21967,"gbif","GBIF","eButterfly Surveys","Vermont Center for Ecostudies","Vermont Center for Ecostudies","cc by nc 4.0","Vermont Center for Ecostudies"
"Celastrina lucia",1939,6,"00:00:00","1939-06-27T00:00:00","abundance",NA,3,48.348097,-68.802989,"gbif","GBIF","eButterfly Surveys","Vermont Center for Ecostudies","Vermont Center for Ecostudies","cc by nc 4.0","Vermont Center for Ecostudies"
"Plebejus saepiolus",1939,7,"00:00:00","1939-07-08T00:00:00","abundance",NA,2,46.318671,-74.221877,"gbif","GBIF","eButterfly Surveys","Vermont Center for Ecostudies","Vermont Center for Ecostudies","cc by nc 4.0","Vermont Center for Ecostudies"
"Papilio brevicauda",1939,8,"00:00:00","1939-08-19T00:00:00","occurrence",NA,1,48.348097,-68.802989,"gbif","GBIF","eButterfly Surveys","Vermont Center for Ecostudies","Vermont Center for Ecostudies","cc by nc 4.0","Vermont Center for Ecostudies"
"Amblyscirtes vialis",1939,6,"00:00:00","1939-06-11T00:00:00","abundance",NA,2,45.875457,-74.082091,"gbif","GBIF","eButterfly Surveys","Vermont Center for Ecostudies","Vermont Center for Ecostudies","cc by nc 4.0","Vermont Center for Ecostudies"
"Poanes hobomok",1939,6,"00:00:00","1939-06-13T00:00:00","occurrence",NA,1,46.929532,-70.931194,"gbif","GBIF","eButterfly Surveys","Vermont Center for Ecostudies","Vermont Center for Ecostudies","cc by nc 4.0","Vermont Center for Ecostudies"
"Polygonia interrogationis",1939,8,"00:00:00","1939-08-20T00:00:00","occurrence",NA,1,46.861556,-71.188677,"gbif","GBIF","eButterfly Surveys","Vermont Center for Ecostudies","Vermont Center for Ecostudies","cc by nc 4.0","Vermont Center for Ecostudies"
"Nymphalis l-album",1939,7,"00:00:00","1939-07-06T00:00:00","occurrence",NA,1,45.403229,-72.734066,"gbif","GBIF","eButterfly Surveys","Vermont Center for Ecostudies","Vermont Center for Ecostudies","cc by nc 4.0","Vermont Center for Ecostudies"
"Speyeria cybele",1939,8,"00:00:00","1939-08-07T00:00:00","occurrence",NA,1,46.861556,-71.188677,"gbif","GBIF","eButterfly Surveys","Vermont Center for Ecostudies","Vermont Center for Ecostudies","cc by nc 4.0","Vermont Center for Ecostudies"
"Chlosyne nycteis",1939,8,"00:00:00","1939-08-26T00:00:00","abundance",NA,3,45.403229,-72.734066,"gbif","GBIF","eButterfly Surveys","Vermont Center for Ecostudies","Vermont Center for Ecostudies","cc by nc 4.0","Vermont Center for Ecostudies"
"Chlosyne nycteis",1939,7,"00:00:00","1939-07-10T00:00:00","occurrence",NA,1,46.813878,-71.207981,"gbif","GBIF","eButterfly Surveys","Vermont Center for Ecostudies","Vermont Center for Ecostudies","cc by nc 4.0","Vermont Center for Ecostudies"
"Speyeria atlantis",1939,7,"00:00:00","1939-07-15T00:00:00","occurrence",NA,1,47.66198,-71.27573,"gbif","GBIF","Museum of Comparative Zoology, Harvard University","Museum of Comparative Zoology, Harvard University","Museum of Comparative Zoology, Harvard University","cc by nc 4.0","Museum of Comparative Zoology, Harvard University"
"Colias interior",1939,8,"00:00:00","1939-08-01T00:00:00","occurrence",NA,1,47.66198,-71.27573,"gbif","GBIF","Museum of Comparative Zoology, Harvard University","Museum of Comparative Zoology, Harvard University","Museum of Comparative Zoology, Harvard University","cc by nc 4.0","Museum of Comparative Zoology, Harvard University"
"Chlosyne nycteis",1939,6,"00:00:00","1939-06-11T00:00:00","occurrence",NA,1,45.5167,-76.4167,"gbif","GBIF","Canadian National Collection (CNC) of Insects, Arachnids and Nematodes","Canadian Biodiversity Information Facility","Canadian Biodiversity Information Facility","cc by 4.0","Canadian Biodiversity Information Facility"
"Polites themistocles",1939,6,"00:00:00","1939-06-14T00:00:00","occurrence",NA,1,45.5167,-76.4167,"gbif","GBIF","Canadian National Collection (CNC) of Insects, Arachnids and Nematodes","Canadian Biodiversity Information Facility","Canadian Biodiversity Information Facility","cc by 4.0","Canadian Biodiversity Information Facility"
"Chlosyne nycteis",1939,6,"00:00:00","1939-06-25T00:00:00","occurrence",NA,1,45.5167,-76.4167,"gbif","GBIF","Canadian National Collection (CNC) of Insects, Arachnids and Nematodes","Canadian Biodiversity Information Facility","Canadian Biodiversity Information Facility","cc by 4.0","Canadian Biodiversity Information Facility"
"Everes comyntas",1939,1,"00:00:00","1939-01-01T00:00:00","occurrence",NA,1,45.5,-73.5833,"gbif","GBIF","Canadian National Collection (CNC) of Insects, Arachnids and Nematodes","Canadian Biodiversity Information Facility","Canadian Biodiversity Information Facility","cc by 4.0","Canadian Biodiversity Information Facility"
"Polites mystic",1939,6,"00:00:00","1939-06-13T00:00:00","occurrence",NA,1,45.5167,-76.4167,"gbif","GBIF","Canadian National Collection (CNC) of Insects, Arachnids and Nematodes","Canadian Biodiversity Information Facility","Canadian Biodiversity Information Facility","cc by 4.0","Canadian Biodiversity Information Facility"
"Poanes hobomok",1939,6,"00:00:00","1939-06-13T00:00:00","occurrence",NA,1,45.5167,-76.4167,"gbif","GBIF","Canadian National Collection (CNC) of Insects, Arachnids and Nematodes","Canadian Biodiversity Information Facility","Canadian Biodiversity Information Facility","cc by 4.0","Canadian Biodiversity Information Facility"
"Poanes hobomok",1939,6,"00:00:00","1939-06-12T00:00:00","occurrence",NA,1,45.5167,-76.4167,"gbif","GBIF","Canadian National Collection (CNC) of Insects, Arachnids and Nematodes","Canadian Biodiversity Information Facility","Canadian Biodiversity Information Facility","cc by 4.0","Canadian Biodiversity Information Facility"
"Poanes hobomok",1939,6,"00:00:00","1939-06-19T00:00:00","occurrence",NA,1,45.5167,-76.4167,"gbif","GBIF","Canadian National Collection (CNC) of Insects, Arachnids and Nematodes","Canadian Biodiversity Information Facility","Canadian Biodiversity Information Facility","cc by 4.0","Canadian Biodiversity Information Facility"
"Poanes hobomok",1939,6,"00:00:00","1939-06-19T00:00:00","occurrence",NA,1,45.5167,-76.4167,"gbif","GBIF","Canadian National Collection (CNC) of Insects, Arachnids and Nematodes","Canadian Biodiversity Information Facility","Canadian Biodiversity Information Facility","cc by 4.0","Canadian Biodiversity Information Facility"
"Poanes hobomok",1939,6,"00:00:00","1939-06-14T00:00:00","occurrence",NA,1,45.5167,-76.4167,"gbif","GBIF","Canadian National Collection (CNC) of Insects, Arachnids and Nematodes","Canadian Biodiversity Information Facility","Canadian Biodiversity Information Facility","cc by 4.0","Canadian Biodiversity Information Facility"
"Poanes hobomok",1939,6,"00:00:00","1939-06-14T00:00:00","occurrence",NA,1,45.5167,-76.4167,"gbif","GBIF","Canadian National Collection (CNC) of Insects, Arachnids and Nematodes","Canadian Biodiversity Information Facility","Canadian Biodiversity Information Facility","cc by 4.0","Canadian Biodiversity Information Facility"
"Poanes hobomok",1939,6,"00:00:00","1939-06-03T00:00:00","occurrence",NA,1,45.5167,-76.4167,"gbif","GBIF","Canadian National Collection (CNC) of Insects, Arachnids and Nematodes","Canadian Biodiversity Information Facility","Canadian Biodiversity Information Facility","cc by 4.0","Canadian Biodiversity Information Facility"
"Feniseca tarquinius",1939,6,"00:00:00","1939-06-16T00:00:00","occurrence",NA,1,45.5167,-76.4167,"gbif","GBIF","Canadian National Collection (CNC) of Insects, Arachnids and Nematodes","Canadian Biodiversity Information Facility","Canadian Biodiversity Information Facility","cc by 4.0","Canadian Biodiversity Information Facility"
"Feniseca tarquinius",1939,6,"00:00:00","1939-06-25T00:00:00","occurrence",NA,1,45.5167,-76.4167,"gbif","GBIF","Canadian National Collection (CNC) of Insects, Arachnids and Nematodes","Canadian Biodiversity Information Facility","Canadian Biodiversity Information Facility","cc by 4.0","Canadian Biodiversity Information Facility"
"Feniseca tarquinius",1939,6,"00:00:00","1939-06-19T00:00:00","occurrence",NA,1,45.5167,-76.4167,"gbif","GBIF","Canadian National Collection (CNC) of Insects, Arachnids and Nematodes","Canadian Biodiversity Information Facility","Canadian Biodiversity Information Facility","cc by 4.0","Canadian Biodiversity Information Facility"
"Erynnis martialis",1939,6,"00:00:00","1939-06-20T00:00:00","occurrence",NA,1,45.5167,-76.4167,"gbif","GBIF","Canadian National Collection (CNC) of Insects, Arachnids and Nematodes","Canadian Biodiversity Information Facility","Canadian Biodiversity Information Facility","cc by 4.0","Canadian Biodiversity Information Facility"
"Erynnis martialis",1939,6,"00:00:00","1939-06-12T00:00:00","occurrence",NA,1,45.5167,-76.4167,"gbif","GBIF","Canadian National Collection (CNC) of Insects, Arachnids and Nematodes","Canadian Biodiversity Information Facility","Canadian Biodiversity Information Facility","cc by 4.0","Canadian Biodiversity Information Facility"
"Thorybes pylades",1939,6,"00:00:00","1939-06-14T00:00:00","occurrence",NA,1,45.5167,-76.4167,"gbif","GBIF","Canadian National Collection (CNC) of Insects, Arachnids and Nematodes","Canadian Biodiversity Information Facility","Canadian Biodiversity Information Facility","cc by 4.0","Canadian Biodiversity Information Facility"
"Thorybes pylades",1939,6,"00:00:00","1939-06-25T00:00:00","occurrence",NA,1,45.5167,-76.4167,"gbif","GBIF","Canadian National Collection (CNC) of Insects, Arachnids and Nematodes","Canadian Biodiversity Information Facility","Canadian Biodiversity Information Facility","cc by 4.0","Canadian Biodiversity Information Facility"
"Megisto cymela",1939,6,"00:00:00","1939-06-15T00:00:00","occurrence",NA,1,45.5167,-76.4167,"gbif","GBIF","Canadian National Collection (CNC) of Insects, Arachnids and Nematodes","Canadian Biodiversity Information Facility","Canadian Biodiversity Information Facility","cc by 4.0","Canadian Biodiversity Information Facility"
"Megisto cymela",1939,6,"00:00:00","1939-06-12T00:00:00","occurrence",NA,1,45.5167,-76.4167,"gbif","GBIF","Canadian National Collection (CNC) of Insects, Arachnids and Nematodes","Canadian Biodiversity Information Facility","Canadian Biodiversity Information Facility","cc by 4.0","Canadian Biodiversity Information Facility"
"Papilio polyxenes",1939,3,"00:00:00","1939-03-15T00:00:00","occurrence",NA,1,45.3833,-75.8333,"gbif","GBIF","Canadian National Collection (CNC) of Insects, Arachnids and Nematodes","Canadian Biodiversity Information Facility","Canadian Biodiversity Information Facility","cc by 4.0","Canadian Biodiversity Information Facility"
"Colias philodice",1939,9,"00:00:00","1939-09-14T00:00:00","occurrence",NA,1,45.5,-73.5833,"gbif","GBIF","Canadian National Collection (CNC) of Insects, Arachnids and Nematodes","Canadian Biodiversity Information Facility","Canadian Biodiversity Information Facility","cc by 4.0","Canadian Biodiversity Information Facility"
"Chlosyne nycteis",1939,6,"00:00:00","1939-06-19T00:00:00","occurrence",NA,1,45.5167,-76.4167,"gbif","GBIF","Canadian National Collection (CNC) of Insects, Arachnids and Nematodes","Canadian Biodiversity Information Facility","Canadian Biodiversity Information Facility","cc by 4.0","Canadian Biodiversity Information Facility"
"Chlosyne nycteis",1939,6,"00:00:00","1939-06-19T00:00:00","occurrence",NA,1,45.5167,-76.4167,"gbif","GBIF","Canadian National Collection (CNC) of Insects, Arachnids and Nematodes","Canadian Biodiversity Information Facility","Canadian Biodiversity Information Facility","cc by 4.0","Canadian Biodiversity Information Facility"
"Hesperia sassacus",1939,6,"00:00:00","1939-06-13T00:00:00","occurrence",NA,1,45.5167,-76.4167,"gbif","GBIF","Canadian National Collection (CNC) of Insects, Arachnids and Nematodes","Canadian Biodiversity Information Facility","Canadian Biodiversity Information Facility","cc by 4.0","Canadian Biodiversity Information Facility"
"Hesperia sassacus",1939,6,"00:00:00","1939-06-19T00:00:00","occurrence",NA,1,45.5167,-76.4167,"gbif","GBIF","Canadian National Collection (CNC) of Insects, Arachnids and Nematodes","Canadian Biodiversity Information Facility","Canadian Biodiversity Information Facility","cc by 4.0","Canadian Biodiversity Information Facility"
"Hesperia sassacus",1939,6,"00:00:00","1939-06-16T00:00:00","occurrence",NA,1,45.5167,-76.4167,"gbif","GBIF","Canadian National Collection (CNC) of Insects, Arachnids and Nematodes","Canadian Biodiversity Information Facility","Canadian Biodiversity Information Facility","cc by 4.0","Canadian Biodiversity Information Facility"
"Hesperia sassacus",1939,6,"00:00:00","1939-06-16T00:00:00","occurrence",NA,1,45.5167,-76.4167,"gbif","GBIF","Canadian National Collection (CNC) of Insects, Arachnids and Nematodes","Canadian Biodiversity Information Facility","Canadian Biodiversity Information Facility","cc by 4.0","Canadian Biodiversity Information Facility"
"Lycaena phlaeas",1939,6,"00:00:00","1939-06-15T00:00:00","occurrence",NA,1,45.5167,-76.4167,"gbif","GBIF","Canadian National Collection (CNC) of Insects, Arachnids and Nematodes","Canadian Biodiversity Information Facility","Canadian Biodiversity Information Facility","cc by 4.0","Canadian Biodiversity Information Facility"
"Polites mystic",1939,6,"00:00:00","1939-06-20T00:00:00","occurrence",NA,1,45.5167,-76.4167,"gbif","GBIF","Canadian National Collection (CNC) of Insects, Arachnids and Nematodes","Canadian Biodiversity Information Facility","Canadian Biodiversity Information Facility","cc by 4.0","Canadian Biodiversity Information Facility"
"Polites mystic",1939,6,"00:00:00","1939-06-16T00:00:00","occurrence",NA,1,45.5167,-76.4167,"gbif","GBIF","Canadian National Collection (CNC) of Insects, Arachnids and Nematodes","Canadian Biodiversity Information Facility","Canadian Biodiversity Information Facility","cc by 4.0","Canadian Biodiversity Information Facility"
"Polites mystic",1939,6,"00:00:00","1939-06-20T00:00:00","occurrence",NA,1,45.5167,-76.4167,"gbif","GBIF","Canadian National Collection (CNC) of Insects, Arachnids and Nematodes","Canadian Biodiversity Information Facility","Canadian Biodiversity Information Facility","cc by 4.0","Canadian Biodiversity Information Facility"
"Boloria eunomia",1939,6,"00:00:00","1939-06-18T00:00:00","occurrence",NA,1,46.4,-75.0333,"gbif","GBIF","Canadian National Collection (CNC) of Insects, Arachnids and Nematodes","Canadian Biodiversity Information Facility","Canadian Biodiversity Information Facility","cc by 4.0","Canadian Biodiversity Information Facility"
"Phyciodes batesii",1939,6,"00:00:00","1939-06-12T00:00:00","occurrence",NA,1,45.5167,-76.4167,"gbif","GBIF","Canadian National Collection (CNC) of Insects, Arachnids and Nematodes","Canadian Biodiversity Information Facility","Canadian Biodiversity Information Facility","cc by 4.0","Canadian Biodiversity Information Facility"
"Phyciodes batesii",1939,6,"00:00:00","1939-06-15T00:00:00","occurrence",NA,1,45.5167,-76.4167,"gbif","GBIF","Canadian National Collection (CNC) of Insects, Arachnids and Nematodes","Canadian Biodiversity Information Facility","Canadian Biodiversity Information Facility","cc by 4.0","Canadian Biodiversity Information Facility"
"Phyciodes batesii",1939,6,"00:00:00","1939-06-19T00:00:00","occurrence",NA,1,45.5167,-76.4167,"gbif","GBIF","Canadian National Collection (CNC) of Insects, Arachnids and Nematodes","Canadian Biodiversity Information Facility","Canadian Biodiversity Information Facility","cc by 4.0","Canadian Biodiversity Information Facility"
"Acleris variana",1939,8,"00:00:00","1939-08-05T00:00:00","occurrence",NA,1,48.5,-68.266667,"gbif","GBIF","University of Minnesota Insect Collection","University of Minnesota Insect Collection","University of Minnesota Insect Collection","cc0 1.0","University of Minnesota Insect Collection"
"Phyciodes cocyta",1939,7,"","1939-07-14","presence",NA,1,39.114,-76.8627,"ebutterfly","Maxim Larrivée, Jeremy Kerr, Kent McFarland and Katy Prudic","eButterfly","ebutterfly","eButterfly","","eButterfly"
"Plebejus saepiolus",1939,6,"","1939-06-14","presence",NA,1,44.9658,-79.9123,"ebutterfly","Maxim Larrivée, Jeremy Kerr, Kent McFarland and Katy Prudic","eButterfly","ebutterfly","eButterfly","","eButterfly"
"Glaucopsyche lygdamus",1939,5,"","1939-05-31","presence",NA,1,44.9658,-79.9123,"ebutterfly","Maxim Larrivée, Jeremy Kerr, Kent McFarland and Katy Prudic","eButterfly","ebutterfly","eButterfly","","eButterfly"
"Polites themistocles",1939,7,"","1939-07-01","presence",NA,1,45.1966,-74.5731,"ebutterfly","Maxim Larrivée, Jeremy Kerr, Kent McFarland and Katy Prudic","eButterfly","ebutterfly","eButterfly","","eButterfly"
"Glaucopsyche lygdamus",1939,6,"","1939-06-01","presence",NA,1,44.9696,-79.919,"ebutterfly","Maxim Larrivée, Jeremy Kerr, Kent McFarland and Katy Prudic","eButterfly","ebutterfly","eButterfly","","eButterfly"
"Celastrina lucia",1939,2,"","1939-02-16","presence",NA,1,44.9658,-79.9123,"ebutterfly","Maxim Larrivée, Jeremy Kerr, Kent McFarland and Katy Prudic","eButterfly","ebutterfly","eButterfly","","eButterfly"
"Celastrina lucia",1939,5,"","1939-05-22","presence",NA,1,44.9658,-79.9123,"ebutterfly","Maxim Larrivée, Jeremy Kerr, Kent McFarland and Katy Prudic","eButterfly","ebutterfly","eButterfly","","eButterfly"
"Euchloe olympia",1939,5,"","1939-05-22","presence",NA,1,44.9658,-79.9123,"ebutterfly","Maxim Larrivée, Jeremy Kerr, Kent McFarland and Katy Prudic","eButterfly","ebutterfly","eButterfly","","eButterfly"
"Lycaena hyllus",1939,7,"","1939-07-07","presence",NA,1,44.9658,-79.9123,"ebutterfly","Maxim Larrivée, Jeremy Kerr, Kent McFarland and Katy Prudic","eButterfly","ebutterfly","eButterfly","","eButterfly"
"Speyeria atlantis",1939,7,"","1939-07-03","presence",NA,1,44.9658,-79.9123,"ebutterfly","Maxim Larrivée, Jeremy Kerr, Kent McFarland and Katy Prudic","eButterfly","ebutterfly","eButterfly","","eButterfly"
"Cercyonis pegala",1939,7,"","1939-07-05","presence",NA,1,43.313,-81.7562,"ebutterfly","Maxim Larrivée, Jeremy Kerr, Kent McFarland and Katy Prudic","eButterfly","ebutterfly","eButterfly","","eButterfly"
"Aglais milberti",1939,8,"","1939-08-19","presence",NA,1,44.4043,-78.7677,"ebutterfly","Maxim Larrivée, Jeremy Kerr, Kent McFarland and Katy Prudic","eButterfly","ebutterfly","eButterfly","","eButterfly"
"Callophrys augustinus",1939,5,"","1939-05-22","presence",NA,1,44.9658,-79.9123,"ebutterfly","Maxim Larrivée, Jeremy Kerr, Kent McFarland and Katy Prudic","eButterfly","ebutterfly","eButterfly","","eButterfly"
"Speyeria atlantis",1939,7,"","1939-07-04","presence",NA,1,44.9658,-79.9123,"ebutterfly","Maxim Larrivée, Jeremy Kerr, Kent McFarland and Katy Prudic","eButterfly","ebutterfly","eButterfly","","eButterfly"
"Limenitis archippus",1939,8,"","1939-08-11","presence",NA,1,39.2631,-79.4052,"ebutterfly","Maxim Larrivée, Jeremy Kerr, Kent McFarland and Katy Prudic","eButterfly","ebutterfly","eButterfly","","eButterfly"
"Carterocephalus palaemon",1939,7,"","1939-07-01","presence",NA,1,39.7329,-75.1316,"ebutterfly","Maxim Larrivée, Jeremy Kerr, Kent McFarland and Katy Prudic","eButterfly","ebutterfly","eButterfly","","eButterfly"
"Oeneis chryxus",1939,5,"","1939-05-24","presence",NA,1,44.8167,-78.7667,"ebutterfly","Maxim Larrivée, Jeremy Kerr, Kent McFarland and Katy Prudic","eButterfly","ebutterfly","eButterfly","","eButterfly"
"Phyciodes batesii",1939,7,"","1939-07-21","presence",NA,1,43.313,-81.7562,"ebutterfly","Maxim Larrivée, Jeremy Kerr, Kent McFarland and Katy Prudic","eButterfly","ebutterfly","eButterfly","","eButterfly"
"Coenonympha inornata",1939,6,"","1939-06-10","presence",NA,1,46.0159,-77.4523,"ebutterfly","Maxim Larrivée, Jeremy Kerr, Kent McFarland and Katy Prudic","eButterfly","ebutterfly","eButterfly","","eButterfly"
"Plebejus saepiolus",1939,6,"","1939-06-13","presence",NA,1,44.9658,-79.9123,"ebutterfly","Maxim Larrivée, Jeremy Kerr, Kent McFarland and Katy Prudic","eButterfly","ebutterfly","eButterfly","","eButterfly"
"Plebejus saepiolus",1939,7,"","1939-07-05","presence",NA,1,44.9658,-79.9123,"ebutterfly","Maxim Larrivée, Jeremy Kerr, Kent McFarland and Katy Prudic","eButterfly","ebutterfly","eButterfly","","eButterfly"
"Speyeria aphrodite",1939,6,"","1939-06-20","presence",NA,1,44.9658,-79.9123,"ebutterfly","Maxim Larrivée, Jeremy Kerr, Kent McFarland and Katy Prudic","eButterfly","ebutterfly","eButterfly","","eButterfly"
"Speyeria atlantis",1939,7,"","1939-07-11","presence",NA,1,44.9658,-79.9123,"ebutterfly","Maxim Larrivée, Jeremy Kerr, Kent McFarland and Katy Prudic","eButterfly","ebutterfly","eButterfly","","eButterfly"
