"observed_scientific_name","year_obs","day_obs","time_obs","dwc_event_date","obs_variable","obs_unit","obs_value","lat","lon","original_source","creator","title","publisher","intellectual_rights","license","owner"
"Polites themistocles",1943,7,"00:00:00","1943-07-25T00:00:00","presence",NA,1,45.623,-73.6516,"ebutterfly","Maxim Larrivée, Jeremy Kerr, Kent McFarland and Katy Prudic","eButterfly","ebutterfly","eButterfly","","eButterfly"
"Euphyes vestris",1943,6,"00:00:00","1943-06-29T00:00:00","presence",NA,1,45.623,-73.6516,"ebutterfly","Maxim Larrivée, Jeremy Kerr, Kent McFarland and Katy Prudic","eButterfly","ebutterfly","eButterfly","","eButterfly"
"Lycaena hyllus",1943,7,"00:00:00","1943-07-14T00:00:00","presence",NA,1,45.4792,-74.3023,"ebutterfly","Maxim Larrivée, Jeremy Kerr, Kent McFarland and Katy Prudic","eButterfly","ebutterfly","eButterfly","","eButterfly"
"Lycaena hyllus",1943,8,"00:00:00","1943-08-29T00:00:00","presence",NA,1,45.9587,-73.2197,"ebutterfly","Maxim Larrivée, Jeremy Kerr, Kent McFarland and Katy Prudic","eButterfly","ebutterfly","eButterfly","","eButterfly"
"Speyeria aphrodite",1943,7,"","1943-07-01","presence",NA,1,47.5258,-69.8046,"ebutterfly","Maxim Larrivée, Jeremy Kerr, Kent McFarland and Katy Prudic","eButterfly","ebutterfly","eButterfly","","eButterfly"
"Aglais milberti",1943,10,"","1943-10-01","presence",NA,1,47.5258,-69.8046,"ebutterfly","Maxim Larrivée, Jeremy Kerr, Kent McFarland and Katy Prudic","eButterfly","ebutterfly","eButterfly","","eButterfly"
"Colias eurytheme",1943,8,"","1943-08-04","presence",NA,1,45.0475,-73.5845,"ebutterfly","Maxim Larrivée, Jeremy Kerr, Kent McFarland and Katy Prudic","eButterfly","ebutterfly","eButterfly","","eButterfly"
"Lethe eurydice",1943,8,"","1943-08-01","presence",NA,1,47.5258,-69.8046,"ebutterfly","Maxim Larrivée, Jeremy Kerr, Kent McFarland and Katy Prudic","eButterfly","ebutterfly","eButterfly","","eButterfly"
"Pieris oleracea",1943,8,"","1943-08-05","presence",NA,1,45.0475,-73.5845,"ebutterfly","Maxim Larrivée, Jeremy Kerr, Kent McFarland and Katy Prudic","eButterfly","ebutterfly","eButterfly","","eButterfly"
"Junonia coenia",1943,8,"","1943-08-07","presence",NA,1,46.8139,-71.208,"ebutterfly","Maxim Larrivée, Jeremy Kerr, Kent McFarland and Katy Prudic","eButterfly","ebutterfly","eButterfly","","eButterfly"
"Lycaena hyllus",1943,8,"","1943-08-29","presence",NA,1,45.9587,-73.2197,"ebutterfly","Maxim Larrivée, Jeremy Kerr, Kent McFarland and Katy Prudic","eButterfly","ebutterfly","eButterfly","","eButterfly"
"Erynnis martialis",1943,6,"","1943-06-14","presence",NA,1,45.4947,-74.025,"ebutterfly","Maxim Larrivée, Jeremy Kerr, Kent McFarland and Katy Prudic","eButterfly","ebutterfly","eButterfly","","eButterfly"
"Megisto cymela",1943,6,"","1943-06-20","presence",NA,1,45.5017,-73.5673,"ebutterfly","Maxim Larrivée, Jeremy Kerr, Kent McFarland and Katy Prudic","eButterfly","ebutterfly","eButterfly","","eButterfly"
"Colias philodice",1943,9,"","1943-09-05","presence",NA,1,45.5017,-73.5673,"ebutterfly","Maxim Larrivée, Jeremy Kerr, Kent McFarland and Katy Prudic","eButterfly","ebutterfly","eButterfly","","eButterfly"
"Poanes hobomok",1943,6,"","1943-06-20","presence",NA,1,45.5017,-73.5673,"ebutterfly","Maxim Larrivée, Jeremy Kerr, Kent McFarland and Katy Prudic","eButterfly","ebutterfly","eButterfly","","eButterfly"
"Junonia coenia",1943,8,"","1943-08-07","presence",NA,1,46.8139,-71.208,"ebutterfly","Maxim Larrivée, Jeremy Kerr, Kent McFarland and Katy Prudic","eButterfly","ebutterfly","eButterfly","","eButterfly"
"Carterocephalus palaemon",1943,6,"","1943-06-20","presence",NA,1,45.5017,-73.5673,"ebutterfly","Maxim Larrivée, Jeremy Kerr, Kent McFarland and Katy Prudic","eButterfly","ebutterfly","eButterfly","","eButterfly"
"Colias eurytheme",1943,8,"","1943-08-29","presence",NA,1,45.9587,-73.2197,"ebutterfly","Maxim Larrivée, Jeremy Kerr, Kent McFarland and Katy Prudic","eButterfly","ebutterfly","eButterfly","","eButterfly"
"Lycaena phlaeas",1943,7,"","1943-07-18","presence",NA,1,45.7522,-74.2591,"ebutterfly","Maxim Larrivée, Jeremy Kerr, Kent McFarland and Katy Prudic","eButterfly","ebutterfly","eButterfly","","eButterfly"
"Colias philodice",1943,8,"","1943-08-04","presence",NA,1,45.0475,-73.5845,"ebutterfly","Maxim Larrivée, Jeremy Kerr, Kent McFarland and Katy Prudic","eButterfly","ebutterfly","eButterfly","","eButterfly"
"Cupido comyntas",1943,8,"","1943-08-05","presence",NA,1,45.0475,-73.5845,"ebutterfly","Maxim Larrivée, Jeremy Kerr, Kent McFarland and Katy Prudic","eButterfly","ebutterfly","eButterfly","","eButterfly"
"Vanessa atalanta",1943,9,"","1943-09-01","presence",NA,1,47.5258,-69.8046,"ebutterfly","Maxim Larrivée, Jeremy Kerr, Kent McFarland and Katy Prudic","eButterfly","ebutterfly","eButterfly","","eButterfly"
"Erynnis martialis",1943,6,"","1943-06-14","presence",NA,1,45.4954,-74.0284,"ebutterfly","Maxim Larrivée, Jeremy Kerr, Kent McFarland and Katy Prudic","eButterfly","ebutterfly","eButterfly","","eButterfly"
"Papilio polyxenes",1943,9,"00:00:00","1943-09-10T00:00:00","presence",NA,1,45.2429,-74.246,"ebutterfly","Maxim Larrivée, Jeremy Kerr, Kent McFarland and Katy Prudic","eButterfly","ebutterfly","eButterfly","","eButterfly"
"Polites mystic",1943,7,"00:00:00","1943-07-29T00:00:00","presence",NA,1,45.623,-73.6516,"ebutterfly","Maxim Larrivée, Jeremy Kerr, Kent McFarland and Katy Prudic","eButterfly","ebutterfly","eButterfly","","eButterfly"
"Aglais milberti",1943,10,"00:00:00","1943-10-03T00:00:00","presence",NA,1,45.5017,-73.5673,"ebutterfly","Maxim Larrivée, Jeremy Kerr, Kent McFarland and Katy Prudic","eButterfly","ebutterfly","eButterfly","","eButterfly"
"Colias eurytheme",1943,9,"00:00:00","1943-09-05T00:00:00","presence",NA,1,45.5017,-73.5673,"ebutterfly","Maxim Larrivée, Jeremy Kerr, Kent McFarland and Katy Prudic","eButterfly","ebutterfly","eButterfly","","eButterfly"
"Danaus plexippus",1943,7,"00:00:00","1943-07-08T00:00:00","presence",NA,1,45.0555,-72.8375,"ebutterfly","Maxim Larrivée, Jeremy Kerr, Kent McFarland and Katy Prudic","eButterfly","ebutterfly","eButterfly","","eButterfly"
"Polites themistocles",1943,7,"00:00:00","1943-07-25T00:00:00","occurrence",NA,1,45.622968,-73.651612,"gbif","GBIF","eButterfly Surveys","Vermont Center for Ecostudies","Vermont Center for Ecostudies","cc by nc 4.0","Vermont Center for Ecostudies"
"Lycaena hyllus",1943,8,"00:00:00","1943-08-29T00:00:00","abundance",NA,2,45.958702,-73.21967,"gbif","GBIF","eButterfly Surveys","Vermont Center for Ecostudies","Vermont Center for Ecostudies","cc by nc 4.0","Vermont Center for Ecostudies"
"Nymphalis l-album",1943,9,"00:00:00","1943-09-01T00:00:00","occurrence",NA,1,47.525844,-69.804579,"gbif","GBIF","eButterfly Surveys","Vermont Center for Ecostudies","Vermont Center for Ecostudies","cc by nc 4.0","Vermont Center for Ecostudies"
"Aglais milberti",1943,10,"00:00:00","1943-10-03T00:00:00","occurrence",NA,1,45.501689,-73.567256,"gbif","GBIF","eButterfly Surveys","Vermont Center for Ecostudies","Vermont Center for Ecostudies","cc by nc 4.0","Vermont Center for Ecostudies"
"Euphyes vestris",1943,6,"00:00:00","1943-06-29T00:00:00","occurrence",NA,1,45.622968,-73.651612,"gbif","GBIF","eButterfly Surveys","Vermont Center for Ecostudies","Vermont Center for Ecostudies","cc by nc 4.0","Vermont Center for Ecostudies"
"Polites mystic",1943,7,"00:00:00","1943-07-29T00:00:00","occurrence",NA,1,45.622968,-73.651612,"gbif","GBIF","eButterfly Surveys","Vermont Center for Ecostudies","Vermont Center for Ecostudies","cc by nc 4.0","Vermont Center for Ecostudies"
"Colias philodice",1943,9,"00:00:00","1943-09-05T00:00:00","occurrence",NA,1,45.501689,-73.567256,"gbif","GBIF","eButterfly Surveys","Vermont Center for Ecostudies","Vermont Center for Ecostudies","cc by nc 4.0","Vermont Center for Ecostudies"
"Carterocephalus palaemon",1943,6,"00:00:00","1943-06-20T00:00:00","occurrence",NA,1,45.501689,-73.567256,"gbif","GBIF","eButterfly Surveys","Vermont Center for Ecostudies","Vermont Center for Ecostudies","cc by nc 4.0","Vermont Center for Ecostudies"
"Nymphalis l-album",1943,9,"00:00:00","1943-09-01T00:00:00","occurrence",NA,1,47.525844,-69.804579,"gbif","GBIF","eButterfly Surveys","Vermont Center for Ecostudies","Vermont Center for Ecostudies","cc by nc 4.0","Vermont Center for Ecostudies"
"Vanessa atalanta",1943,9,"00:00:00","1943-09-01T00:00:00","occurrence",NA,1,47.525844,-69.804579,"gbif","GBIF","eButterfly Surveys","Vermont Center for Ecostudies","Vermont Center for Ecostudies","cc by nc 4.0","Vermont Center for Ecostudies"
"Poanes hobomok",1943,6,"00:00:00","1943-06-20T00:00:00","occurrence",NA,1,45.501689,-73.567256,"gbif","GBIF","eButterfly Surveys","Vermont Center for Ecostudies","Vermont Center for Ecostudies","cc by nc 4.0","Vermont Center for Ecostudies"
"Lethe eurydice",1943,8,"00:00:00","1943-08-01T00:00:00","occurrence",NA,1,47.525844,-69.804579,"gbif","GBIF","eButterfly Surveys","Vermont Center for Ecostudies","Vermont Center for Ecostudies","cc by nc 4.0","Vermont Center for Ecostudies"
"Megisto cymela",1943,6,"00:00:00","1943-06-20T00:00:00","abundance",NA,2,45.501689,-73.567256,"gbif","GBIF","eButterfly Surveys","Vermont Center for Ecostudies","Vermont Center for Ecostudies","cc by nc 4.0","Vermont Center for Ecostudies"
"Cupido comyntas",1943,8,"00:00:00","1943-08-05T00:00:00","occurrence",NA,1,45.047497,-73.584455,"gbif","GBIF","eButterfly Surveys","Vermont Center for Ecostudies","Vermont Center for Ecostudies","cc by nc 4.0","Vermont Center for Ecostudies"
"Junonia coenia",1943,8,"00:00:00","1943-08-07T00:00:00","occurrence",NA,1,46.813878,-71.207981,"gbif","GBIF","eButterfly Surveys","Vermont Center for Ecostudies","Vermont Center for Ecostudies","cc by nc 4.0","Vermont Center for Ecostudies"
"Speyeria aphrodite",1943,7,"00:00:00","1943-07-01T00:00:00","abundance",NA,2,47.525844,-69.804579,"gbif","GBIF","eButterfly Surveys","Vermont Center for Ecostudies","Vermont Center for Ecostudies","cc by nc 4.0","Vermont Center for Ecostudies"
"Erynnis martialis",1943,6,"00:00:00","1943-06-14T00:00:00","occurrence",NA,1,45.495401,-74.028414,"gbif","GBIF","eButterfly Surveys","Vermont Center for Ecostudies","Vermont Center for Ecostudies","cc by nc 4.0","Vermont Center for Ecostudies"
"Colias eurytheme",1943,8,"00:00:00","1943-08-29T00:00:00","occurrence",NA,1,45.958702,-73.21967,"gbif","GBIF","eButterfly Surveys","Vermont Center for Ecostudies","Vermont Center for Ecostudies","cc by nc 4.0","Vermont Center for Ecostudies"
"Erynnis martialis",1943,6,"00:00:00","1943-06-14T00:00:00","occurrence",NA,1,45.4947,-74.025,"gbif","GBIF","eButterfly Surveys","Vermont Center for Ecostudies","Vermont Center for Ecostudies","cc by nc 4.0","Vermont Center for Ecostudies"
"Colias eurytheme",1943,8,"00:00:00","1943-08-04T00:00:00","abundance",NA,10,45.047497,-73.584455,"gbif","GBIF","eButterfly Surveys","Vermont Center for Ecostudies","Vermont Center for Ecostudies","cc by nc 4.0","Vermont Center for Ecostudies"
"Colias philodice",1943,8,"00:00:00","1943-08-04T00:00:00","occurrence",NA,1,45.047497,-73.584455,"gbif","GBIF","eButterfly Surveys","Vermont Center for Ecostudies","Vermont Center for Ecostudies","cc by nc 4.0","Vermont Center for Ecostudies"
"Junonia coenia",1943,8,"00:00:00","1943-08-07T00:00:00","occurrence",NA,1,46.813878,-71.207981,"gbif","GBIF","eButterfly Surveys","Vermont Center for Ecostudies","Vermont Center for Ecostudies","cc by nc 4.0","Vermont Center for Ecostudies"
"Lycaena phlaeas",1943,7,"00:00:00","1943-07-01T00:00:00","occurrence",NA,1,45.7519,-74.2564,"gbif","GBIF","Lyman Entomological Museum","Canadian Biodiversity Information Facility","Canadian Biodiversity Information Facility","cc0 1.0","Canadian Biodiversity Information Facility"
"Carterocephalus palaemon",1943,6,"00:00:00","1943-06-20T00:00:00","occurrence",NA,1,45.5,-73.5833,"gbif","GBIF","Lyman Entomological Museum","Canadian Biodiversity Information Facility","Canadian Biodiversity Information Facility","cc0 1.0","Canadian Biodiversity Information Facility"
"Colias philodice",1943,9,"00:00:00","1943-09-05T00:00:00","occurrence",NA,1,45.5,-73.5833,"gbif","GBIF","Lyman Entomological Museum","Canadian Biodiversity Information Facility","Canadian Biodiversity Information Facility","cc0 1.0","Canadian Biodiversity Information Facility"
"Megisto cymela",1943,6,"00:00:00","1943-06-20T00:00:00","occurrence",NA,1,45.5,-73.5833,"gbif","GBIF","Lyman Entomological Museum","Canadian Biodiversity Information Facility","Canadian Biodiversity Information Facility","cc0 1.0","Canadian Biodiversity Information Facility"
"Lycaenidae",1943,8,"00:00:00","1943-08-29T00:00:00","occurrence",NA,1,45.9667,-73.2167,"gbif","GBIF","Lyman Entomological Museum","Canadian Biodiversity Information Facility","Canadian Biodiversity Information Facility","cc0 1.0","Canadian Biodiversity Information Facility"
"Colias eurytheme",1943,8,"00:00:00","1943-08-29T00:00:00","occurrence",NA,1,45.9667,-73.2167,"gbif","GBIF","Lyman Entomological Museum","Canadian Biodiversity Information Facility","Canadian Biodiversity Information Facility","cc0 1.0","Canadian Biodiversity Information Facility"
"Poanes hobomok",1943,6,"00:00:00","1943-06-20T00:00:00","occurrence",NA,1,45.5,-73.5833,"gbif","GBIF","Lyman Entomological Museum","Canadian Biodiversity Information Facility","Canadian Biodiversity Information Facility","cc0 1.0","Canadian Biodiversity Information Facility"
"Glaucopsyche",1943,7,"00:00:00","1943-07-10T00:00:00","occurrence",NA,1,56.84,-68.855,"gbif","GBIF","International Barcode of Life project (iBOL)","The International Barcode of Life Consortium","The International Barcode of Life Consortium","cc by 4.0","The International Barcode of Life Consortium"
"Colias eurytheme",1943,9,"00:00:00","1943-09-05T00:00:00","abundance",NA,2,45.501689,-73.567256,"gbif","GBIF","eButterfly Surveys","Vermont Center for Ecostudies","Vermont Center for Ecostudies","cc by nc 4.0","Vermont Center for Ecostudies"
"Lycaena hyllus",1943,8,"00:00:00","1943-08-29T00:00:00","occurrence",NA,1,45.958702,-73.21967,"gbif","GBIF","eButterfly Surveys","Vermont Center for Ecostudies","Vermont Center for Ecostudies","cc by nc 4.0","Vermont Center for Ecostudies"
"Danaus plexippus",1943,7,"00:00:00","1943-07-08T00:00:00","occurrence",NA,1,45.055473,-72.837506,"gbif","GBIF","eButterfly Surveys","Vermont Center for Ecostudies","Vermont Center for Ecostudies","cc by nc 4.0","Vermont Center for Ecostudies"
"Aglais milberti",1943,10,"00:00:00","1943-10-01T00:00:00","occurrence",NA,1,47.525844,-69.804579,"gbif","GBIF","eButterfly Surveys","Vermont Center for Ecostudies","Vermont Center for Ecostudies","cc by nc 4.0","Vermont Center for Ecostudies"
"Erynnis martialis",1943,6,"00:00:00","1943-06-14T00:00:00","occurrence",NA,1,45.495401,-74.028414,"gbif","GBIF","eButterfly Surveys","Vermont Center for Ecostudies","Vermont Center for Ecostudies","cc by nc 4.0","Vermont Center for Ecostudies"
"Lycaena hyllus",1943,7,"00:00:00","1943-07-14T00:00:00","occurrence",NA,1,45.479233,-74.302298,"gbif","GBIF","eButterfly Surveys","Vermont Center for Ecostudies","Vermont Center for Ecostudies","cc by nc 4.0","Vermont Center for Ecostudies"
"Lycaena phlaeas",1943,7,"00:00:00","1943-07-18T00:00:00","occurrence",NA,1,45.752173,-74.259102,"gbif","GBIF","eButterfly Surveys","Vermont Center for Ecostudies","Vermont Center for Ecostudies","cc by nc 4.0","Vermont Center for Ecostudies"
"Pieris oleracea",1943,8,"00:00:00","1943-08-05T00:00:00","occurrence",NA,1,45.047497,-73.584455,"gbif","GBIF","eButterfly Surveys","Vermont Center for Ecostudies","Vermont Center for Ecostudies","cc by nc 4.0","Vermont Center for Ecostudies"
"Boloria freija",1943,7,"00:00:00","1943-07-10T00:00:00","occurrence",NA,1,56.8333,-68.95,"gbif","GBIF","Canadian National Collection (CNC) of Insects, Arachnids and Nematodes","Canadian Biodiversity Information Facility","Canadian Biodiversity Information Facility","cc by 4.0","Canadian Biodiversity Information Facility"
"Satyrium caryaevorus",1943,6,"00:00:00","1943-06-27T00:00:00","occurrence",NA,1,45.3833,-75.8333,"gbif","GBIF","Canadian National Collection (CNC) of Insects, Arachnids and Nematodes","Canadian Biodiversity Information Facility","Canadian Biodiversity Information Facility","cc by 4.0","Canadian Biodiversity Information Facility"
"Satyrium caryaevorus",1943,6,"00:00:00","1943-06-27T00:00:00","occurrence",NA,1,45.3833,-75.8333,"gbif","GBIF","Canadian National Collection (CNC) of Insects, Arachnids and Nematodes","Canadian Biodiversity Information Facility","Canadian Biodiversity Information Facility","cc by 4.0","Canadian Biodiversity Information Facility"
"Glaucopsyche lygdamus",1943,7,"00:00:00","1943-07-10T00:00:00","occurrence",NA,1,56.8333,-68.95,"gbif","GBIF","Canadian National Collection (CNC) of Insects, Arachnids and Nematodes","Canadian Biodiversity Information Facility","Canadian Biodiversity Information Facility","cc by 4.0","Canadian Biodiversity Information Facility"
"Oeneis uhleri",1943,5,"","1943-05-21","presence",NA,1,49.9066,-109.4802,"ebutterfly","Maxim Larrivée, Jeremy Kerr, Kent McFarland and Katy Prudic","eButterfly","ebutterfly","eButterfly","","eButterfly"
"Colias philodice",1943,5,"","1943-05-24","presence",NA,1,49.9066,-109.4802,"ebutterfly","Maxim Larrivée, Jeremy Kerr, Kent McFarland and Katy Prudic","eButterfly","ebutterfly","eButterfly","","eButterfly"
"Colias philodice",1943,5,"","1943-05-25","presence",NA,1,49.9066,-109.4802,"ebutterfly","Maxim Larrivée, Jeremy Kerr, Kent McFarland and Katy Prudic","eButterfly","ebutterfly","eButterfly","","eButterfly"
"Colias philodice",1943,5,"","1943-05-27","presence",NA,1,49.9066,-109.4802,"ebutterfly","Maxim Larrivée, Jeremy Kerr, Kent McFarland and Katy Prudic","eButterfly","ebutterfly","eButterfly","","eButterfly"
"Colias philodice",1943,5,"","1943-05-26","presence",NA,1,49.9066,-109.4802,"ebutterfly","Maxim Larrivée, Jeremy Kerr, Kent McFarland and Katy Prudic","eButterfly","ebutterfly","eButterfly","","eButterfly"
"Colias philodice",1943,5,"","1943-05-21","presence",NA,1,49.9066,-109.4802,"ebutterfly","Maxim Larrivée, Jeremy Kerr, Kent McFarland and Katy Prudic","eButterfly","ebutterfly","eButterfly","","eButterfly"
"Pieris rapae",1943,5,"","1943-05-25","presence",NA,1,49.9066,-109.4802,"ebutterfly","Maxim Larrivée, Jeremy Kerr, Kent McFarland and Katy Prudic","eButterfly","ebutterfly","eButterfly","","eButterfly"
"Oeneis uhleri",1943,5,"","1943-05-28","presence",NA,1,49.9066,-109.4802,"ebutterfly","Maxim Larrivée, Jeremy Kerr, Kent McFarland and Katy Prudic","eButterfly","ebutterfly","eButterfly","","eButterfly"
"Euchloe olympia",1943,5,"","1943-05-25","presence",NA,1,49.9066,-109.4802,"ebutterfly","Maxim Larrivée, Jeremy Kerr, Kent McFarland and Katy Prudic","eButterfly","ebutterfly","eButterfly","","eButterfly"
