"observed_scientific_name","year_obs","day_obs","time_obs","dwc_event_date","obs_variable","obs_unit","obs_value","lat","lon","original_source","creator","title","publisher","intellectual_rights","license","owner"
"Coenonympha inornata",1945,6,"00:00:00","1945-06-08T00:00:00","presence",NA,1,45.4792,-74.3023,"ebutterfly","Maxim Larrivée, Jeremy Kerr, Kent McFarland and Katy Prudic","eButterfly","ebutterfly","eButterfly","","eButterfly"
"Pieris rapae",1945,9,"00:00:00","1945-09-14T00:00:00","presence",NA,1,45.4792,-74.3023,"ebutterfly","Maxim Larrivée, Jeremy Kerr, Kent McFarland and Katy Prudic","eButterfly","ebutterfly","eButterfly","","eButterfly"
"Pieris rapae",1945,9,"00:00:00","1945-09-11T00:00:00","presence",NA,1,45.4792,-74.3023,"ebutterfly","Maxim Larrivée, Jeremy Kerr, Kent McFarland and Katy Prudic","eButterfly","ebutterfly","eButterfly","","eButterfly"
"Pieris rapae",1945,9,"00:00:00","1945-09-13T00:00:00","presence",NA,1,45.4792,-74.3023,"ebutterfly","Maxim Larrivée, Jeremy Kerr, Kent McFarland and Katy Prudic","eButterfly","ebutterfly","eButterfly","","eButterfly"
"Polites themistocles",1945,6,"00:00:00","1945-06-08T00:00:00","presence",NA,1,45.4792,-74.3023,"ebutterfly","Maxim Larrivée, Jeremy Kerr, Kent McFarland and Katy Prudic","eButterfly","ebutterfly","eButterfly","","eButterfly"
"Callophrys niphon",1945,5,"00:00:00","1945-05-03T00:00:00","presence",NA,1,45.4792,-74.3023,"ebutterfly","Maxim Larrivée, Jeremy Kerr, Kent McFarland and Katy Prudic","eButterfly","ebutterfly","eButterfly","","eButterfly"
"Cercyonis pegala",1945,7,"00:00:00","1945-07-21T00:00:00","presence",NA,1,45.5017,-73.5673,"ebutterfly","Maxim Larrivée, Jeremy Kerr, Kent McFarland and Katy Prudic","eButterfly","ebutterfly","eButterfly","","eButterfly"
"Lethe anthedon",1945,8,"00:00:00","1945-08-21T00:00:00","presence",NA,1,45.4792,-74.3023,"ebutterfly","Maxim Larrivée, Jeremy Kerr, Kent McFarland and Katy Prudic","eButterfly","ebutterfly","eButterfly","","eButterfly"
"Polygonia comma",1945,9,"00:00:00","1945-09-06T00:00:00","presence",NA,1,45.4792,-74.3023,"ebutterfly","Maxim Larrivée, Jeremy Kerr, Kent McFarland and Katy Prudic","eButterfly","ebutterfly","eButterfly","","eButterfly"
"Celastrina neglecta",1945,9,"00:00:00","1945-09-03T00:00:00","presence",NA,1,45.9587,-73.2197,"ebutterfly","Maxim Larrivée, Jeremy Kerr, Kent McFarland and Katy Prudic","eButterfly","ebutterfly","eButterfly","","eButterfly"
"Vanessa cardui",1945,9,"00:00:00","1945-09-30T00:00:00","presence",NA,1,45.4792,-74.3023,"ebutterfly","Maxim Larrivée, Jeremy Kerr, Kent McFarland and Katy Prudic","eButterfly","ebutterfly","eButterfly","","eButterfly"
"Callophrys augustinus",1945,6,"00:00:00","1945-06-10T00:00:00","presence",NA,1,46.3906,-75.0296,"ebutterfly","Maxim Larrivée, Jeremy Kerr, Kent McFarland and Katy Prudic","eButterfly","ebutterfly","eButterfly","","eButterfly"
"Lycaena phlaeas",1945,9,"00:00:00","1945-09-03T00:00:00","presence",NA,1,45.9587,-73.2197,"ebutterfly","Maxim Larrivée, Jeremy Kerr, Kent McFarland and Katy Prudic","eButterfly","ebutterfly","eButterfly","","eButterfly"
"Lycaena phlaeas",1945,6,"00:00:00","1945-06-03T00:00:00","presence",NA,1,45.4792,-74.3023,"ebutterfly","Maxim Larrivée, Jeremy Kerr, Kent McFarland and Katy Prudic","eButterfly","ebutterfly","eButterfly","","eButterfly"
"Aglais milberti",1945,8,"","1945-08-01","presence",NA,1,46.8139,-71.208,"ebutterfly","Maxim Larrivée, Jeremy Kerr, Kent McFarland and Katy Prudic","eButterfly","ebutterfly","eButterfly","","eButterfly"
"Colias eurytheme",1945,9,"","1945-09-22","presence",NA,1,45.5017,-73.5673,"ebutterfly","Maxim Larrivée, Jeremy Kerr, Kent McFarland and Katy Prudic","eButterfly","ebutterfly","eButterfly","","eButterfly"
"Speyeria atlantis",1945,7,"","1945-07-18","presence",NA,1,46.8063,-71.357,"ebutterfly","Maxim Larrivée, Jeremy Kerr, Kent McFarland and Katy Prudic","eButterfly","ebutterfly","eButterfly","","eButterfly"
"Hesperia sassacus",1945,6,"00:00:00","1945-06-08T00:00:00","presence",NA,1,45.4792,-74.3023,"ebutterfly","Maxim Larrivée, Jeremy Kerr, Kent McFarland and Katy Prudic","eButterfly","ebutterfly","eButterfly","","eButterfly"
"Celastrina neglecta",1945,6,"00:00:00","1945-06-22T00:00:00","presence",NA,1,45.4792,-74.3023,"ebutterfly","Maxim Larrivée, Jeremy Kerr, Kent McFarland and Katy Prudic","eButterfly","ebutterfly","eButterfly","","eButterfly"
"Erynnis icelus",1945,5,"00:00:00","1945-05-20T00:00:00","presence",NA,1,45.4792,-74.3023,"ebutterfly","Maxim Larrivée, Jeremy Kerr, Kent McFarland and Katy Prudic","eButterfly","ebutterfly","eButterfly","","eButterfly"
"Pyrisitia lisa",1945,7,"","1945-07-05","presence",NA,1,45.7873,-74.6836,"ebutterfly","Maxim Larrivée, Jeremy Kerr, Kent McFarland and Katy Prudic","eButterfly","ebutterfly","eButterfly","","eButterfly"
"Lycaena hyllus",1945,8,"","1945-08-18","presence",NA,1,45.5017,-73.5673,"ebutterfly","Maxim Larrivée, Jeremy Kerr, Kent McFarland and Katy Prudic","eButterfly","ebutterfly","eButterfly","","eButterfly"
"Limenitis archippus",1945,8,"","1945-08-18","presence",NA,1,45.5017,-73.5673,"ebutterfly","Maxim Larrivée, Jeremy Kerr, Kent McFarland and Katy Prudic","eButterfly","ebutterfly","eButterfly","","eButterfly"
"Colias interior",1945,8,"","1945-08-19","presence",NA,1,47.5888,-71.2262,"ebutterfly","Maxim Larrivée, Jeremy Kerr, Kent McFarland and Katy Prudic","eButterfly","ebutterfly","eButterfly","","eButterfly"
"Nymphalis antiopa",1945,9,"","1945-09-03","presence",NA,1,45.9587,-73.2197,"ebutterfly","Maxim Larrivée, Jeremy Kerr, Kent McFarland and Katy Prudic","eButterfly","ebutterfly","eButterfly","","eButterfly"
"Polygonia comma",1945,9,"","1945-09-22","presence",NA,1,45.5017,-73.5673,"ebutterfly","Maxim Larrivée, Jeremy Kerr, Kent McFarland and Katy Prudic","eButterfly","ebutterfly","eButterfly","","eButterfly"
"Phyciodes cocyta",1945,8,"","1945-08-18","presence",NA,1,45.5017,-73.5673,"ebutterfly","Maxim Larrivée, Jeremy Kerr, Kent McFarland and Katy Prudic","eButterfly","ebutterfly","eButterfly","","eButterfly"
"Polygonia gracilis",1945,8,"","1945-08-24","presence",NA,1,48.0922,-71.5276,"ebutterfly","Maxim Larrivée, Jeremy Kerr, Kent McFarland and Katy Prudic","eButterfly","ebutterfly","eButterfly","","eButterfly"
"Glaucopsyche lygdamus",1945,6,"","1945-06-24","presence",NA,1,46.5322,-72.7639,"ebutterfly","Maxim Larrivée, Jeremy Kerr, Kent McFarland and Katy Prudic","eButterfly","ebutterfly","eButterfly","","eButterfly"
"Boloria bellona",1945,9,"","1945-09-03","presence",NA,1,45.9587,-73.2197,"ebutterfly","Maxim Larrivée, Jeremy Kerr, Kent McFarland and Katy Prudic","eButterfly","ebutterfly","eButterfly","","eButterfly"
"Polygonia interrogationis",1945,9,"","1945-09-22","presence",NA,1,45.5017,-73.5673,"ebutterfly","Maxim Larrivée, Jeremy Kerr, Kent McFarland and Katy Prudic","eButterfly","ebutterfly","eButterfly","","eButterfly"
"Erynnis icelus",1945,6,"","1945-06-03","presence",NA,1,45.5017,-73.5673,"ebutterfly","Maxim Larrivée, Jeremy Kerr, Kent McFarland and Katy Prudic","eButterfly","ebutterfly","eButterfly","","eButterfly"
"Limenitis arthemis",1945,7,"","1945-07-04","presence",NA,1,45.7873,-74.6836,"ebutterfly","Maxim Larrivée, Jeremy Kerr, Kent McFarland and Katy Prudic","eButterfly","ebutterfly","eButterfly","","eButterfly"
"Cupido comyntas",1945,8,"","1945-08-19","presence",NA,1,45.5017,-73.5673,"ebutterfly","Maxim Larrivée, Jeremy Kerr, Kent McFarland and Katy Prudic","eButterfly","ebutterfly","eButterfly","","eButterfly"
"Colias philodice",1945,9,"","1945-09-03","presence",NA,1,45.9587,-73.2197,"ebutterfly","Maxim Larrivée, Jeremy Kerr, Kent McFarland and Katy Prudic","eButterfly","ebutterfly","eButterfly","","eButterfly"
"Polites themistocles",1945,6,"","1945-06-24","presence",NA,1,46.5322,-72.7639,"ebutterfly","Maxim Larrivée, Jeremy Kerr, Kent McFarland and Katy Prudic","eButterfly","ebutterfly","eButterfly","","eButterfly"
"Polygonia comma",1945,9,"","1945-09-23","presence",NA,1,45.5017,-73.5673,"ebutterfly","Maxim Larrivée, Jeremy Kerr, Kent McFarland and Katy Prudic","eButterfly","ebutterfly","eButterfly","","eButterfly"
"Boloria bellona",1945,8,"","1945-08-18","presence",NA,1,45.5017,-73.5673,"ebutterfly","Maxim Larrivée, Jeremy Kerr, Kent McFarland and Katy Prudic","eButterfly","ebutterfly","eButterfly","","eButterfly"
"Boloria chariclea",1945,8,"","1945-08-19","presence",NA,1,47.5888,-71.2262,"ebutterfly","Maxim Larrivée, Jeremy Kerr, Kent McFarland and Katy Prudic","eButterfly","ebutterfly","eButterfly","","eButterfly"
"Colias philodice",1945,8,"","1945-08-18","presence",NA,1,45.5017,-73.5673,"ebutterfly","Maxim Larrivée, Jeremy Kerr, Kent McFarland and Katy Prudic","eButterfly","ebutterfly","eButterfly","","eButterfly"
"Aglais milberti",1945,9,"","1945-09-16","presence",NA,1,45.5017,-73.5673,"ebutterfly","Maxim Larrivée, Jeremy Kerr, Kent McFarland and Katy Prudic","eButterfly","ebutterfly","eButterfly","","eButterfly"
"Polygonia faunus",1945,9,"","1945-09-03","presence",NA,1,45.9587,-73.2197,"ebutterfly","Maxim Larrivée, Jeremy Kerr, Kent McFarland and Katy Prudic","eButterfly","ebutterfly","eButterfly","","eButterfly"
"Colias eurytheme",1945,8,"","1945-08-18","presence",NA,1,45.5017,-73.5673,"ebutterfly","Maxim Larrivée, Jeremy Kerr, Kent McFarland and Katy Prudic","eButterfly","ebutterfly","eButterfly","","eButterfly"
"Phyciodes cocyta",1945,8,"","1945-08-19","presence",NA,1,45.5017,-73.5673,"ebutterfly","Maxim Larrivée, Jeremy Kerr, Kent McFarland and Katy Prudic","eButterfly","ebutterfly","eButterfly","","eButterfly"
"Phyciodes cocyta",1945,7,"","1945-07-22","presence",NA,1,45.5017,-73.5673,"ebutterfly","Maxim Larrivée, Jeremy Kerr, Kent McFarland and Katy Prudic","eButterfly","ebutterfly","eButterfly","","eButterfly"
"Pieris rapae",1945,8,"","1945-08-19","presence",NA,1,45.5017,-73.5673,"ebutterfly","Maxim Larrivée, Jeremy Kerr, Kent McFarland and Katy Prudic","eButterfly","ebutterfly","eButterfly","","eButterfly"
"Epargyreus clarus",1945,7,"","1945-07-21","presence",NA,1,45.5017,-73.5673,"ebutterfly","Maxim Larrivée, Jeremy Kerr, Kent McFarland and Katy Prudic","eButterfly","ebutterfly","eButterfly","","eButterfly"
"Thorybes pylades",1945,6,"","1945-06-24","presence",NA,1,45.5017,-73.5673,"ebutterfly","Maxim Larrivée, Jeremy Kerr, Kent McFarland and Katy Prudic","eButterfly","ebutterfly","eButterfly","","eButterfly"
"Colias eurytheme",1945,8,"","1945-08-19","presence",NA,1,45.5017,-73.5673,"ebutterfly","Maxim Larrivée, Jeremy Kerr, Kent McFarland and Katy Prudic","eButterfly","ebutterfly","eButterfly","","eButterfly"
"Aglais milberti",1945,9,"","1945-09-22","presence",NA,1,45.5017,-73.5673,"ebutterfly","Maxim Larrivée, Jeremy Kerr, Kent McFarland and Katy Prudic","eButterfly","ebutterfly","eButterfly","","eButterfly"
"Polites peckius",1945,6,"","1945-06-25","presence",NA,1,46.8118,-71.2096,"ebutterfly","Maxim Larrivée, Jeremy Kerr, Kent McFarland and Katy Prudic","eButterfly","ebutterfly","eButterfly","","eButterfly"
"Colias philodice",1945,1,"","1945-01-01","presence",NA,1,46.343,-72.5421,"ebutterfly","Maxim Larrivée, Jeremy Kerr, Kent McFarland and Katy Prudic","eButterfly","ebutterfly","eButterfly","","eButterfly"
"Colias philodice",1945,7,"","1945-07-21","presence",NA,1,46.012,-73.35,"ebutterfly","Maxim Larrivée, Jeremy Kerr, Kent McFarland and Katy Prudic","eButterfly","ebutterfly","eButterfly","","eButterfly"
"Limenitis arthemis",1945,7,"","1945-07-18","presence",NA,1,46.8616,-71.1887,"ebutterfly","Maxim Larrivée, Jeremy Kerr, Kent McFarland and Katy Prudic","eButterfly","ebutterfly","eButterfly","","eButterfly"
"Limenitis arthemis",1945,6,"","1945-06-01","presence",NA,1,46.8063,-71.357,"ebutterfly","Maxim Larrivée, Jeremy Kerr, Kent McFarland and Katy Prudic","eButterfly","ebutterfly","eButterfly","","eButterfly"
"Papilio polyxenes",1945,4,"00:00:00","1945-04-10T00:00:00","presence",NA,1,45.4792,-74.3023,"ebutterfly","Maxim Larrivée, Jeremy Kerr, Kent McFarland and Katy Prudic","eButterfly","ebutterfly","eButterfly","","eButterfly"
"Vanessa atalanta",1945,7,"","1945-07-21","presence",NA,1,45.5017,-73.5673,"ebutterfly","Maxim Larrivée, Jeremy Kerr, Kent McFarland and Katy Prudic","eButterfly","ebutterfly","eButterfly","","eButterfly"
"Poanes hobomok",1945,6,"00:00:00","1945-06-08T00:00:00","presence",NA,1,45.4792,-74.3023,"ebutterfly","Maxim Larrivée, Jeremy Kerr, Kent McFarland and Katy Prudic","eButterfly","ebutterfly","eButterfly","","eButterfly"
"Pieris oleracea",1945,5,"00:00:00","1945-05-03T00:00:00","presence",NA,1,45.4792,-74.3023,"ebutterfly","Maxim Larrivée, Jeremy Kerr, Kent McFarland and Katy Prudic","eButterfly","ebutterfly","eButterfly","","eButterfly"
"Hesperia leonardus",1945,9,"00:00:00","1945-09-03T00:00:00","presence",NA,1,45.9587,-73.2197,"ebutterfly","Maxim Larrivée, Jeremy Kerr, Kent McFarland and Katy Prudic","eButterfly","ebutterfly","eButterfly","","eButterfly"
"Aglais milberti",1945,10,"00:00:00","1945-10-09T00:00:00","presence",NA,1,45.4792,-74.3023,"ebutterfly","Maxim Larrivée, Jeremy Kerr, Kent McFarland and Katy Prudic","eButterfly","ebutterfly","eButterfly","","eButterfly"
"Colias eurytheme",1945,9,"00:00:00","1945-09-11T00:00:00","presence",NA,1,45.4792,-74.3023,"ebutterfly","Maxim Larrivée, Jeremy Kerr, Kent McFarland and Katy Prudic","eButterfly","ebutterfly","eButterfly","","eButterfly"
"Colias eurytheme",1945,7,"00:00:00","1945-07-21T00:00:00","presence",NA,1,45.5017,-73.5673,"ebutterfly","Maxim Larrivée, Jeremy Kerr, Kent McFarland and Katy Prudic","eButterfly","ebutterfly","eButterfly","","eButterfly"
"Colias eurytheme",1945,9,"00:00:00","1945-09-16T00:00:00","presence",NA,1,45.5017,-73.5673,"ebutterfly","Maxim Larrivée, Jeremy Kerr, Kent McFarland and Katy Prudic","eButterfly","ebutterfly","eButterfly","","eButterfly"
"Colias eurytheme",1945,9,"00:00:00","1945-09-21T00:00:00","presence",NA,1,45.4792,-74.3023,"ebutterfly","Maxim Larrivée, Jeremy Kerr, Kent McFarland and Katy Prudic","eButterfly","ebutterfly","eButterfly","","eButterfly"
"Erynnis juvenalis",1945,5,"00:00:00","1945-05-20T00:00:00","presence",NA,1,45.4792,-74.3023,"ebutterfly","Maxim Larrivée, Jeremy Kerr, Kent McFarland and Katy Prudic","eButterfly","ebutterfly","eButterfly","","eButterfly"
"Celastrina lucia",1945,5,"00:00:00","1945-05-03T00:00:00","presence",NA,1,45.4792,-74.3023,"ebutterfly","Maxim Larrivée, Jeremy Kerr, Kent McFarland and Katy Prudic","eButterfly","ebutterfly","eButterfly","","eButterfly"
"Celastrina lucia",1945,5,"00:00:00","1945-05-02T00:00:00","presence",NA,1,45.4792,-74.3023,"ebutterfly","Maxim Larrivée, Jeremy Kerr, Kent McFarland and Katy Prudic","eButterfly","ebutterfly","eButterfly","","eButterfly"
"Papilio polyxenes",1945,4,"00:00:00","1945-04-10T00:00:00","occurrence",NA,1,45.479233,-74.302298,"gbif","GBIF","eButterfly Surveys","Vermont Center for Ecostudies","Vermont Center for Ecostudies","cc by nc 4.0","Vermont Center for Ecostudies"
"Pieris oleracea",1945,5,"00:00:00","1945-05-03T00:00:00","abundance",NA,2,45.479233,-74.302298,"gbif","GBIF","eButterfly Surveys","Vermont Center for Ecostudies","Vermont Center for Ecostudies","cc by nc 4.0","Vermont Center for Ecostudies"
"Polites themistocles",1945,6,"00:00:00","1945-06-24T00:00:00","occurrence",NA,1,46.532212,-72.763899,"gbif","GBIF","eButterfly Surveys","Vermont Center for Ecostudies","Vermont Center for Ecostudies","cc by nc 4.0","Vermont Center for Ecostudies"
"Lycaena hyllus",1945,8,"00:00:00","1945-08-18T00:00:00","occurrence",NA,1,45.501689,-73.567256,"gbif","GBIF","eButterfly Surveys","Vermont Center for Ecostudies","Vermont Center for Ecostudies","cc by nc 4.0","Vermont Center for Ecostudies"
"Cupido comyntas",1945,8,"00:00:00","1945-08-19T00:00:00","occurrence",NA,1,45.501689,-73.567256,"gbif","GBIF","eButterfly Surveys","Vermont Center for Ecostudies","Vermont Center for Ecostudies","cc by nc 4.0","Vermont Center for Ecostudies"
"Polygonia interrogationis",1945,9,"00:00:00","1945-09-22T00:00:00","abundance",NA,2,45.501689,-73.567256,"gbif","GBIF","eButterfly Surveys","Vermont Center for Ecostudies","Vermont Center for Ecostudies","cc by nc 4.0","Vermont Center for Ecostudies"
"Erynnis juvenalis",1945,5,"00:00:00","1945-05-20T00:00:00","occurrence",NA,1,45.479233,-74.302298,"gbif","GBIF","eButterfly Surveys","Vermont Center for Ecostudies","Vermont Center for Ecostudies","cc by nc 4.0","Vermont Center for Ecostudies"
"Phyciodes cocyta",1945,8,"00:00:00","1945-08-18T00:00:00","occurrence",NA,1,45.501689,-73.567256,"gbif","GBIF","eButterfly Surveys","Vermont Center for Ecostudies","Vermont Center for Ecostudies","cc by nc 4.0","Vermont Center for Ecostudies"
"Nymphalis l-album",1945,8,"00:00:00","1945-08-22T00:00:00","occurrence",NA,1,45.501689,-73.567256,"gbif","GBIF","eButterfly Surveys","Vermont Center for Ecostudies","Vermont Center for Ecostudies","cc by nc 4.0","Vermont Center for Ecostudies"
"Aglais milberti",1945,9,"00:00:00","1945-09-22T00:00:00","occurrence",NA,1,45.501689,-73.567256,"gbif","GBIF","eButterfly Surveys","Vermont Center for Ecostudies","Vermont Center for Ecostudies","cc by nc 4.0","Vermont Center for Ecostudies"
"Colias eurytheme",1945,9,"00:00:00","1945-09-16T00:00:00","occurrence",NA,1,45.501689,-73.567256,"gbif","GBIF","eButterfly Surveys","Vermont Center for Ecostudies","Vermont Center for Ecostudies","cc by nc 4.0","Vermont Center for Ecostudies"
"Coenonympha tullia",1945,6,"00:00:00","1945-06-08T00:00:00","occurrence",NA,1,45.479233,-74.302298,"gbif","GBIF","eButterfly Surveys","Vermont Center for Ecostudies","Vermont Center for Ecostudies","cc by nc 4.0","Vermont Center for Ecostudies"
"Colias philodice",1945,9,"00:00:00","1945-09-03T00:00:00","occurrence",NA,1,45.958702,-73.21967,"gbif","GBIF","eButterfly Surveys","Vermont Center for Ecostudies","Vermont Center for Ecostudies","cc by nc 4.0","Vermont Center for Ecostudies"
"Epargyreus clarus",1945,7,"00:00:00","1945-07-21T00:00:00","occurrence",NA,1,45.501689,-73.567256,"gbif","GBIF","eButterfly Surveys","Vermont Center for Ecostudies","Vermont Center for Ecostudies","cc by nc 4.0","Vermont Center for Ecostudies"
"Limenitis archippus",1945,8,"00:00:00","1945-08-18T00:00:00","occurrence",NA,1,45.501689,-73.567256,"gbif","GBIF","eButterfly Surveys","Vermont Center for Ecostudies","Vermont Center for Ecostudies","cc by nc 4.0","Vermont Center for Ecostudies"
"Nymphalis l-album",1945,9,"00:00:00","1945-09-23T00:00:00","occurrence",NA,1,45.501689,-73.567256,"gbif","GBIF","eButterfly Surveys","Vermont Center for Ecostudies","Vermont Center for Ecostudies","cc by nc 4.0","Vermont Center for Ecostudies"
"Colias philodice",1945,1,"00:00:00","1945-01-01T00:00:00","occurrence",NA,1,46.342982,-72.542072,"gbif","GBIF","eButterfly Surveys","Vermont Center for Ecostudies","Vermont Center for Ecostudies","cc by nc 4.0","Vermont Center for Ecostudies"
"Colias philodice",1945,7,"00:00:00","1945-07-21T00:00:00","occurrence",NA,1,46.012017,-73.349988,"gbif","GBIF","eButterfly Surveys","Vermont Center for Ecostudies","Vermont Center for Ecostudies","cc by nc 4.0","Vermont Center for Ecostudies"
"Celastrina lucia",1945,5,"00:00:00","1945-05-02T00:00:00","occurrence",NA,1,45.479233,-74.302298,"gbif","GBIF","eButterfly Surveys","Vermont Center for Ecostudies","Vermont Center for Ecostudies","cc by nc 4.0","Vermont Center for Ecostudies"
"Hesperia sassacus",1945,6,"00:00:00","1945-06-08T00:00:00","occurrence",NA,1,45.479233,-74.302298,"gbif","GBIF","eButterfly Surveys","Vermont Center for Ecostudies","Vermont Center for Ecostudies","cc by nc 4.0","Vermont Center for Ecostudies"
"Pieris rapae",1945,9,"00:00:00","1945-09-11T00:00:00","occurrence",NA,1,45.479233,-74.302298,"gbif","GBIF","eButterfly Surveys","Vermont Center for Ecostudies","Vermont Center for Ecostudies","cc by nc 4.0","Vermont Center for Ecostudies"
"Lycaena phlaeas",1945,9,"00:00:00","1945-09-03T00:00:00","occurrence",NA,1,45.958702,-73.21967,"gbif","GBIF","eButterfly Surveys","Vermont Center for Ecostudies","Vermont Center for Ecostudies","cc by nc 4.0","Vermont Center for Ecostudies"
"Boloria selene",1945,6,"00:00:00","1945-06-03T00:00:00","abundance",NA,2,45.479233,-74.302298,"gbif","GBIF","eButterfly Surveys","Vermont Center for Ecostudies","Vermont Center for Ecostudies","cc by nc 4.0","Vermont Center for Ecostudies"
"Cercyonis pegala",1945,7,"00:00:00","1945-07-21T00:00:00","occurrence",NA,1,45.501689,-73.567256,"gbif","GBIF","eButterfly Surveys","Vermont Center for Ecostudies","Vermont Center for Ecostudies","cc by nc 4.0","Vermont Center for Ecostudies"
"Phyciodes cocyta",1945,7,"00:00:00","1945-07-22T00:00:00","occurrence",NA,1,45.501689,-73.567256,"gbif","GBIF","eButterfly Surveys","Vermont Center for Ecostudies","Vermont Center for Ecostudies","cc by nc 4.0","Vermont Center for Ecostudies"
"Colias interior",1945,8,"00:00:00","1945-08-19T00:00:00","abundance",NA,2,47.588827,-71.226204,"gbif","GBIF","eButterfly Surveys","Vermont Center for Ecostudies","Vermont Center for Ecostudies","cc by nc 4.0","Vermont Center for Ecostudies"
"Polygonia faunus",1945,9,"00:00:00","1945-09-03T00:00:00","abundance",NA,3,45.958702,-73.21967,"gbif","GBIF","eButterfly Surveys","Vermont Center for Ecostudies","Vermont Center for Ecostudies","cc by nc 4.0","Vermont Center for Ecostudies"
"Celastrina lucia",1945,6,"00:00:00","1945-06-08T00:00:00","occurrence",NA,1,46.937554,-71.470228,"gbif","GBIF","eButterfly Surveys","Vermont Center for Ecostudies","Vermont Center for Ecostudies","cc by nc 4.0","Vermont Center for Ecostudies"
"Vanessa cardui",1945,9,"00:00:00","1945-09-30T00:00:00","occurrence",NA,1,45.479233,-74.302298,"gbif","GBIF","eButterfly Surveys","Vermont Center for Ecostudies","Vermont Center for Ecostudies","cc by nc 4.0","Vermont Center for Ecostudies"
"Colias eurytheme",1945,9,"00:00:00","1945-09-11T00:00:00","occurrence",NA,1,45.479233,-74.302298,"gbif","GBIF","eButterfly Surveys","Vermont Center for Ecostudies","Vermont Center for Ecostudies","cc by nc 4.0","Vermont Center for Ecostudies"
"Callophrys augustinus",1945,6,"00:00:00","1945-06-10T00:00:00","abundance",NA,2,46.39059,-75.029563,"gbif","GBIF","eButterfly Surveys","Vermont Center for Ecostudies","Vermont Center for Ecostudies","cc by nc 4.0","Vermont Center for Ecostudies"
"Boloria selene",1945,6,"00:00:00","1945-06-10T00:00:00","occurrence",NA,1,46.397209,-75.024377,"gbif","GBIF","eButterfly Surveys","Vermont Center for Ecostudies","Vermont Center for Ecostudies","cc by nc 4.0","Vermont Center for Ecostudies"
"Colias philodice",1945,8,"00:00:00","1945-08-18T00:00:00","occurrence",NA,1,45.501689,-73.567256,"gbif","GBIF","eButterfly Surveys","Vermont Center for Ecostudies","Vermont Center for Ecostudies","cc by nc 4.0","Vermont Center for Ecostudies"
"Pieris rapae",1945,8,"00:00:00","1945-08-19T00:00:00","abundance",NA,2,45.501689,-73.567256,"gbif","GBIF","eButterfly Surveys","Vermont Center for Ecostudies","Vermont Center for Ecostudies","cc by nc 4.0","Vermont Center for Ecostudies"
"Aglais milberti",1945,9,"00:00:00","1945-09-16T00:00:00","occurrence",NA,1,45.501689,-73.567256,"gbif","GBIF","eButterfly Surveys","Vermont Center for Ecostudies","Vermont Center for Ecostudies","cc by nc 4.0","Vermont Center for Ecostudies"
"Speyeria atlantis",1945,7,"00:00:00","1945-07-18T00:00:00","occurrence",NA,1,46.806309,-71.357009,"gbif","GBIF","eButterfly Surveys","Vermont Center for Ecostudies","Vermont Center for Ecostudies","cc by nc 4.0","Vermont Center for Ecostudies"
"Aglais milberti",1945,10,"00:00:00","1945-10-09T00:00:00","occurrence",NA,1,45.479233,-74.302298,"gbif","GBIF","eButterfly Surveys","Vermont Center for Ecostudies","Vermont Center for Ecostudies","cc by nc 4.0","Vermont Center for Ecostudies"
"Pieris rapae",1945,9,"00:00:00","1945-09-13T00:00:00","occurrence",NA,1,45.479233,-74.302298,"gbif","GBIF","eButterfly Surveys","Vermont Center for Ecostudies","Vermont Center for Ecostudies","cc by nc 4.0","Vermont Center for Ecostudies"
"Celastrina neglecta",1945,6,"00:00:00","1945-06-22T00:00:00","occurrence",NA,1,45.479233,-74.302298,"gbif","GBIF","eButterfly Surveys","Vermont Center for Ecostudies","Vermont Center for Ecostudies","cc by nc 4.0","Vermont Center for Ecostudies"
"Boloria chariclea",1945,8,"00:00:00","1945-08-19T00:00:00","abundance",NA,4,47.588827,-71.226204,"gbif","GBIF","eButterfly Surveys","Vermont Center for Ecostudies","Vermont Center for Ecostudies","cc by nc 4.0","Vermont Center for Ecostudies"
"Nymphalis antiopa",1945,9,"00:00:00","1945-09-03T00:00:00","occurrence",NA,1,45.958702,-73.21967,"gbif","GBIF","eButterfly Surveys","Vermont Center for Ecostudies","Vermont Center for Ecostudies","cc by nc 4.0","Vermont Center for Ecostudies"
"Limenitis arthemis",1945,7,"00:00:00","1945-07-18T00:00:00","occurrence",NA,1,46.813878,-71.207981,"gbif","GBIF","eButterfly Surveys","Vermont Center for Ecostudies","Vermont Center for Ecostudies","cc by nc 4.0","Vermont Center for Ecostudies"
"Aglais milberti",1945,8,"00:00:00","1945-08-01T00:00:00","occurrence",NA,1,46.813878,-71.207981,"gbif","GBIF","eButterfly Surveys","Vermont Center for Ecostudies","Vermont Center for Ecostudies","cc by nc 4.0","Vermont Center for Ecostudies"
"Polygonia comma",1945,9,"00:00:00","1945-09-06T00:00:00","occurrence",NA,1,45.479233,-74.302298,"gbif","GBIF","eButterfly Surveys","Vermont Center for Ecostudies","Vermont Center for Ecostudies","cc by nc 4.0","Vermont Center for Ecostudies"
"Erynnis icelus",1945,5,"00:00:00","1945-05-20T00:00:00","occurrence",NA,1,45.479233,-74.302298,"gbif","GBIF","eButterfly Surveys","Vermont Center for Ecostudies","Vermont Center for Ecostudies","cc by nc 4.0","Vermont Center for Ecostudies"
"Hesperia leonardus",1945,9,"00:00:00","1945-09-03T00:00:00","abundance",NA,2,45.958702,-73.21967,"gbif","GBIF","eButterfly Surveys","Vermont Center for Ecostudies","Vermont Center for Ecostudies","cc by nc 4.0","Vermont Center for Ecostudies"
"Colias eurytheme",1945,9,"00:00:00","1945-09-21T00:00:00","abundance",NA,2,45.479233,-74.302298,"gbif","GBIF","eButterfly Surveys","Vermont Center for Ecostudies","Vermont Center for Ecostudies","cc by nc 4.0","Vermont Center for Ecostudies"
"Lycaena phlaeas",1945,6,"00:00:00","1945-06-03T00:00:00","occurrence",NA,1,45.479233,-74.302298,"gbif","GBIF","eButterfly Surveys","Vermont Center for Ecostudies","Vermont Center for Ecostudies","cc by nc 4.0","Vermont Center for Ecostudies"
"Pyrisitia lisa",1945,7,"00:00:00","1945-07-05T00:00:00","occurrence",NA,1,45.787345,-74.683552,"gbif","GBIF","eButterfly Surveys","Vermont Center for Ecostudies","Vermont Center for Ecostudies","cc by nc 4.0","Vermont Center for Ecostudies"
"Thorybes pylades",1945,6,"00:00:00","1945-06-24T00:00:00","abundance",NA,3,45.501689,-73.567256,"gbif","GBIF","eButterfly Surveys","Vermont Center for Ecostudies","Vermont Center for Ecostudies","cc by nc 4.0","Vermont Center for Ecostudies"
"Colias eurytheme",1945,8,"00:00:00","1945-08-18T00:00:00","abundance",NA,3,45.501689,-73.567256,"gbif","GBIF","eButterfly Surveys","Vermont Center for Ecostudies","Vermont Center for Ecostudies","cc by nc 4.0","Vermont Center for Ecostudies"
"Colias eurytheme",1945,8,"00:00:00","1945-08-19T00:00:00","occurrence",NA,1,45.501689,-73.567256,"gbif","GBIF","eButterfly Surveys","Vermont Center for Ecostudies","Vermont Center for Ecostudies","cc by nc 4.0","Vermont Center for Ecostudies"
"Colias eurytheme",1945,9,"00:00:00","1945-09-22T00:00:00","occurrence",NA,1,45.501689,-73.567256,"gbif","GBIF","eButterfly Surveys","Vermont Center for Ecostudies","Vermont Center for Ecostudies","cc by nc 4.0","Vermont Center for Ecostudies"
"Celastrina lucia",1945,5,"00:00:00","1945-05-03T00:00:00","occurrence",NA,1,45.479233,-74.302298,"gbif","GBIF","eButterfly Surveys","Vermont Center for Ecostudies","Vermont Center for Ecostudies","cc by nc 4.0","Vermont Center for Ecostudies"
"Polites themistocles",1945,6,"00:00:00","1945-06-08T00:00:00","abundance",NA,2,45.479233,-74.302298,"gbif","GBIF","eButterfly Surveys","Vermont Center for Ecostudies","Vermont Center for Ecostudies","cc by nc 4.0","Vermont Center for Ecostudies"
"Colias eurytheme",1945,7,"00:00:00","1945-07-21T00:00:00","occurrence",NA,1,45.501689,-73.567256,"gbif","GBIF","eButterfly Surveys","Vermont Center for Ecostudies","Vermont Center for Ecostudies","cc by nc 4.0","Vermont Center for Ecostudies"
"Callophrys niphon",1945,5,"00:00:00","1945-05-03T00:00:00","occurrence",NA,1,45.479233,-74.302298,"gbif","GBIF","eButterfly Surveys","Vermont Center for Ecostudies","Vermont Center for Ecostudies","cc by nc 4.0","Vermont Center for Ecostudies"
"Lethe anthedon",1945,8,"00:00:00","1945-08-21T00:00:00","occurrence",NA,1,45.479233,-74.302298,"gbif","GBIF","eButterfly Surveys","Vermont Center for Ecostudies","Vermont Center for Ecostudies","cc by nc 4.0","Vermont Center for Ecostudies"
"Glaucopsyche lygdamus",1945,6,"00:00:00","1945-06-24T00:00:00","abundance",NA,3,46.532212,-72.763899,"gbif","GBIF","eButterfly Surveys","Vermont Center for Ecostudies","Vermont Center for Ecostudies","cc by nc 4.0","Vermont Center for Ecostudies"
"Boloria bellona",1945,8,"00:00:00","1945-08-18T00:00:00","occurrence",NA,1,45.501689,-73.567256,"gbif","GBIF","eButterfly Surveys","Vermont Center for Ecostudies","Vermont Center for Ecostudies","cc by nc 4.0","Vermont Center for Ecostudies"
"Phyciodes cocyta",1945,8,"00:00:00","1945-08-19T00:00:00","abundance",NA,2,45.501689,-73.567256,"gbif","GBIF","eButterfly Surveys","Vermont Center for Ecostudies","Vermont Center for Ecostudies","cc by nc 4.0","Vermont Center for Ecostudies"
"Polygonia comma",1945,9,"00:00:00","1945-09-22T00:00:00","abundance",NA,5,45.501689,-73.567256,"gbif","GBIF","eButterfly Surveys","Vermont Center for Ecostudies","Vermont Center for Ecostudies","cc by nc 4.0","Vermont Center for Ecostudies"
"Limenitis arthemis",1945,6,"00:00:00","1945-06-01T00:00:00","occurrence",NA,1,46.806309,-71.357009,"gbif","GBIF","eButterfly Surveys","Vermont Center for Ecostudies","Vermont Center for Ecostudies","cc by nc 4.0","Vermont Center for Ecostudies"
"Celastrina lucia",1945,5,"00:00:00","1945-05-21T00:00:00","occurrence",NA,1,46.813878,-71.207981,"gbif","GBIF","eButterfly Surveys","Vermont Center for Ecostudies","Vermont Center for Ecostudies","cc by nc 4.0","Vermont Center for Ecostudies"
"Colias eurytheme",1945,8,"00:00:00","1945-08-24T00:00:00","occurrence",NA,1,45.42028,-73.9201,"gbif","GBIF","Museum of Comparative Zoology, Harvard University","Museum of Comparative Zoology, Harvard University","Museum of Comparative Zoology, Harvard University","cc by nc 4.0","Museum of Comparative Zoology, Harvard University"
"Thorybes pylades",1945,6,"00:00:00","1945-06-24T00:00:00","occurrence",NA,1,45.5,-73.5833,"gbif","GBIF","Lyman Entomological Museum","Canadian Biodiversity Information Facility","Canadian Biodiversity Information Facility","cc0 1.0","Canadian Biodiversity Information Facility"
"Nymphalis vaualbum",1945,9,"00:00:00","1945-09-23T00:00:00","occurrence",NA,1,45.5,-73.5833,"gbif","GBIF","Lyman Entomological Museum","Canadian Biodiversity Information Facility","Canadian Biodiversity Information Facility","cc0 1.0","Canadian Biodiversity Information Facility"
"Epargyreus clarus",1945,7,"00:00:00","1945-07-21T00:00:00","occurrence",NA,1,45.5,-73.5833,"gbif","GBIF","Lyman Entomological Museum","Canadian Biodiversity Information Facility","Canadian Biodiversity Information Facility","cc0 1.0","Canadian Biodiversity Information Facility"
"Eurema lisa",1945,7,"00:00:00","1945-07-05T00:00:00","occurrence",NA,1,45.8,-74.6833,"gbif","GBIF","Lyman Entomological Museum","Canadian Biodiversity Information Facility","Canadian Biodiversity Information Facility","cc0 1.0","Canadian Biodiversity Information Facility"
"Polygonia faunus",1945,9,"00:00:00","1945-09-03T00:00:00","occurrence",NA,1,45.9667,-73.2167,"gbif","GBIF","Lyman Entomological Museum","Canadian Biodiversity Information Facility","Canadian Biodiversity Information Facility","cc0 1.0","Canadian Biodiversity Information Facility"
"Pieris rapae",1945,8,"00:00:00","1945-08-19T00:00:00","occurrence",NA,1,45.5,-73.5833,"gbif","GBIF","Lyman Entomological Museum","Canadian Biodiversity Information Facility","Canadian Biodiversity Information Facility","cc0 1.0","Canadian Biodiversity Information Facility"
"Limenitis archippus",1945,8,"00:00:00","1945-08-18T00:00:00","occurrence",NA,1,45.5,-73.5833,"gbif","GBIF","Lyman Entomological Museum","Canadian Biodiversity Information Facility","Canadian Biodiversity Information Facility","cc0 1.0","Canadian Biodiversity Information Facility"
"Boloria selene atrocostalis",1945,8,"00:00:00","1945-08-18T00:00:00","occurrence",NA,1,45.5,-73.5833,"gbif","GBIF","Lyman Entomological Museum","Canadian Biodiversity Information Facility","Canadian Biodiversity Information Facility","cc0 1.0","Canadian Biodiversity Information Facility"
"Colias philodice",1945,8,"00:00:00","1945-08-18T00:00:00","occurrence",NA,1,45.5,-73.5833,"gbif","GBIF","Lyman Entomological Museum","Canadian Biodiversity Information Facility","Canadian Biodiversity Information Facility","cc0 1.0","Canadian Biodiversity Information Facility"
"Vanessa atalanta",1945,7,"00:00:00","1945-07-21T00:00:00","occurrence",NA,1,45.5,-73.5833,"gbif","GBIF","Lyman Entomological Museum","Canadian Biodiversity Information Facility","Canadian Biodiversity Information Facility","cc0 1.0","Canadian Biodiversity Information Facility"
"Boloria selene atrocostalis",1945,8,"00:00:00","1945-08-18T00:00:00","occurrence",NA,1,45.5,-73.5833,"gbif","GBIF","Lyman Entomological Museum","Canadian Biodiversity Information Facility","Canadian Biodiversity Information Facility","cc0 1.0","Canadian Biodiversity Information Facility"
"Limenitis arthemis",1945,7,"00:00:00","1945-07-04T00:00:00","occurrence",NA,1,45.8,-74.6833,"gbif","GBIF","Lyman Entomological Museum","Canadian Biodiversity Information Facility","Canadian Biodiversity Information Facility","cc0 1.0","Canadian Biodiversity Information Facility"
"Boloria chariclea",1945,8,"00:00:00","1945-08-19T00:00:00","occurrence",NA,1,46.3623,-73.9167,"gbif","GBIF","Lyman Entomological Museum","Canadian Biodiversity Information Facility","Canadian Biodiversity Information Facility","cc0 1.0","Canadian Biodiversity Information Facility"
"Colias philodice",1945,9,"00:00:00","1945-09-03T00:00:00","occurrence",NA,1,45.9667,-73.2167,"gbif","GBIF","Lyman Entomological Museum","Canadian Biodiversity Information Facility","Canadian Biodiversity Information Facility","cc0 1.0","Canadian Biodiversity Information Facility"
"Nymphalis milberti",1945,9,"00:00:00","1945-09-22T00:00:00","occurrence",NA,1,45.5,-73.5833,"gbif","GBIF","Lyman Entomological Museum","Canadian Biodiversity Information Facility","Canadian Biodiversity Information Facility","cc0 1.0","Canadian Biodiversity Information Facility"
"Nymphalis milberti",1945,9,"00:00:00","1945-09-16T00:00:00","occurrence",NA,1,45.5,-73.5833,"gbif","GBIF","Lyman Entomological Museum","Canadian Biodiversity Information Facility","Canadian Biodiversity Information Facility","cc0 1.0","Canadian Biodiversity Information Facility"
"Phyciodes cocyta",1945,8,"00:00:00","1945-08-19T00:00:00","occurrence",NA,1,45.5,-73.5833,"gbif","GBIF","Lyman Entomological Museum","Canadian Biodiversity Information Facility","Canadian Biodiversity Information Facility","cc0 1.0","Canadian Biodiversity Information Facility"
"Phyciodes cocyta",1945,7,"00:00:00","1945-07-22T00:00:00","occurrence",NA,1,45.5,-73.5833,"gbif","GBIF","Lyman Entomological Museum","Canadian Biodiversity Information Facility","Canadian Biodiversity Information Facility","cc0 1.0","Canadian Biodiversity Information Facility"
"Polygonia comma",1945,9,"00:00:00","1945-09-23T00:00:00","occurrence",NA,1,45.5,-73.5833,"gbif","GBIF","Lyman Entomological Museum","Canadian Biodiversity Information Facility","Canadian Biodiversity Information Facility","cc0 1.0","Canadian Biodiversity Information Facility"
"Polygonia comma",1945,9,"00:00:00","1945-09-22T00:00:00","occurrence",NA,1,45.5,-73.5833,"gbif","GBIF","Lyman Entomological Museum","Canadian Biodiversity Information Facility","Canadian Biodiversity Information Facility","cc0 1.0","Canadian Biodiversity Information Facility"
"Polites themistocles",1945,6,"00:00:00","1945-06-24T00:00:00","occurrence",NA,1,46.5328,-72.7744,"gbif","GBIF","Lyman Entomological Museum","Canadian Biodiversity Information Facility","Canadian Biodiversity Information Facility","cc0 1.0","Canadian Biodiversity Information Facility"
"Phyciodes cocyta",1945,8,"00:00:00","1945-08-18T00:00:00","occurrence",NA,1,45.5,-73.5833,"gbif","GBIF","Lyman Entomological Museum","Canadian Biodiversity Information Facility","Canadian Biodiversity Information Facility","cc0 1.0","Canadian Biodiversity Information Facility"
"Glaucopsyche lygdamus",1945,6,"00:00:00","1945-06-24T00:00:00","occurrence",NA,1,46.5328,-72.7744,"gbif","GBIF","Lyman Entomological Museum","Canadian Biodiversity Information Facility","Canadian Biodiversity Information Facility","cc0 1.0","Canadian Biodiversity Information Facility"
"Polygonia comma",1945,9,"00:00:00","1945-09-23T00:00:00","occurrence",NA,1,45.5,-73.5833,"gbif","GBIF","Lyman Entomological Museum","Canadian Biodiversity Information Facility","Canadian Biodiversity Information Facility","cc0 1.0","Canadian Biodiversity Information Facility"
"Boloria bellona",1945,8,"00:00:00","1945-08-18T00:00:00","occurrence",NA,1,45.5,-73.5833,"gbif","GBIF","Lyman Entomological Museum","Canadian Biodiversity Information Facility","Canadian Biodiversity Information Facility","cc0 1.0","Canadian Biodiversity Information Facility"
"Polygonia faunus",1945,9,"00:00:00","1945-09-03T00:00:00","occurrence",NA,1,45.9667,-73.2167,"gbif","GBIF","Lyman Entomological Museum","Canadian Biodiversity Information Facility","Canadian Biodiversity Information Facility","cc0 1.0","Canadian Biodiversity Information Facility"
"Boloria bellona",1945,9,"00:00:00","1945-09-03T00:00:00","occurrence",NA,1,45.9667,-73.2167,"gbif","GBIF","Lyman Entomological Museum","Canadian Biodiversity Information Facility","Canadian Biodiversity Information Facility","cc0 1.0","Canadian Biodiversity Information Facility"
"Polygonia interrogationis",1945,9,"00:00:00","1945-09-22T00:00:00","occurrence",NA,1,45.5,-73.5833,"gbif","GBIF","Lyman Entomological Museum","Canadian Biodiversity Information Facility","Canadian Biodiversity Information Facility","cc0 1.0","Canadian Biodiversity Information Facility"
"Phyciodes cocyta",1945,8,"00:00:00","1945-08-19T00:00:00","occurrence",NA,1,45.5,-73.5833,"gbif","GBIF","Lyman Entomological Museum","Canadian Biodiversity Information Facility","Canadian Biodiversity Information Facility","cc0 1.0","Canadian Biodiversity Information Facility"
"Colias interior",1945,8,"00:00:00","1945-08-19T00:00:00","occurrence",NA,1,46.3623,-73.9167,"gbif","GBIF","Lyman Entomological Museum","Canadian Biodiversity Information Facility","Canadian Biodiversity Information Facility","cc0 1.0","Canadian Biodiversity Information Facility"
"Erynnis icelus",1945,6,"00:00:00","1945-06-03T00:00:00","occurrence",NA,1,45.5,-73.5833,"gbif","GBIF","Lyman Entomological Museum","Canadian Biodiversity Information Facility","Canadian Biodiversity Information Facility","cc0 1.0","Canadian Biodiversity Information Facility"
"Lycaenidae",1945,8,"00:00:00","1945-08-18T00:00:00","occurrence",NA,1,45.5,-73.5833,"gbif","GBIF","Lyman Entomological Museum","Canadian Biodiversity Information Facility","Canadian Biodiversity Information Facility","cc0 1.0","Canadian Biodiversity Information Facility"
"Everes comyntas",1945,8,"00:00:00","1945-08-19T00:00:00","occurrence",NA,1,45.5,-73.5833,"gbif","GBIF","Lyman Entomological Museum","Canadian Biodiversity Information Facility","Canadian Biodiversity Information Facility","cc0 1.0","Canadian Biodiversity Information Facility"
"Colias eurytheme",1945,8,"00:00:00","1945-08-18T00:00:00","occurrence",NA,1,45.5,-73.5833,"gbif","GBIF","Lyman Entomological Museum","Canadian Biodiversity Information Facility","Canadian Biodiversity Information Facility","cc0 1.0","Canadian Biodiversity Information Facility"
"Colias eurytheme",1945,8,"00:00:00","1945-08-19T00:00:00","occurrence",NA,1,45.5,-73.5833,"gbif","GBIF","Lyman Entomological Museum","Canadian Biodiversity Information Facility","Canadian Biodiversity Information Facility","cc0 1.0","Canadian Biodiversity Information Facility"
"Colias eurytheme",1945,9,"00:00:00","1945-09-22T00:00:00","occurrence",NA,1,45.5,-73.5833,"gbif","GBIF","Lyman Entomological Museum","Canadian Biodiversity Information Facility","Canadian Biodiversity Information Facility","cc0 1.0","Canadian Biodiversity Information Facility"
"Nymphalis vaualbum",1945,8,"00:00:00","1945-08-22T00:00:00","occurrence",NA,1,45.5,-73.5833,"gbif","GBIF","Lyman Entomological Museum","Canadian Biodiversity Information Facility","Canadian Biodiversity Information Facility","cc0 1.0","Canadian Biodiversity Information Facility"
"Nymphalis antiopa",1945,9,"00:00:00","1945-09-03T00:00:00","occurrence",NA,1,45.9667,-73.2167,"gbif","GBIF","Lyman Entomological Museum","Canadian Biodiversity Information Facility","Canadian Biodiversity Information Facility","cc0 1.0","Canadian Biodiversity Information Facility"
"Colias eurytheme",1945,9,"00:00:00","1945-09-09T00:00:00","occurrence",NA,1,45.42028,-73.9201,"gbif","GBIF","Museum of Comparative Zoology, Harvard University","Museum of Comparative Zoology, Harvard University","Museum of Comparative Zoology, Harvard University","cc by nc 4.0","Museum of Comparative Zoology, Harvard University"
"Colias philodice",1945,9,"00:00:00","1945-09-09T00:00:00","occurrence",NA,1,45.40875,-73.94272,"gbif","GBIF","Museum of Comparative Zoology, Harvard University","Museum of Comparative Zoology, Harvard University","Museum of Comparative Zoology, Harvard University","cc by nc 4.0","Museum of Comparative Zoology, Harvard University"
"Colias eurytheme",1945,9,"00:00:00","1945-09-06T00:00:00","occurrence",NA,1,45.42028,-73.9201,"gbif","GBIF","Museum of Comparative Zoology, Harvard University","Museum of Comparative Zoology, Harvard University","Museum of Comparative Zoology, Harvard University","cc by nc 4.0","Museum of Comparative Zoology, Harvard University"
"Colias eurytheme",1945,9,"00:00:00","1945-09-08T00:00:00","occurrence",NA,1,45.42028,-73.9201,"gbif","GBIF","Museum of Comparative Zoology, Harvard University","Museum of Comparative Zoology, Harvard University","Museum of Comparative Zoology, Harvard University","cc by nc 4.0","Museum of Comparative Zoology, Harvard University"
"Colias philodice",1945,8,"00:00:00","1945-08-24T00:00:00","occurrence",NA,1,45.40875,-73.94272,"gbif","GBIF","Museum of Comparative Zoology, Harvard University","Museum of Comparative Zoology, Harvard University","Museum of Comparative Zoology, Harvard University","cc by nc 4.0","Museum of Comparative Zoology, Harvard University"
"Poanes hobomok",1945,6,"00:00:00","1945-06-08T00:00:00","occurrence",NA,1,45.479233,-74.302298,"gbif","GBIF","eButterfly Surveys","Vermont Center for Ecostudies","Vermont Center for Ecostudies","cc by nc 4.0","Vermont Center for Ecostudies"
"Erynnis icelus",1945,6,"00:00:00","1945-06-03T00:00:00","occurrence",NA,1,45.501689,-73.567256,"gbif","GBIF","eButterfly Surveys","Vermont Center for Ecostudies","Vermont Center for Ecostudies","cc by nc 4.0","Vermont Center for Ecostudies"
"Limenitis arthemis",1945,7,"00:00:00","1945-07-04T00:00:00","occurrence",NA,1,45.787345,-74.683552,"gbif","GBIF","eButterfly Surveys","Vermont Center for Ecostudies","Vermont Center for Ecostudies","cc by nc 4.0","Vermont Center for Ecostudies"
"Polygonia gracilis",1945,8,"00:00:00","1945-08-24T00:00:00","occurrence",NA,1,48.092178,-71.527557,"gbif","GBIF","eButterfly Surveys","Vermont Center for Ecostudies","Vermont Center for Ecostudies","cc by nc 4.0","Vermont Center for Ecostudies"
"Polygonia comma",1945,9,"00:00:00","1945-09-23T00:00:00","abundance",NA,3,45.501689,-73.567256,"gbif","GBIF","eButterfly Surveys","Vermont Center for Ecostudies","Vermont Center for Ecostudies","cc by nc 4.0","Vermont Center for Ecostudies"
"Pieris rapae",1945,9,"00:00:00","1945-09-14T00:00:00","occurrence",NA,1,45.479233,-74.302298,"gbif","GBIF","eButterfly Surveys","Vermont Center for Ecostudies","Vermont Center for Ecostudies","cc by nc 4.0","Vermont Center for Ecostudies"
"Celastrina neglecta",1945,9,"00:00:00","1945-09-03T00:00:00","occurrence",NA,1,45.958702,-73.21967,"gbif","GBIF","eButterfly Surveys","Vermont Center for Ecostudies","Vermont Center for Ecostudies","cc by nc 4.0","Vermont Center for Ecostudies"
"Vanessa atalanta",1945,7,"00:00:00","1945-07-21T00:00:00","occurrence",NA,1,45.501689,-73.567256,"gbif","GBIF","eButterfly Surveys","Vermont Center for Ecostudies","Vermont Center for Ecostudies","cc by nc 4.0","Vermont Center for Ecostudies"
"Boloria selene",1945,8,"00:00:00","1945-08-18T00:00:00","abundance",NA,2,45.501689,-73.567256,"gbif","GBIF","eButterfly Surveys","Vermont Center for Ecostudies","Vermont Center for Ecostudies","cc by nc 4.0","Vermont Center for Ecostudies"
"Boloria bellona",1945,9,"00:00:00","1945-09-03T00:00:00","occurrence",NA,1,45.958702,-73.21967,"gbif","GBIF","eButterfly Surveys","Vermont Center for Ecostudies","Vermont Center for Ecostudies","cc by nc 4.0","Vermont Center for Ecostudies"
"Polites peckius",1945,6,"00:00:00","1945-06-25T00:00:00","abundance",NA,2,46.8118,-71.209574,"gbif","GBIF","eButterfly Surveys","Vermont Center for Ecostudies","Vermont Center for Ecostudies","cc by nc 4.0","Vermont Center for Ecostudies"
"Aglais milberti",1945,8,"00:00:00","1945-08-01T00:00:00","occurrence",NA,1,46.813878,-71.207981,"gbif","GBIF","eButterfly Surveys","Vermont Center for Ecostudies","Vermont Center for Ecostudies","cc by nc 4.0","Vermont Center for Ecostudies"
"Colias eurytheme",1945,7,"00:00:00","1945-07-25T00:00:00","occurrence",NA,1,45.356596,-72.935631,"gbif","GBIF","eButterfly Surveys","Vermont Center for Ecostudies","Vermont Center for Ecostudies","cc by nc 4.0","Vermont Center for Ecostudies"
"Colias eurytheme",1945,10,"00:00:00","1945-10-19T00:00:00","occurrence",NA,1,45.42028,-73.9201,"gbif","GBIF","Museum of Comparative Zoology, Harvard University","Museum of Comparative Zoology, Harvard University","Museum of Comparative Zoology, Harvard University","cc by nc 4.0","Museum of Comparative Zoology, Harvard University"
"Colias eurytheme",1945,9,"00:00:00","1945-09-10T00:00:00","occurrence",NA,1,45.42028,-73.9201,"gbif","GBIF","Museum of Comparative Zoology, Harvard University","Museum of Comparative Zoology, Harvard University","Museum of Comparative Zoology, Harvard University","cc by nc 4.0","Museum of Comparative Zoology, Harvard University"
"Colias eurytheme",1945,9,"00:00:00","1945-09-09T00:00:00","occurrence",NA,1,45.42028,-73.9201,"gbif","GBIF","Museum of Comparative Zoology, Harvard University","Museum of Comparative Zoology, Harvard University","Museum of Comparative Zoology, Harvard University","cc by nc 4.0","Museum of Comparative Zoology, Harvard University"
"Coenonympha tullia mcisaaci",1945,6,"00:00:00","1945-06-07T00:00:00","occurrence",NA,1,45.3833,-75.8333,"gbif","GBIF","Canadian National Collection (CNC) of Insects, Arachnids and Nematodes","Canadian Biodiversity Information Facility","Canadian Biodiversity Information Facility","cc by 4.0","Canadian Biodiversity Information Facility"
"Satyrium caryaevorus",1945,6,"00:00:00","1945-06-27T00:00:00","occurrence",NA,1,45.3833,-75.8333,"gbif","GBIF","Canadian National Collection (CNC) of Insects, Arachnids and Nematodes","Canadian Biodiversity Information Facility","Canadian Biodiversity Information Facility","cc by 4.0","Canadian Biodiversity Information Facility"
"Satyrium caryaevorus",1945,6,"00:00:00","1945-06-26T00:00:00","occurrence",NA,1,45.3833,-75.8333,"gbif","GBIF","Canadian National Collection (CNC) of Insects, Arachnids and Nematodes","Canadian Biodiversity Information Facility","Canadian Biodiversity Information Facility","cc by 4.0","Canadian Biodiversity Information Facility"
"Satyrium caryaevorus",1945,6,"00:00:00","1945-06-26T00:00:00","occurrence",NA,1,45.3833,-75.8333,"gbif","GBIF","Canadian National Collection (CNC) of Insects, Arachnids and Nematodes","Canadian Biodiversity Information Facility","Canadian Biodiversity Information Facility","cc by 4.0","Canadian Biodiversity Information Facility"
"Satyrium caryaevorus",1945,6,"00:00:00","1945-06-27T00:00:00","occurrence",NA,1,45.3833,-75.8333,"gbif","GBIF","Canadian National Collection (CNC) of Insects, Arachnids and Nematodes","Canadian Biodiversity Information Facility","Canadian Biodiversity Information Facility","cc by 4.0","Canadian Biodiversity Information Facility"
"Satyrium caryaevorus",1945,6,"00:00:00","1945-06-25T00:00:00","occurrence",NA,1,45.3833,-75.8333,"gbif","GBIF","Canadian National Collection (CNC) of Insects, Arachnids and Nematodes","Canadian Biodiversity Information Facility","Canadian Biodiversity Information Facility","cc by 4.0","Canadian Biodiversity Information Facility"
"Satyrium caryaevorus",1945,6,"00:00:00","1945-06-26T00:00:00","occurrence",NA,1,45.3833,-75.8333,"gbif","GBIF","Canadian National Collection (CNC) of Insects, Arachnids and Nematodes","Canadian Biodiversity Information Facility","Canadian Biodiversity Information Facility","cc by 4.0","Canadian Biodiversity Information Facility"
"Satyrium caryaevorus",1945,6,"00:00:00","1945-06-27T00:00:00","occurrence",NA,1,45.3833,-75.8333,"gbif","GBIF","Canadian National Collection (CNC) of Insects, Arachnids and Nematodes","Canadian Biodiversity Information Facility","Canadian Biodiversity Information Facility","cc by 4.0","Canadian Biodiversity Information Facility"
"Satyrium liparops",1945,6,"00:00:00","1945-06-25T00:00:00","occurrence",NA,1,45.3833,-75.8333,"gbif","GBIF","Canadian National Collection (CNC) of Insects, Arachnids and Nematodes","Canadian Biodiversity Information Facility","Canadian Biodiversity Information Facility","cc by 4.0","Canadian Biodiversity Information Facility"
"Satyrium liparops",1945,6,"00:00:00","1945-06-24T00:00:00","occurrence",NA,1,45.3833,-75.8333,"gbif","GBIF","Canadian National Collection (CNC) of Insects, Arachnids and Nematodes","Canadian Biodiversity Information Facility","Canadian Biodiversity Information Facility","cc by 4.0","Canadian Biodiversity Information Facility"
"Glaucopsyche lygdamus",1945,6,"00:00:00","1945-06-01T00:00:00","occurrence",NA,1,46.8,-71.35,"gbif","GBIF","Canadian National Collection (CNC) of Insects, Arachnids and Nematodes","Canadian Biodiversity Information Facility","Canadian Biodiversity Information Facility","cc by 4.0","Canadian Biodiversity Information Facility"
"Pieris virginiensis",1945,4,"00:00:00","1945-04-12T00:00:00","occurrence",NA,1,45.35,-73.9167,"gbif","GBIF","Canadian National Collection (CNC) of Insects, Arachnids and Nematodes","Canadian Biodiversity Information Facility","Canadian Biodiversity Information Facility","cc by 4.0","Canadian Biodiversity Information Facility"
