"observed_scientific_name","year_obs","day_obs","time_obs","dwc_event_date","obs_variable","obs_unit","obs_value","lat","lon","original_source","creator","title","publisher","intellectual_rights","license","owner"
"Colias philodice",1950,9,"00:00:00","1950-09-01T00:00:00","presence",NA,1,45.5017,-73.5673,"ebutterfly","Maxim Larrivée, Jeremy Kerr, Kent McFarland and Katy Prudic","eButterfly","ebutterfly","eButterfly","","eButterfly"
"Hesperia sassacus",1950,7,"","1950-07-08","presence",NA,1,46.0447,-73.7106,"ebutterfly","Maxim Larrivée, Jeremy Kerr, Kent McFarland and Katy Prudic","eButterfly","ebutterfly","eButterfly","","eButterfly"
"Limenitis arthemis",1950,1,"","1950-01-24","presence",NA,1,47.8444,-69.8778,"ebutterfly","Maxim Larrivée, Jeremy Kerr, Kent McFarland and Katy Prudic","eButterfly","ebutterfly","eButterfly","","eButterfly"
"Polites mystic",1950,7,"","1950-07-02","presence",NA,1,45.4308,-73.9433,"ebutterfly","Maxim Larrivée, Jeremy Kerr, Kent McFarland and Katy Prudic","eButterfly","ebutterfly","eButterfly","","eButterfly"
"Erynnis juvenalis",1950,6,"","1950-06-04","presence",NA,1,45.564,-73.179,"ebutterfly","Maxim Larrivée, Jeremy Kerr, Kent McFarland and Katy Prudic","eButterfly","ebutterfly","eButterfly","","eButterfly"
"Megisto cymela",1950,6,"","1950-06-25","presence",NA,1,45.4308,-73.9433,"ebutterfly","Maxim Larrivée, Jeremy Kerr, Kent McFarland and Katy Prudic","eButterfly","ebutterfly","eButterfly","","eButterfly"
"Polites peckius",1950,7,"","1950-07-08","presence",NA,1,46.0447,-73.7106,"ebutterfly","Maxim Larrivée, Jeremy Kerr, Kent McFarland and Katy Prudic","eButterfly","ebutterfly","eButterfly","","eButterfly"
"Polites themistocles",1950,7,"","1950-07-08","presence",NA,1,46.0447,-73.7106,"ebutterfly","Maxim Larrivée, Jeremy Kerr, Kent McFarland and Katy Prudic","eButterfly","ebutterfly","eButterfly","","eButterfly"
"Pompeius verna",1950,6,"","1950-06-30","presence",NA,1,45.0126,-72.0958,"ebutterfly","Maxim Larrivée, Jeremy Kerr, Kent McFarland and Katy Prudic","eButterfly","ebutterfly","eButterfly","","eButterfly"
"Wallengrenia egeremet",1950,7,"","1950-07-19","presence",NA,1,45.0146,-71.7902,"ebutterfly","Maxim Larrivée, Jeremy Kerr, Kent McFarland and Katy Prudic","eButterfly","ebutterfly","eButterfly","","eButterfly"
"Phyciodes cocyta",1950,7,"","1950-07-02","presence",NA,1,45.4308,-73.9433,"ebutterfly","Maxim Larrivée, Jeremy Kerr, Kent McFarland and Katy Prudic","eButterfly","ebutterfly","eButterfly","","eButterfly"
"Pieris virginiensis",1950,5,"","1950-05-21","presence",NA,1,45.3933,-73.9551,"ebutterfly","Maxim Larrivée, Jeremy Kerr, Kent McFarland and Katy Prudic","eButterfly","ebutterfly","eButterfly","","eButterfly"
"Poanes hobomok",1950,6,"","1950-06-11","presence",NA,1,45.4308,-73.9433,"ebutterfly","Maxim Larrivée, Jeremy Kerr, Kent McFarland and Katy Prudic","eButterfly","ebutterfly","eButterfly","","eButterfly"
"Speyeria cybele",1950,6,"","1950-06-25","presence",NA,1,45.4308,-73.9433,"ebutterfly","Maxim Larrivée, Jeremy Kerr, Kent McFarland and Katy Prudic","eButterfly","ebutterfly","eButterfly","","eButterfly"
"Polygonia comma",1950,9,"","1950-09-03","presence",NA,1,46.7938,-71.3519,"ebutterfly","Maxim Larrivée, Jeremy Kerr, Kent McFarland and Katy Prudic","eButterfly","ebutterfly","eButterfly","","eButterfly"
"Hesperia sassacus",1950,7,"00:00:00","1950-07-08T00:00:00","abundance",NA,4,46.044738,-73.710612,"gbif","GBIF","eButterfly Surveys","Vermont Center for Ecostudies","Vermont Center for Ecostudies","cc by nc 4.0","Vermont Center for Ecostudies"
"Colias philodice",1950,9,"00:00:00","1950-09-01T00:00:00","occurrence",NA,1,45.501689,-73.567256,"gbif","GBIF","eButterfly Surveys","Vermont Center for Ecostudies","Vermont Center for Ecostudies","cc by nc 4.0","Vermont Center for Ecostudies"
"Polites peckius",1950,7,"00:00:00","1950-07-08T00:00:00","occurrence",NA,1,46.044738,-73.710612,"gbif","GBIF","eButterfly Surveys","Vermont Center for Ecostudies","Vermont Center for Ecostudies","cc by nc 4.0","Vermont Center for Ecostudies"
"Limenitis arthemis",1950,1,"00:00:00","1950-01-24T00:00:00","occurrence",NA,1,47.844387,-69.877795,"gbif","GBIF","eButterfly Surveys","Vermont Center for Ecostudies","Vermont Center for Ecostudies","cc by nc 4.0","Vermont Center for Ecostudies"
"Poanes hobomok",1950,6,"00:00:00","1950-06-11T00:00:00","abundance",NA,2,45.430841,-73.943329,"gbif","GBIF","eButterfly Surveys","Vermont Center for Ecostudies","Vermont Center for Ecostudies","cc by nc 4.0","Vermont Center for Ecostudies"
"Megisto cymela",1950,6,"00:00:00","1950-06-25T00:00:00","abundance",NA,2,45.430841,-73.943329,"gbif","GBIF","eButterfly Surveys","Vermont Center for Ecostudies","Vermont Center for Ecostudies","cc by nc 4.0","Vermont Center for Ecostudies"
"Erynnis juvenalis",1950,6,"00:00:00","1950-06-04T00:00:00","abundance",NA,8,45.564042,-73.179013,"gbif","GBIF","eButterfly Surveys","Vermont Center for Ecostudies","Vermont Center for Ecostudies","cc by nc 4.0","Vermont Center for Ecostudies"
"Polites mystic",1950,7,"00:00:00","1950-07-02T00:00:00","occurrence",NA,1,45.430841,-73.943329,"gbif","GBIF","eButterfly Surveys","Vermont Center for Ecostudies","Vermont Center for Ecostudies","cc by nc 4.0","Vermont Center for Ecostudies"
"Phyciodes cocyta",1950,7,"00:00:00","1950-07-02T00:00:00","occurrence",NA,1,45.430841,-73.943329,"gbif","GBIF","eButterfly Surveys","Vermont Center for Ecostudies","Vermont Center for Ecostudies","cc by nc 4.0","Vermont Center for Ecostudies"
"Wallengrenia egeremet",1950,7,"00:00:00","1950-07-19T00:00:00","occurrence",NA,1,45.014624,-71.790155,"gbif","GBIF","eButterfly Surveys","Vermont Center for Ecostudies","Vermont Center for Ecostudies","cc by nc 4.0","Vermont Center for Ecostudies"
"Polygonia comma",1950,9,"00:00:00","1950-09-03T00:00:00","abundance",NA,2,46.7938,-71.3519,"gbif","GBIF","eButterfly Surveys","Vermont Center for Ecostudies","Vermont Center for Ecostudies","cc by nc 4.0","Vermont Center for Ecostudies"
"Pompeius verna",1950,6,"00:00:00","1950-06-30T00:00:00","abundance",NA,2,45.012615,-72.095768,"gbif","GBIF","eButterfly Surveys","Vermont Center for Ecostudies","Vermont Center for Ecostudies","cc by nc 4.0","Vermont Center for Ecostudies"
"Mamestra curialis",1950,7,"00:00:00","1950-07-13T00:00:00","occurrence",NA,1,48.75,-69.07,"gbif","GBIF","Lepidoptera World (Luomus) (LEPW)","Finnish Biodiversity Information Facility","Finnish Biodiversity Information Facility","cc by 4.0","Finnish Biodiversity Information Facility"
"Mamestra curialis",1950,7,"00:00:00","1950-07-07T00:00:00","occurrence",NA,1,48.75,-69.07,"gbif","GBIF","Lepidoptera World (Luomus) (LEPW)","Finnish Biodiversity Information Facility","Finnish Biodiversity Information Facility","cc by 4.0","Finnish Biodiversity Information Facility"
"Polygonia faunus",1950,8,"00:00:00","1950-08-05T00:00:00","abundance",NA,2,46.040245,-74.032646,"gbif","GBIF","Entomology Division, Yale Peabody Museum","Yale University Peabody Museum","Yale University Peabody Museum","cc0 1.0","Yale University Peabody Museum"
"Hesperia comma",1950,8,"00:00:00","1950-08-01T00:00:00","occurrence",NA,1,49.219134,-65.892919,"gbif","GBIF","Entomology Division, Yale Peabody Museum","Yale University Peabody Museum","Yale University Peabody Museum","cc0 1.0","Yale University Peabody Museum"
"Hesperia comma",1950,8,"00:00:00","1950-08-01T00:00:00","occurrence",NA,1,49.219134,-65.892919,"gbif","GBIF","Entomology Division, Yale Peabody Museum","Yale University Peabody Museum","Yale University Peabody Museum","cc0 1.0","Yale University Peabody Museum"
"Speyeria atlantis",1950,8,"00:00:00","1950-08-01T00:00:00","abundance",NA,3,47.523662,-71.076904,"gbif","GBIF","Entomology Division, Yale Peabody Museum","Yale University Peabody Museum","Yale University Peabody Museum","cc0 1.0","Yale University Peabody Museum"
"Hesperia comma",1950,8,"00:00:00","1950-08-01T00:00:00","occurrence",NA,1,49.219134,-65.892919,"gbif","GBIF","Entomology Division, Yale Peabody Museum","Yale University Peabody Museum","Yale University Peabody Museum","cc0 1.0","Yale University Peabody Museum"
"Hesperia comma",1950,8,"00:00:00","1950-08-01T00:00:00","occurrence",NA,1,49.219134,-65.892919,"gbif","GBIF","Entomology Division, Yale Peabody Museum","Yale University Peabody Museum","Yale University Peabody Museum","cc0 1.0","Yale University Peabody Museum"
"Hesperia comma",1950,8,"00:00:00","1950-08-01T00:00:00","occurrence",NA,1,49.219134,-65.892919,"gbif","GBIF","Entomology Division, Yale Peabody Museum","Yale University Peabody Museum","Yale University Peabody Museum","cc0 1.0","Yale University Peabody Museum"
"Hesperia comma",1950,8,"00:00:00","1950-08-01T00:00:00","occurrence",NA,1,49.219134,-65.892919,"gbif","GBIF","Entomology Division, Yale Peabody Museum","Yale University Peabody Museum","Yale University Peabody Museum","cc0 1.0","Yale University Peabody Museum"
"Scopula frigidaria",1950,7,"00:00:00","1950-07-15T00:00:00","occurrence",NA,1,48.2,-65.9,"gbif","GBIF","Entomology Division, Yale Peabody Museum","Yale University Peabody Museum","Yale University Peabody Museum","cc0 1.0","Yale University Peabody Museum"
"Catocala sordida",1950,8,"00:00:00","1950-08-09T00:00:00","occurrence",NA,1,48.739,-69.088,"gbif","GBIF","University of Alberta E. H. Strickland Entomological Museum (UASM)","University of Alberta Museums","University of Alberta Museums","cc0 1.0","University of Alberta Museums"
"Megisto cymela",1950,6,"00:00:00","1950-06-25T00:00:00","occurrence",NA,1,45.4167,-73.9333,"gbif","GBIF","Lyman Entomological Museum","Canadian Biodiversity Information Facility","Canadian Biodiversity Information Facility","cc0 1.0","Canadian Biodiversity Information Facility"
"Speyeria cybele",1950,6,"00:00:00","1950-06-25T00:00:00","occurrence",NA,1,45.4167,-73.9333,"gbif","GBIF","Lyman Entomological Museum","Canadian Biodiversity Information Facility","Canadian Biodiversity Information Facility","cc0 1.0","Canadian Biodiversity Information Facility"
"Polites peckius",1950,7,"00:00:00","1950-07-08T00:00:00","occurrence",NA,1,46.05,-73.7167,"gbif","GBIF","Lyman Entomological Museum","Canadian Biodiversity Information Facility","Canadian Biodiversity Information Facility","cc0 1.0","Canadian Biodiversity Information Facility"
"Limenitis arthemis",1950,6,"00:00:00","1950-06-25T00:00:00","occurrence",NA,1,45.4167,-73.9333,"gbif","GBIF","Lyman Entomological Museum","Canadian Biodiversity Information Facility","Canadian Biodiversity Information Facility","cc0 1.0","Canadian Biodiversity Information Facility"
"Polites mystic",1950,7,"00:00:00","1950-07-02T00:00:00","occurrence",NA,1,45.4167,-73.9333,"gbif","GBIF","Lyman Entomological Museum","Canadian Biodiversity Information Facility","Canadian Biodiversity Information Facility","cc0 1.0","Canadian Biodiversity Information Facility"
"Hesperia sassacus",1950,7,"00:00:00","1950-07-08T00:00:00","occurrence",NA,1,46.05,-73.7167,"gbif","GBIF","Lyman Entomological Museum","Canadian Biodiversity Information Facility","Canadian Biodiversity Information Facility","cc0 1.0","Canadian Biodiversity Information Facility"
"Poanes hobomok",1950,6,"00:00:00","1950-06-11T00:00:00","occurrence",NA,1,45.4167,-73.9333,"gbif","GBIF","Lyman Entomological Museum","Canadian Biodiversity Information Facility","Canadian Biodiversity Information Facility","cc0 1.0","Canadian Biodiversity Information Facility"
"Phyciodes cocyta",1950,7,"00:00:00","1950-07-02T00:00:00","occurrence",NA,1,45.4167,-73.9333,"gbif","GBIF","Lyman Entomological Museum","Canadian Biodiversity Information Facility","Canadian Biodiversity Information Facility","cc0 1.0","Canadian Biodiversity Information Facility"
"Polites themistocles",1950,7,"00:00:00","1950-07-08T00:00:00","occurrence",NA,1,46.05,-73.7167,"gbif","GBIF","Lyman Entomological Museum","Canadian Biodiversity Information Facility","Canadian Biodiversity Information Facility","cc0 1.0","Canadian Biodiversity Information Facility"
"Phyciodes cocyta",1950,6,"00:00:00","1950-06-11T00:00:00","occurrence",NA,1,45.45,-73.65,"gbif","GBIF","Lyman Entomological Museum","Canadian Biodiversity Information Facility","Canadian Biodiversity Information Facility","cc0 1.0","Canadian Biodiversity Information Facility"
"Danaus plexippus",1950,7,"00:00:00","1950-07-20T00:00:00","occurrence",NA,1,45.4167,-73.9333,"gbif","GBIF","Lyman Entomological Museum","Canadian Biodiversity Information Facility","Canadian Biodiversity Information Facility","cc0 1.0","Canadian Biodiversity Information Facility"
"Colias philodice",1950,10,"00:00:00","1950-10-26T00:00:00","occurrence",NA,1,45.42028,-73.9201,"gbif","GBIF","Museum of Comparative Zoology, Harvard University","Museum of Comparative Zoology, Harvard University","Museum of Comparative Zoology, Harvard University","cc by nc 4.0","Museum of Comparative Zoology, Harvard University"
"Colias philodice",1950,5,"00:00:00","1950-05-31T00:00:00","occurrence",NA,1,45.42028,-73.9201,"gbif","GBIF","Museum of Comparative Zoology, Harvard University","Museum of Comparative Zoology, Harvard University","Museum of Comparative Zoology, Harvard University","cc by nc 4.0","Museum of Comparative Zoology, Harvard University"
"Colias philodice",1950,7,"00:00:00","1950-07-20T00:00:00","occurrence",NA,1,45.42028,-73.9201,"gbif","GBIF","Museum of Comparative Zoology, Harvard University","Museum of Comparative Zoology, Harvard University","Museum of Comparative Zoology, Harvard University","cc by nc 4.0","Museum of Comparative Zoology, Harvard University"
"Colias interior",1950,6,"00:00:00","1950-06-10T00:00:00","occurrence",NA,1,45.42028,-73.9201,"gbif","GBIF","Museum of Comparative Zoology, Harvard University","Museum of Comparative Zoology, Harvard University","Museum of Comparative Zoology, Harvard University","cc by nc 4.0","Museum of Comparative Zoology, Harvard University"
"Colias philodice",1950,5,"00:00:00","1950-05-29T00:00:00","occurrence",NA,1,45.42028,-73.9201,"gbif","GBIF","Museum of Comparative Zoology, Harvard University","Museum of Comparative Zoology, Harvard University","Museum of Comparative Zoology, Harvard University","cc by nc 4.0","Museum of Comparative Zoology, Harvard University"
"Colias philodice",1950,7,"00:00:00","1950-07-20T00:00:00","occurrence",NA,1,45.42028,-73.9201,"gbif","GBIF","Museum of Comparative Zoology, Harvard University","Museum of Comparative Zoology, Harvard University","Museum of Comparative Zoology, Harvard University","cc by nc 4.0","Museum of Comparative Zoology, Harvard University"
"Hesperia comma",1950,8,"00:00:00","1950-08-01T00:00:00","occurrence",NA,1,49.219134,-65.892919,"gbif","GBIF","Entomology Division, Yale Peabody Museum","Yale University Peabody Museum","Yale University Peabody Museum","cc0 1.0","Yale University Peabody Museum"
"Hesperia comma",1950,8,"00:00:00","1950-08-01T00:00:00","occurrence",NA,1,49.219134,-65.892919,"gbif","GBIF","Entomology Division, Yale Peabody Museum","Yale University Peabody Museum","Yale University Peabody Museum","cc0 1.0","Yale University Peabody Museum"
"Nymphalis vaualbum",1950,8,"00:00:00","1950-08-01T00:00:00","abundance",NA,3,46.040245,-74.032646,"gbif","GBIF","Entomology Division, Yale Peabody Museum","Yale University Peabody Museum","Yale University Peabody Museum","cc0 1.0","Yale University Peabody Museum"
"Hesperia comma",1950,8,"00:00:00","1950-08-01T00:00:00","occurrence",NA,1,49.219134,-65.892919,"gbif","GBIF","Entomology Division, Yale Peabody Museum","Yale University Peabody Museum","Yale University Peabody Museum","cc0 1.0","Yale University Peabody Museum"
"Hesperia comma",1950,8,"00:00:00","1950-08-01T00:00:00","occurrence",NA,1,49.219134,-65.892919,"gbif","GBIF","Entomology Division, Yale Peabody Museum","Yale University Peabody Museum","Yale University Peabody Museum","cc0 1.0","Yale University Peabody Museum"
"Cucullia",1950,7,"00:00:00","1950-07-17T00:00:00","occurrence",NA,1,46.28333,-74.73333,"gbif","GBIF","Entomology Division, Yale Peabody Museum","Yale University Peabody Museum","Yale University Peabody Museum","cc0 1.0","Yale University Peabody Museum"
"Hesperia comma",1950,8,"00:00:00","1950-08-01T00:00:00","occurrence",NA,1,49.219134,-65.892919,"gbif","GBIF","Entomology Division, Yale Peabody Museum","Yale University Peabody Museum","Yale University Peabody Museum","cc0 1.0","Yale University Peabody Museum"
"Polites themistocles",1950,7,"00:00:00","1950-07-08T00:00:00","abundance",NA,2,46.044738,-73.710612,"gbif","GBIF","eButterfly Surveys","Vermont Center for Ecostudies","Vermont Center for Ecostudies","cc by nc 4.0","Vermont Center for Ecostudies"
"Speyeria cybele",1950,6,"00:00:00","1950-06-25T00:00:00","occurrence",NA,1,45.430841,-73.943329,"gbif","GBIF","eButterfly Surveys","Vermont Center for Ecostudies","Vermont Center for Ecostudies","cc by nc 4.0","Vermont Center for Ecostudies"
"Colias philodice",1950,5,"00:00:00","1950-05-31T00:00:00","occurrence",NA,1,45.42028,-73.9201,"gbif","GBIF","Museum of Comparative Zoology, Harvard University","Museum of Comparative Zoology, Harvard University","Museum of Comparative Zoology, Harvard University","cc by nc 4.0","Museum of Comparative Zoology, Harvard University"
"Megisto cymela",1950,6,"00:00:00","1950-06-24T00:00:00","occurrence",NA,1,45.5333,-73.8167,"gbif","GBIF","Canadian National Collection (CNC) of Insects, Arachnids and Nematodes","Canadian Biodiversity Information Facility","Canadian Biodiversity Information Facility","cc by 4.0","Canadian Biodiversity Information Facility"
"Megisto cymela",1950,6,"00:00:00","1950-06-27T00:00:00","occurrence",NA,1,45.5333,-73.8167,"gbif","GBIF","Canadian National Collection (CNC) of Insects, Arachnids and Nematodes","Canadian Biodiversity Information Facility","Canadian Biodiversity Information Facility","cc by 4.0","Canadian Biodiversity Information Facility"
"Megisto cymela",1950,6,"00:00:00","1950-06-24T00:00:00","occurrence",NA,1,45.5333,-73.8167,"gbif","GBIF","Canadian National Collection (CNC) of Insects, Arachnids and Nematodes","Canadian Biodiversity Information Facility","Canadian Biodiversity Information Facility","cc by 4.0","Canadian Biodiversity Information Facility"
"Celastrina ladon",1950,5,"00:00:00","1950-05-21T00:00:00","occurrence",NA,1,45.5333,-75.8167,"gbif","GBIF","Canadian National Collection (CNC) of Insects, Arachnids and Nematodes","Canadian Biodiversity Information Facility","Canadian Biodiversity Information Facility","cc by 4.0","Canadian Biodiversity Information Facility"
"Celastrina ladon",1950,5,"00:00:00","1950-05-25T00:00:00","occurrence",NA,1,45.55,-76.1667,"gbif","GBIF","Canadian National Collection (CNC) of Insects, Arachnids and Nematodes","Canadian Biodiversity Information Facility","Canadian Biodiversity Information Facility","cc by 4.0","Canadian Biodiversity Information Facility"
"Speyeria cybele",1950,7,"00:00:00","1950-07-09T00:00:00","occurrence",NA,1,45.5333,-73.8167,"gbif","GBIF","Canadian National Collection (CNC) of Insects, Arachnids and Nematodes","Canadian Biodiversity Information Facility","Canadian Biodiversity Information Facility","cc by 4.0","Canadian Biodiversity Information Facility"
"Phyciodes cocyta",1950,6,"00:00:00","1950-06-27T00:00:00","occurrence",NA,1,45.5333,-73.8167,"gbif","GBIF","Canadian National Collection (CNC) of Insects, Arachnids and Nematodes","Canadian Biodiversity Information Facility","Canadian Biodiversity Information Facility","cc by 4.0","Canadian Biodiversity Information Facility"
"Colias interior",1950,7,"00:00:00","1950-07-10T00:00:00","occurrence",NA,1,48.7333,-69.0833,"gbif","GBIF","Canadian National Collection (CNC) of Insects, Arachnids and Nematodes","Canadian Biodiversity Information Facility","Canadian Biodiversity Information Facility","cc by 4.0","Canadian Biodiversity Information Facility"
"Phyciodes cocyta",1950,6,"00:00:00","1950-06-24T00:00:00","occurrence",NA,1,45.5333,-73.8167,"gbif","GBIF","Canadian National Collection (CNC) of Insects, Arachnids and Nematodes","Canadian Biodiversity Information Facility","Canadian Biodiversity Information Facility","cc by 4.0","Canadian Biodiversity Information Facility"
"Phyciodes cocyta",1950,7,"00:00:00","1950-07-09T00:00:00","occurrence",NA,1,45.5333,-73.8167,"gbif","GBIF","Canadian National Collection (CNC) of Insects, Arachnids and Nematodes","Canadian Biodiversity Information Facility","Canadian Biodiversity Information Facility","cc by 4.0","Canadian Biodiversity Information Facility"
"Phyciodes cocyta",1950,7,"00:00:00","1950-07-09T00:00:00","occurrence",NA,1,45.5333,-73.8167,"gbif","GBIF","Canadian National Collection (CNC) of Insects, Arachnids and Nematodes","Canadian Biodiversity Information Facility","Canadian Biodiversity Information Facility","cc by 4.0","Canadian Biodiversity Information Facility"
"Boloria bellona",1950,5,"00:00:00","1950-05-28T00:00:00","occurrence",NA,1,45.5333,-75.8167,"gbif","GBIF","Canadian National Collection (CNC) of Insects, Arachnids and Nematodes","Canadian Biodiversity Information Facility","Canadian Biodiversity Information Facility","cc by 4.0","Canadian Biodiversity Information Facility"
"Boloria bellona",1950,5,"00:00:00","1950-05-25T00:00:00","occurrence",NA,1,45.55,-76.1667,"gbif","GBIF","Canadian National Collection (CNC) of Insects, Arachnids and Nematodes","Canadian Biodiversity Information Facility","Canadian Biodiversity Information Facility","cc by 4.0","Canadian Biodiversity Information Facility"
"Plebejus saepiolus",1950,7,"00:00:00","1950-07-08T00:00:00","occurrence",NA,1,48.7333,-69.0833,"gbif","GBIF","Canadian National Collection (CNC) of Insects, Arachnids and Nematodes","Canadian Biodiversity Information Facility","Canadian Biodiversity Information Facility","cc by 4.0","Canadian Biodiversity Information Facility"
"Euphydryas phaeton",1950,6,"00:00:00","1950-06-24T00:00:00","occurrence",NA,1,45.5333,-73.8167,"gbif","GBIF","Canadian National Collection (CNC) of Insects, Arachnids and Nematodes","Canadian Biodiversity Information Facility","Canadian Biodiversity Information Facility","cc by 4.0","Canadian Biodiversity Information Facility"
"Colias philodice",1950,5,"00:00:00","1950-05-25T00:00:00","occurrence",NA,1,45.55,-76.1667,"gbif","GBIF","Canadian National Collection (CNC) of Insects, Arachnids and Nematodes","Canadian Biodiversity Information Facility","Canadian Biodiversity Information Facility","cc by 4.0","Canadian Biodiversity Information Facility"
"Boloria bellona",1950,7,"00:00:00","1950-07-09T00:00:00","occurrence",NA,1,45.5333,-73.8167,"gbif","GBIF","Canadian National Collection (CNC) of Insects, Arachnids and Nematodes","Canadian Biodiversity Information Facility","Canadian Biodiversity Information Facility","cc by 4.0","Canadian Biodiversity Information Facility"
"Pieris oleracea",1950,6,"00:00:00","1950-06-15T00:00:00","occurrence",NA,1,45.5333,-75.8833,"gbif","GBIF","Canadian National Collection (CNC) of Insects, Arachnids and Nematodes","Canadian Biodiversity Information Facility","Canadian Biodiversity Information Facility","cc by 4.0","Canadian Biodiversity Information Facility"
"Speyeria aphrodite",1950,7,"00:00:00","1950-07-09T00:00:00","occurrence",NA,1,45.5333,-73.8167,"gbif","GBIF","Canadian National Collection (CNC) of Insects, Arachnids and Nematodes","Canadian Biodiversity Information Facility","Canadian Biodiversity Information Facility","cc by 4.0","Canadian Biodiversity Information Facility"
"Oeneis chryxus calais",1950,5,"00:00:00","1950-05-25T00:00:00","occurrence",NA,1,45.55,-76,"gbif","GBIF","Canadian National Collection (CNC) of Insects, Arachnids and Nematodes","Canadian Biodiversity Information Facility","Canadian Biodiversity Information Facility","cc by 4.0","Canadian Biodiversity Information Facility"
"Oeneis chryxus calais",1950,5,"00:00:00","1950-05-25T00:00:00","occurrence",NA,1,45.55,-76,"gbif","GBIF","Canadian National Collection (CNC) of Insects, Arachnids and Nematodes","Canadian Biodiversity Information Facility","Canadian Biodiversity Information Facility","cc by 4.0","Canadian Biodiversity Information Facility"
"Oeneis chryxus calais",1950,5,"00:00:00","1950-05-25T00:00:00","occurrence",NA,1,45.55,-76,"gbif","GBIF","Canadian National Collection (CNC) of Insects, Arachnids and Nematodes","Canadian Biodiversity Information Facility","Canadian Biodiversity Information Facility","cc by 4.0","Canadian Biodiversity Information Facility"
"Oeneis chryxus calais",1950,5,"00:00:00","1950-05-25T00:00:00","occurrence",NA,1,45.55,-76,"gbif","GBIF","Canadian National Collection (CNC) of Insects, Arachnids and Nematodes","Canadian Biodiversity Information Facility","Canadian Biodiversity Information Facility","cc by 4.0","Canadian Biodiversity Information Facility"
"Oeneis chryxus calais",1950,5,"00:00:00","1950-05-25T00:00:00","occurrence",NA,1,45.55,-76,"gbif","GBIF","Canadian National Collection (CNC) of Insects, Arachnids and Nematodes","Canadian Biodiversity Information Facility","Canadian Biodiversity Information Facility","cc by 4.0","Canadian Biodiversity Information Facility"
"Oeneis chryxus calais",1950,5,"00:00:00","1950-05-25T00:00:00","occurrence",NA,1,45.55,-76,"gbif","GBIF","Canadian National Collection (CNC) of Insects, Arachnids and Nematodes","Canadian Biodiversity Information Facility","Canadian Biodiversity Information Facility","cc by 4.0","Canadian Biodiversity Information Facility"
"Oeneis chryxus calais",1950,5,"00:00:00","1950-05-25T00:00:00","occurrence",NA,1,45.55,-76,"gbif","GBIF","Canadian National Collection (CNC) of Insects, Arachnids and Nematodes","Canadian Biodiversity Information Facility","Canadian Biodiversity Information Facility","cc by 4.0","Canadian Biodiversity Information Facility"
"Oeneis chryxus calais",1950,5,"00:00:00","1950-05-25T00:00:00","occurrence",NA,1,45.55,-76,"gbif","GBIF","Canadian National Collection (CNC) of Insects, Arachnids and Nematodes","Canadian Biodiversity Information Facility","Canadian Biodiversity Information Facility","cc by 4.0","Canadian Biodiversity Information Facility"
"Oeneis chryxus calais",1950,5,"00:00:00","1950-05-25T00:00:00","occurrence",NA,1,45.55,-76,"gbif","GBIF","Canadian National Collection (CNC) of Insects, Arachnids and Nematodes","Canadian Biodiversity Information Facility","Canadian Biodiversity Information Facility","cc by 4.0","Canadian Biodiversity Information Facility"
"Oeneis chryxus calais",1950,5,"00:00:00","1950-05-25T00:00:00","occurrence",NA,1,45.55,-76,"gbif","GBIF","Canadian National Collection (CNC) of Insects, Arachnids and Nematodes","Canadian Biodiversity Information Facility","Canadian Biodiversity Information Facility","cc by 4.0","Canadian Biodiversity Information Facility"
"Oeneis chryxus calais",1950,5,"00:00:00","1950-05-25T00:00:00","occurrence",NA,1,45.55,-76,"gbif","GBIF","Canadian National Collection (CNC) of Insects, Arachnids and Nematodes","Canadian Biodiversity Information Facility","Canadian Biodiversity Information Facility","cc by 4.0","Canadian Biodiversity Information Facility"
"Oeneis chryxus calais",1950,5,"00:00:00","1950-05-25T00:00:00","occurrence",NA,1,45.55,-76,"gbif","GBIF","Canadian National Collection (CNC) of Insects, Arachnids and Nematodes","Canadian Biodiversity Information Facility","Canadian Biodiversity Information Facility","cc by 4.0","Canadian Biodiversity Information Facility"
"Oeneis chryxus calais",1950,5,"00:00:00","1950-05-25T00:00:00","occurrence",NA,1,45.55,-76,"gbif","GBIF","Canadian National Collection (CNC) of Insects, Arachnids and Nematodes","Canadian Biodiversity Information Facility","Canadian Biodiversity Information Facility","cc by 4.0","Canadian Biodiversity Information Facility"
"Oeneis chryxus calais",1950,5,"00:00:00","1950-05-25T00:00:00","occurrence",NA,1,45.55,-76,"gbif","GBIF","Canadian National Collection (CNC) of Insects, Arachnids and Nematodes","Canadian Biodiversity Information Facility","Canadian Biodiversity Information Facility","cc by 4.0","Canadian Biodiversity Information Facility"
"Oeneis chryxus calais",1950,5,"00:00:00","1950-05-25T00:00:00","occurrence",NA,1,45.55,-76,"gbif","GBIF","Canadian National Collection (CNC) of Insects, Arachnids and Nematodes","Canadian Biodiversity Information Facility","Canadian Biodiversity Information Facility","cc by 4.0","Canadian Biodiversity Information Facility"
"Oeneis chryxus calais",1950,5,"00:00:00","1950-05-25T00:00:00","occurrence",NA,1,45.55,-76,"gbif","GBIF","Canadian National Collection (CNC) of Insects, Arachnids and Nematodes","Canadian Biodiversity Information Facility","Canadian Biodiversity Information Facility","cc by 4.0","Canadian Biodiversity Information Facility"
"Pieris virginiensis",1950,5,"00:00:00","1950-05-26T00:00:00","occurrence",NA,1,45.35,-73.9167,"gbif","GBIF","Canadian National Collection (CNC) of Insects, Arachnids and Nematodes","Canadian Biodiversity Information Facility","Canadian Biodiversity Information Facility","cc by 4.0","Canadian Biodiversity Information Facility"
"Oeneis chryxus calais",1950,5,"00:00:00","1950-05-25T00:00:00","occurrence",NA,1,45.55,-76,"gbif","GBIF","Canadian National Collection (CNC) of Insects, Arachnids and Nematodes","Canadian Biodiversity Information Facility","Canadian Biodiversity Information Facility","cc by 4.0","Canadian Biodiversity Information Facility"
"Oeneis chryxus calais",1950,5,"00:00:00","1950-05-25T00:00:00","occurrence",NA,1,45.55,-76,"gbif","GBIF","Canadian National Collection (CNC) of Insects, Arachnids and Nematodes","Canadian Biodiversity Information Facility","Canadian Biodiversity Information Facility","cc by 4.0","Canadian Biodiversity Information Facility"
"Oeneis chryxus calais",1950,5,"00:00:00","1950-05-25T00:00:00","occurrence",NA,1,45.55,-76,"gbif","GBIF","Canadian National Collection (CNC) of Insects, Arachnids and Nematodes","Canadian Biodiversity Information Facility","Canadian Biodiversity Information Facility","cc by 4.0","Canadian Biodiversity Information Facility"
"Oeneis chryxus calais",1950,5,"00:00:00","1950-05-25T00:00:00","occurrence",NA,1,45.55,-76,"gbif","GBIF","Canadian National Collection (CNC) of Insects, Arachnids and Nematodes","Canadian Biodiversity Information Facility","Canadian Biodiversity Information Facility","cc by 4.0","Canadian Biodiversity Information Facility"
"Oeneis chryxus calais",1950,5,"00:00:00","1950-05-25T00:00:00","occurrence",NA,1,45.55,-76,"gbif","GBIF","Canadian National Collection (CNC) of Insects, Arachnids and Nematodes","Canadian Biodiversity Information Facility","Canadian Biodiversity Information Facility","cc by 4.0","Canadian Biodiversity Information Facility"
"Oeneis chryxus calais",1950,5,"00:00:00","1950-05-25T00:00:00","occurrence",NA,1,45.55,-76,"gbif","GBIF","Canadian National Collection (CNC) of Insects, Arachnids and Nematodes","Canadian Biodiversity Information Facility","Canadian Biodiversity Information Facility","cc by 4.0","Canadian Biodiversity Information Facility"
"Oeneis chryxus calais",1950,5,"00:00:00","1950-05-25T00:00:00","occurrence",NA,1,45.55,-76,"gbif","GBIF","Canadian National Collection (CNC) of Insects, Arachnids and Nematodes","Canadian Biodiversity Information Facility","Canadian Biodiversity Information Facility","cc by 4.0","Canadian Biodiversity Information Facility"
"Oeneis chryxus calais",1950,5,"00:00:00","1950-05-25T00:00:00","occurrence",NA,1,45.55,-76,"gbif","GBIF","Canadian National Collection (CNC) of Insects, Arachnids and Nematodes","Canadian Biodiversity Information Facility","Canadian Biodiversity Information Facility","cc by 4.0","Canadian Biodiversity Information Facility"
"Oeneis chryxus calais",1950,5,"00:00:00","1950-05-25T00:00:00","occurrence",NA,1,45.55,-76,"gbif","GBIF","Canadian National Collection (CNC) of Insects, Arachnids and Nematodes","Canadian Biodiversity Information Facility","Canadian Biodiversity Information Facility","cc by 4.0","Canadian Biodiversity Information Facility"
"Oeneis chryxus calais",1950,5,"00:00:00","1950-05-25T00:00:00","occurrence",NA,1,45.55,-76,"gbif","GBIF","Canadian National Collection (CNC) of Insects, Arachnids and Nematodes","Canadian Biodiversity Information Facility","Canadian Biodiversity Information Facility","cc by 4.0","Canadian Biodiversity Information Facility"
"Oeneis chryxus calais",1950,5,"00:00:00","1950-05-25T00:00:00","occurrence",NA,1,45.55,-76,"gbif","GBIF","Canadian National Collection (CNC) of Insects, Arachnids and Nematodes","Canadian Biodiversity Information Facility","Canadian Biodiversity Information Facility","cc by 4.0","Canadian Biodiversity Information Facility"
"Oeneis chryxus calais",1950,5,"00:00:00","1950-05-25T00:00:00","occurrence",NA,1,45.55,-76,"gbif","GBIF","Canadian National Collection (CNC) of Insects, Arachnids and Nematodes","Canadian Biodiversity Information Facility","Canadian Biodiversity Information Facility","cc by 4.0","Canadian Biodiversity Information Facility"
"Oeneis chryxus calais",1950,5,"00:00:00","1950-05-25T00:00:00","occurrence",NA,1,45.55,-76,"gbif","GBIF","Canadian National Collection (CNC) of Insects, Arachnids and Nematodes","Canadian Biodiversity Information Facility","Canadian Biodiversity Information Facility","cc by 4.0","Canadian Biodiversity Information Facility"
"Oeneis chryxus calais",1950,5,"00:00:00","1950-05-25T00:00:00","occurrence",NA,1,45.55,-76,"gbif","GBIF","Canadian National Collection (CNC) of Insects, Arachnids and Nematodes","Canadian Biodiversity Information Facility","Canadian Biodiversity Information Facility","cc by 4.0","Canadian Biodiversity Information Facility"
"Oeneis chryxus calais",1950,5,"00:00:00","1950-05-25T00:00:00","occurrence",NA,1,45.55,-76,"gbif","GBIF","Canadian National Collection (CNC) of Insects, Arachnids and Nematodes","Canadian Biodiversity Information Facility","Canadian Biodiversity Information Facility","cc by 4.0","Canadian Biodiversity Information Facility"
"Oeneis chryxus calais",1950,5,"00:00:00","1950-05-25T00:00:00","occurrence",NA,1,45.55,-76,"gbif","GBIF","Canadian National Collection (CNC) of Insects, Arachnids and Nematodes","Canadian Biodiversity Information Facility","Canadian Biodiversity Information Facility","cc by 4.0","Canadian Biodiversity Information Facility"
"Oeneis chryxus calais",1950,5,"00:00:00","1950-05-25T00:00:00","occurrence",NA,1,45.55,-76,"gbif","GBIF","Canadian National Collection (CNC) of Insects, Arachnids and Nematodes","Canadian Biodiversity Information Facility","Canadian Biodiversity Information Facility","cc by 4.0","Canadian Biodiversity Information Facility"
"Oeneis chryxus calais",1950,5,"00:00:00","1950-05-25T00:00:00","occurrence",NA,1,45.55,-76,"gbif","GBIF","Canadian National Collection (CNC) of Insects, Arachnids and Nematodes","Canadian Biodiversity Information Facility","Canadian Biodiversity Information Facility","cc by 4.0","Canadian Biodiversity Information Facility"
"Oeneis chryxus calais",1950,5,"00:00:00","1950-05-25T00:00:00","occurrence",NA,1,45.55,-76,"gbif","GBIF","Canadian National Collection (CNC) of Insects, Arachnids and Nematodes","Canadian Biodiversity Information Facility","Canadian Biodiversity Information Facility","cc by 4.0","Canadian Biodiversity Information Facility"
"Oeneis chryxus calais",1950,5,"00:00:00","1950-05-25T00:00:00","occurrence",NA,1,45.55,-76,"gbif","GBIF","Canadian National Collection (CNC) of Insects, Arachnids and Nematodes","Canadian Biodiversity Information Facility","Canadian Biodiversity Information Facility","cc by 4.0","Canadian Biodiversity Information Facility"
"Chlosyne nycteis",1950,7,"00:00:00","1950-07-09T00:00:00","occurrence",NA,1,45.5333,-73.8167,"gbif","GBIF","Canadian National Collection (CNC) of Insects, Arachnids and Nematodes","Canadian Biodiversity Information Facility","Canadian Biodiversity Information Facility","cc by 4.0","Canadian Biodiversity Information Facility"
"Erynnis juvenalis",1950,5,"00:00:00","1950-05-28T00:00:00","occurrence",NA,1,45.5333,-75.8167,"gbif","GBIF","Canadian National Collection (CNC) of Insects, Arachnids and Nematodes","Canadian Biodiversity Information Facility","Canadian Biodiversity Information Facility","cc by 4.0","Canadian Biodiversity Information Facility"
"Pieris oleracea",1950,5,"00:00:00","1950-05-14T00:00:00","occurrence",NA,1,45.5167,-75.9167,"gbif","GBIF","Canadian National Collection (CNC) of Insects, Arachnids and Nematodes","Canadian Biodiversity Information Facility","Canadian Biodiversity Information Facility","cc by 4.0","Canadian Biodiversity Information Facility"
"Oeneis chryxus calais",1950,5,"00:00:00","1950-05-25T00:00:00","occurrence",NA,1,45.55,-76,"gbif","GBIF","Canadian National Collection (CNC) of Insects, Arachnids and Nematodes","Canadian Biodiversity Information Facility","Canadian Biodiversity Information Facility","cc by 4.0","Canadian Biodiversity Information Facility"
"Oeneis chryxus calais",1950,5,"00:00:00","1950-05-25T00:00:00","occurrence",NA,1,45.55,-76,"gbif","GBIF","Canadian National Collection (CNC) of Insects, Arachnids and Nematodes","Canadian Biodiversity Information Facility","Canadian Biodiversity Information Facility","cc by 4.0","Canadian Biodiversity Information Facility"
"Oeneis chryxus calais",1950,5,"00:00:00","1950-05-25T00:00:00","occurrence",NA,1,45.55,-76,"gbif","GBIF","Canadian National Collection (CNC) of Insects, Arachnids and Nematodes","Canadian Biodiversity Information Facility","Canadian Biodiversity Information Facility","cc by 4.0","Canadian Biodiversity Information Facility"
"Oeneis chryxus calais",1950,5,"00:00:00","1950-05-25T00:00:00","occurrence",NA,1,45.55,-76,"gbif","GBIF","Canadian National Collection (CNC) of Insects, Arachnids and Nematodes","Canadian Biodiversity Information Facility","Canadian Biodiversity Information Facility","cc by 4.0","Canadian Biodiversity Information Facility"
"Oeneis chryxus calais",1950,5,"00:00:00","1950-05-25T00:00:00","occurrence",NA,1,45.55,-76,"gbif","GBIF","Canadian National Collection (CNC) of Insects, Arachnids and Nematodes","Canadian Biodiversity Information Facility","Canadian Biodiversity Information Facility","cc by 4.0","Canadian Biodiversity Information Facility"
"Oeneis chryxus calais",1950,5,"00:00:00","1950-05-25T00:00:00","occurrence",NA,1,45.55,-76,"gbif","GBIF","Canadian National Collection (CNC) of Insects, Arachnids and Nematodes","Canadian Biodiversity Information Facility","Canadian Biodiversity Information Facility","cc by 4.0","Canadian Biodiversity Information Facility"
"Oeneis chryxus calais",1950,5,"00:00:00","1950-05-25T00:00:00","occurrence",NA,1,45.55,-76,"gbif","GBIF","Canadian National Collection (CNC) of Insects, Arachnids and Nematodes","Canadian Biodiversity Information Facility","Canadian Biodiversity Information Facility","cc by 4.0","Canadian Biodiversity Information Facility"
"Oeneis chryxus calais",1950,5,"00:00:00","1950-05-25T00:00:00","occurrence",NA,1,45.55,-76,"gbif","GBIF","Canadian National Collection (CNC) of Insects, Arachnids and Nematodes","Canadian Biodiversity Information Facility","Canadian Biodiversity Information Facility","cc by 4.0","Canadian Biodiversity Information Facility"
"Oeneis chryxus calais",1950,5,"00:00:00","1950-05-25T00:00:00","occurrence",NA,1,45.55,-76,"gbif","GBIF","Canadian National Collection (CNC) of Insects, Arachnids and Nematodes","Canadian Biodiversity Information Facility","Canadian Biodiversity Information Facility","cc by 4.0","Canadian Biodiversity Information Facility"
"Oeneis chryxus calais",1950,5,"00:00:00","1950-05-25T00:00:00","occurrence",NA,1,45.55,-76,"gbif","GBIF","Canadian National Collection (CNC) of Insects, Arachnids and Nematodes","Canadian Biodiversity Information Facility","Canadian Biodiversity Information Facility","cc by 4.0","Canadian Biodiversity Information Facility"
"Oeneis chryxus calais",1950,5,"00:00:00","1950-05-25T00:00:00","occurrence",NA,1,45.55,-76,"gbif","GBIF","Canadian National Collection (CNC) of Insects, Arachnids and Nematodes","Canadian Biodiversity Information Facility","Canadian Biodiversity Information Facility","cc by 4.0","Canadian Biodiversity Information Facility"
"Oeneis chryxus calais",1950,5,"00:00:00","1950-05-25T00:00:00","occurrence",NA,1,45.55,-76,"gbif","GBIF","Canadian National Collection (CNC) of Insects, Arachnids and Nematodes","Canadian Biodiversity Information Facility","Canadian Biodiversity Information Facility","cc by 4.0","Canadian Biodiversity Information Facility"
"Oeneis chryxus calais",1950,5,"00:00:00","1950-05-25T00:00:00","occurrence",NA,1,45.55,-76,"gbif","GBIF","Canadian National Collection (CNC) of Insects, Arachnids and Nematodes","Canadian Biodiversity Information Facility","Canadian Biodiversity Information Facility","cc by 4.0","Canadian Biodiversity Information Facility"
"Oeneis chryxus calais",1950,5,"00:00:00","1950-05-25T00:00:00","occurrence",NA,1,45.55,-76,"gbif","GBIF","Canadian National Collection (CNC) of Insects, Arachnids and Nematodes","Canadian Biodiversity Information Facility","Canadian Biodiversity Information Facility","cc by 4.0","Canadian Biodiversity Information Facility"
"Oeneis chryxus calais",1950,5,"00:00:00","1950-05-25T00:00:00","occurrence",NA,1,45.55,-76,"gbif","GBIF","Canadian National Collection (CNC) of Insects, Arachnids and Nematodes","Canadian Biodiversity Information Facility","Canadian Biodiversity Information Facility","cc by 4.0","Canadian Biodiversity Information Facility"
"Oeneis chryxus calais",1950,5,"00:00:00","1950-05-25T00:00:00","occurrence",NA,1,45.55,-76,"gbif","GBIF","Canadian National Collection (CNC) of Insects, Arachnids and Nematodes","Canadian Biodiversity Information Facility","Canadian Biodiversity Information Facility","cc by 4.0","Canadian Biodiversity Information Facility"
"Oeneis chryxus calais",1950,5,"00:00:00","1950-05-25T00:00:00","occurrence",NA,1,45.55,-76,"gbif","GBIF","Canadian National Collection (CNC) of Insects, Arachnids and Nematodes","Canadian Biodiversity Information Facility","Canadian Biodiversity Information Facility","cc by 4.0","Canadian Biodiversity Information Facility"
"Oeneis chryxus calais",1950,5,"00:00:00","1950-05-25T00:00:00","occurrence",NA,1,45.55,-76,"gbif","GBIF","Canadian National Collection (CNC) of Insects, Arachnids and Nematodes","Canadian Biodiversity Information Facility","Canadian Biodiversity Information Facility","cc by 4.0","Canadian Biodiversity Information Facility"
"Colias philodice",1950,10,"00:00:00","1950-10-09T00:00:00","occurrence",NA,1,45.42028,-73.9201,"gbif","GBIF","Museum of Comparative Zoology, Harvard University","Museum of Comparative Zoology, Harvard University","Museum of Comparative Zoology, Harvard University","cc by nc 4.0","Museum of Comparative Zoology, Harvard University"
"Phyciodes tharos",1950,7,"12:00:00","1950-07-16T12:00:00","presence",NA,1,49.0833,-113.9167,"ebutterfly","Maxim Larrivée, Jeremy Kerr, Kent McFarland and Katy Prudic","eButterfly","ebutterfly","eButterfly","","eButterfly"
"Pieris rapae",1950,7,"","1950-07-25","presence",NA,1,46.3328,-62.5354,"ebutterfly","Maxim Larrivée, Jeremy Kerr, Kent McFarland and Katy Prudic","eButterfly","ebutterfly","eButterfly","","eButterfly"
