"observed_scientific_name","year_obs","day_obs","time_obs","dwc_event_date","obs_variable","obs_unit","obs_value","lat","lon","original_source","creator","title","publisher","intellectual_rights","license","owner"
"Colias eurytheme",1951,8,"","1951-08-19","presence",NA,1,45.4308,-73.9433,"ebutterfly","Maxim Larrivée, Jeremy Kerr, Kent McFarland and Katy Prudic","eButterfly","ebutterfly","eButterfly","","eButterfly"
"Celastrina lucia",1951,7,"","1951-07-07","presence",NA,1,45.4308,-73.9433,"ebutterfly","Maxim Larrivée, Jeremy Kerr, Kent McFarland and Katy Prudic","eButterfly","ebutterfly","eButterfly","","eButterfly"
"Celastrina lucia",1951,7,"","1951-07-17","presence",NA,1,45.9931,-73.2985,"ebutterfly","Maxim Larrivée, Jeremy Kerr, Kent McFarland and Katy Prudic","eButterfly","ebutterfly","eButterfly","","eButterfly"
"Polygonia interrogationis",1951,9,"","1951-09-16","presence",NA,1,45.5017,-73.5673,"ebutterfly","Maxim Larrivée, Jeremy Kerr, Kent McFarland and Katy Prudic","eButterfly","ebutterfly","eButterfly","","eButterfly"
"Polygonia comma",1951,9,"","1951-09-22","presence",NA,1,45.5017,-73.5673,"ebutterfly","Maxim Larrivée, Jeremy Kerr, Kent McFarland and Katy Prudic","eButterfly","ebutterfly","eButterfly","","eButterfly"
"Pieris oleracea",1951,7,"","1951-07-14","presence",NA,1,45.4308,-73.9433,"ebutterfly","Maxim Larrivée, Jeremy Kerr, Kent McFarland and Katy Prudic","eButterfly","ebutterfly","eButterfly","","eButterfly"
"Colias eurytheme",1951,8,"","1951-08-19","presence",NA,1,45.4308,-73.9433,"ebutterfly","Maxim Larrivée, Jeremy Kerr, Kent McFarland and Katy Prudic","eButterfly","ebutterfly","eButterfly","","eButterfly"
"Aglais milberti",1951,9,"","1951-09-15","presence",NA,1,45.4308,-73.9433,"ebutterfly","Maxim Larrivée, Jeremy Kerr, Kent McFarland and Katy Prudic","eButterfly","ebutterfly","eButterfly","","eButterfly"
"Pieris virginiensis",1951,5,"","1951-05-13","presence",NA,1,45.5017,-73.5673,"ebutterfly","Maxim Larrivée, Jeremy Kerr, Kent McFarland and Katy Prudic","eButterfly","ebutterfly","eButterfly","","eButterfly"
"Hesperia sassacus",1951,6,"","1951-06-16","presence",NA,1,46.0447,-73.7106,"ebutterfly","Maxim Larrivée, Jeremy Kerr, Kent McFarland and Katy Prudic","eButterfly","ebutterfly","eButterfly","","eButterfly"
"Lethe anthedon",1951,7,"","1951-07-14","presence",NA,1,45.4308,-73.9433,"ebutterfly","Maxim Larrivée, Jeremy Kerr, Kent McFarland and Katy Prudic","eButterfly","ebutterfly","eButterfly","","eButterfly"
"Lycaena hyllus",1951,7,"","1951-07-15","presence",NA,1,45.9587,-73.2197,"ebutterfly","Maxim Larrivée, Jeremy Kerr, Kent McFarland and Katy Prudic","eButterfly","ebutterfly","eButterfly","","eButterfly"
"Polites themistocles",1951,7,"","1951-07-03","presence",NA,1,45.2665,-72.148,"ebutterfly","Maxim Larrivée, Jeremy Kerr, Kent McFarland and Katy Prudic","eButterfly","ebutterfly","eButterfly","","eButterfly"
"Coenonympha inornata",1951,6,"","1951-06-10","presence",NA,1,45.8755,-74.0821,"ebutterfly","Maxim Larrivée, Jeremy Kerr, Kent McFarland and Katy Prudic","eButterfly","ebutterfly","eButterfly","","eButterfly"
"Limenitis archippus",1951,6,"","1951-06-03","presence",NA,1,45.5017,-73.5673,"ebutterfly","Maxim Larrivée, Jeremy Kerr, Kent McFarland and Katy Prudic","eButterfly","ebutterfly","eButterfly","","eButterfly"
"Celastrina lucia",1951,5,"","1951-05-05","presence",NA,1,45.4308,-73.9433,"ebutterfly","Maxim Larrivée, Jeremy Kerr, Kent McFarland and Katy Prudic","eButterfly","ebutterfly","eButterfly","","eButterfly"
"Celastrina lucia",1951,5,"","1951-05-19","presence",NA,1,46.0447,-73.7106,"ebutterfly","Maxim Larrivée, Jeremy Kerr, Kent McFarland and Katy Prudic","eButterfly","ebutterfly","eButterfly","","eButterfly"
"Limenitis archippus",1951,6,"","1951-06-10","presence",NA,1,45.8755,-74.0821,"ebutterfly","Maxim Larrivée, Jeremy Kerr, Kent McFarland and Katy Prudic","eButterfly","ebutterfly","eButterfly","","eButterfly"
"Lycaena phlaeas",1951,6,"","1951-06-16","presence",NA,1,46.0447,-73.7106,"ebutterfly","Maxim Larrivée, Jeremy Kerr, Kent McFarland and Katy Prudic","eButterfly","ebutterfly","eButterfly","","eButterfly"
"Poanes viator",1951,7,"","1951-07-15","presence",NA,1,45.9587,-73.2197,"ebutterfly","Maxim Larrivée, Jeremy Kerr, Kent McFarland and Katy Prudic","eButterfly","ebutterfly","eButterfly","","eButterfly"
"Celastrina lucia",1951,7,"","1951-07-08","presence",NA,1,45.5017,-73.5673,"ebutterfly","Maxim Larrivée, Jeremy Kerr, Kent McFarland and Katy Prudic","eButterfly","ebutterfly","eButterfly","","eButterfly"
"Thorybes pylades",1951,6,"","1951-06-10","presence",NA,1,45.8755,-74.0821,"ebutterfly","Maxim Larrivée, Jeremy Kerr, Kent McFarland and Katy Prudic","eButterfly","ebutterfly","eButterfly","","eButterfly"
"Satyrium acadica",1951,7,"","1951-07-14","presence",NA,1,45.4308,-73.9433,"ebutterfly","Maxim Larrivée, Jeremy Kerr, Kent McFarland and Katy Prudic","eButterfly","ebutterfly","eButterfly","","eButterfly"
"Speyeria atlantis",1951,6,"","1951-06-16","presence",NA,1,46.0447,-73.7106,"ebutterfly","Maxim Larrivée, Jeremy Kerr, Kent McFarland and Katy Prudic","eButterfly","ebutterfly","eButterfly","","eButterfly"
"Phyciodes cocyta",1951,6,"","1951-06-25","presence",NA,1,45.2665,-72.148,"ebutterfly","Maxim Larrivée, Jeremy Kerr, Kent McFarland and Katy Prudic","eButterfly","ebutterfly","eButterfly","","eButterfly"
"Feniseca tarquinius",1951,7,"","1951-07-15","presence",NA,1,45.9587,-73.2197,"ebutterfly","Maxim Larrivée, Jeremy Kerr, Kent McFarland and Katy Prudic","eButterfly","ebutterfly","eButterfly","","eButterfly"
"Nymphalis antiopa",1951,7,"","1951-07-21","presence",NA,1,45.5017,-73.5673,"ebutterfly","Maxim Larrivée, Jeremy Kerr, Kent McFarland and Katy Prudic","eButterfly","ebutterfly","eButterfly","","eButterfly"
"Coenonympha inornata",1951,6,"","1951-06-16","presence",NA,1,46.0447,-73.7106,"ebutterfly","Maxim Larrivée, Jeremy Kerr, Kent McFarland and Katy Prudic","eButterfly","ebutterfly","eButterfly","","eButterfly"
"Pieris virginiensis",1951,5,"","1951-05-06","presence",NA,1,45.3933,-73.9551,"ebutterfly","Maxim Larrivée, Jeremy Kerr, Kent McFarland and Katy Prudic","eButterfly","ebutterfly","eButterfly","","eButterfly"
"Polites themistocles",1951,6,"","1951-06-27","presence",NA,1,45.2665,-72.148,"ebutterfly","Maxim Larrivée, Jeremy Kerr, Kent McFarland and Katy Prudic","eButterfly","ebutterfly","eButterfly","","eButterfly"
"Celastrina lucia",1951,7,"","1951-07-15","presence",NA,1,45.9587,-73.2197,"ebutterfly","Maxim Larrivée, Jeremy Kerr, Kent McFarland and Katy Prudic","eButterfly","ebutterfly","eButterfly","","eButterfly"
"Colias eurytheme",1951,9,"","1951-09-08","presence",NA,1,45.5017,-73.5673,"ebutterfly","Maxim Larrivée, Jeremy Kerr, Kent McFarland and Katy Prudic","eButterfly","ebutterfly","eButterfly","","eButterfly"
"Callophrys niphon",1951,5,"","1951-05-19","presence",NA,1,46.0447,-73.7106,"ebutterfly","Maxim Larrivée, Jeremy Kerr, Kent McFarland and Katy Prudic","eButterfly","ebutterfly","eButterfly","","eButterfly"
"Pieris oleracea",1951,5,"","1951-05-27","presence",NA,1,45.2665,-72.148,"ebutterfly","Maxim Larrivée, Jeremy Kerr, Kent McFarland and Katy Prudic","eButterfly","ebutterfly","eButterfly","","eButterfly"
"Celastrina lucia",1951,5,"","1951-05-06","presence",NA,1,45.3933,-73.9551,"ebutterfly","Maxim Larrivée, Jeremy Kerr, Kent McFarland and Katy Prudic","eButterfly","ebutterfly","eButterfly","","eButterfly"
"Polites themistocles",1951,6,"","1951-06-16","presence",NA,1,46.0447,-73.7106,"ebutterfly","Maxim Larrivée, Jeremy Kerr, Kent McFarland and Katy Prudic","eButterfly","ebutterfly","eButterfly","","eButterfly"
"Cercyonis pegala",1951,7,"","1951-07-14","presence",NA,1,45.4308,-73.9433,"ebutterfly","Maxim Larrivée, Jeremy Kerr, Kent McFarland and Katy Prudic","eButterfly","ebutterfly","eButterfly","","eButterfly"
"Euphyes vestris",1951,7,"","1951-07-07","presence",NA,1,45.4308,-73.9433,"ebutterfly","Maxim Larrivée, Jeremy Kerr, Kent McFarland and Katy Prudic","eButterfly","ebutterfly","eButterfly","","eButterfly"
"Satyrium acadica",1951,7,"","1951-07-15","presence",NA,1,45.9587,-73.2197,"ebutterfly","Maxim Larrivée, Jeremy Kerr, Kent McFarland and Katy Prudic","eButterfly","ebutterfly","eButterfly","","eButterfly"
"Cercyonis pegala",1951,7,"","1951-07-21","presence",NA,1,45.5017,-73.5673,"ebutterfly","Maxim Larrivée, Jeremy Kerr, Kent McFarland and Katy Prudic","eButterfly","ebutterfly","eButterfly","","eButterfly"
"Satyrium liparops",1951,7,"","1951-07-08","presence",NA,1,45.5017,-73.5673,"ebutterfly","Maxim Larrivée, Jeremy Kerr, Kent McFarland and Katy Prudic","eButterfly","ebutterfly","eButterfly","","eButterfly"
"Polites themistocles",1951,7,"","1951-07-05","presence",NA,1,46.3187,-74.2219,"ebutterfly","Maxim Larrivée, Jeremy Kerr, Kent McFarland and Katy Prudic","eButterfly","ebutterfly","eButterfly","","eButterfly"
"Pieris rapae",1951,8,"","1951-08-12","presence",NA,1,45.4308,-73.9433,"ebutterfly","Maxim Larrivée, Jeremy Kerr, Kent McFarland and Katy Prudic","eButterfly","ebutterfly","eButterfly","","eButterfly"
"Colias philodice",1951,6,"","1951-06-10","presence",NA,1,45.9931,-73.2985,"ebutterfly","Maxim Larrivée, Jeremy Kerr, Kent McFarland and Katy Prudic","eButterfly","ebutterfly","eButterfly","","eButterfly"
"Colias philodice",1951,9,"","1951-09-22","presence",NA,1,45.5017,-73.5673,"ebutterfly","Maxim Larrivée, Jeremy Kerr, Kent McFarland and Katy Prudic","eButterfly","ebutterfly","eButterfly","","eButterfly"
"Polites themistocles",1951,6,"","1951-06-28","presence",NA,1,46.8063,-71.357,"ebutterfly","Maxim Larrivée, Jeremy Kerr, Kent McFarland and Katy Prudic","eButterfly","ebutterfly","eButterfly","","eButterfly"
"Satyrium titus",1951,7,"","1951-07-21","presence",NA,1,45.5017,-73.5673,"ebutterfly","Maxim Larrivée, Jeremy Kerr, Kent McFarland and Katy Prudic","eButterfly","ebutterfly","eButterfly","","eButterfly"
"Polites peckius",1951,7,"","1951-07-03","presence",NA,1,45.2665,-72.148,"ebutterfly","Maxim Larrivée, Jeremy Kerr, Kent McFarland and Katy Prudic","eButterfly","ebutterfly","eButterfly","","eButterfly"
"Celastrina lucia",1951,5,"00:00:00","1951-05-19T00:00:00","occurrence",NA,1,46.044738,-73.710612,"gbif","GBIF","eButterfly Surveys","Vermont Center for Ecostudies","Vermont Center for Ecostudies","cc by nc 4.0","Vermont Center for Ecostudies"
"Hesperia sassacus",1951,6,"00:00:00","1951-06-16T00:00:00","abundance",NA,5,46.044738,-73.710612,"gbif","GBIF","eButterfly Surveys","Vermont Center for Ecostudies","Vermont Center for Ecostudies","cc by nc 4.0","Vermont Center for Ecostudies"
"Celastrina lucia",1951,7,"00:00:00","1951-07-07T00:00:00","occurrence",NA,1,45.430841,-73.943329,"gbif","GBIF","eButterfly Surveys","Vermont Center for Ecostudies","Vermont Center for Ecostudies","cc by nc 4.0","Vermont Center for Ecostudies"
"Lycaena hyllus",1951,7,"00:00:00","1951-07-15T00:00:00","occurrence",NA,1,45.958702,-73.21967,"gbif","GBIF","eButterfly Surveys","Vermont Center for Ecostudies","Vermont Center for Ecostudies","cc by nc 4.0","Vermont Center for Ecostudies"
"Polygonia interrogationis",1951,9,"00:00:00","1951-09-16T00:00:00","occurrence",NA,1,45.501689,-73.567256,"gbif","GBIF","eButterfly Surveys","Vermont Center for Ecostudies","Vermont Center for Ecostudies","cc by nc 4.0","Vermont Center for Ecostudies"
"Colias philodice",1951,6,"00:00:00","1951-06-10T00:00:00","occurrence",NA,1,45.993107,-73.29848,"gbif","GBIF","eButterfly Surveys","Vermont Center for Ecostudies","Vermont Center for Ecostudies","cc by nc 4.0","Vermont Center for Ecostudies"
"Lycaena phlaeas",1951,6,"00:00:00","1951-06-16T00:00:00","occurrence",NA,1,46.044738,-73.710612,"gbif","GBIF","eButterfly Surveys","Vermont Center for Ecostudies","Vermont Center for Ecostudies","cc by nc 4.0","Vermont Center for Ecostudies"
"Lethe anthedon",1951,7,"00:00:00","1951-07-14T00:00:00","occurrence",NA,1,45.430841,-73.943329,"gbif","GBIF","eButterfly Surveys","Vermont Center for Ecostudies","Vermont Center for Ecostudies","cc by nc 4.0","Vermont Center for Ecostudies"
"Celastrina lucia",1951,7,"00:00:00","1951-07-15T00:00:00","abundance",NA,2,45.958702,-73.21967,"gbif","GBIF","eButterfly Surveys","Vermont Center for Ecostudies","Vermont Center for Ecostudies","cc by nc 4.0","Vermont Center for Ecostudies"
"Celastrina lucia",1951,7,"00:00:00","1951-07-08T00:00:00","occurrence",NA,1,45.501689,-73.567256,"gbif","GBIF","eButterfly Surveys","Vermont Center for Ecostudies","Vermont Center for Ecostudies","cc by nc 4.0","Vermont Center for Ecostudies"
"Colias philodice",1951,9,"00:00:00","1951-09-22T00:00:00","occurrence",NA,1,45.501689,-73.567256,"gbif","GBIF","eButterfly Surveys","Vermont Center for Ecostudies","Vermont Center for Ecostudies","cc by nc 4.0","Vermont Center for Ecostudies"
"Polites themistocles",1951,7,"00:00:00","1951-07-05T00:00:00","occurrence",NA,1,46.318671,-74.221877,"gbif","GBIF","eButterfly Surveys","Vermont Center for Ecostudies","Vermont Center for Ecostudies","cc by nc 4.0","Vermont Center for Ecostudies"
"Pieris oleracea",1951,5,"00:00:00","1951-05-27T00:00:00","occurrence",NA,1,45.266486,-72.147989,"gbif","GBIF","eButterfly Surveys","Vermont Center for Ecostudies","Vermont Center for Ecostudies","cc by nc 4.0","Vermont Center for Ecostudies"
"Pieris oleracea",1951,7,"00:00:00","1951-07-14T00:00:00","occurrence",NA,1,45.430841,-73.943329,"gbif","GBIF","eButterfly Surveys","Vermont Center for Ecostudies","Vermont Center for Ecostudies","cc by nc 4.0","Vermont Center for Ecostudies"
"Satyrium titus",1951,7,"00:00:00","1951-07-21T00:00:00","occurrence",NA,1,45.501689,-73.567256,"gbif","GBIF","eButterfly Surveys","Vermont Center for Ecostudies","Vermont Center for Ecostudies","cc by nc 4.0","Vermont Center for Ecostudies"
"Polites themistocles",1951,6,"00:00:00","1951-06-28T00:00:00","occurrence",NA,1,46.806309,-71.357009,"gbif","GBIF","eButterfly Surveys","Vermont Center for Ecostudies","Vermont Center for Ecostudies","cc by nc 4.0","Vermont Center for Ecostudies"
"Polites themistocles",1951,7,"00:00:00","1951-07-03T00:00:00","abundance",NA,2,45.266486,-72.147989,"gbif","GBIF","eButterfly Surveys","Vermont Center for Ecostudies","Vermont Center for Ecostudies","cc by nc 4.0","Vermont Center for Ecostudies"
"Phyciodes cocyta",1951,6,"00:00:00","1951-06-25T00:00:00","occurrence",NA,1,45.266486,-72.147989,"gbif","GBIF","eButterfly Surveys","Vermont Center for Ecostudies","Vermont Center for Ecostudies","cc by nc 4.0","Vermont Center for Ecostudies"
"Cercyonis pegala",1951,7,"00:00:00","1951-07-21T00:00:00","occurrence",NA,1,45.501689,-73.567256,"gbif","GBIF","eButterfly Surveys","Vermont Center for Ecostudies","Vermont Center for Ecostudies","cc by nc 4.0","Vermont Center for Ecostudies"
"Pieris virginiensis",1951,5,"00:00:00","1951-05-13T00:00:00","occurrence",NA,1,45.501689,-73.567256,"gbif","GBIF","eButterfly Surveys","Vermont Center for Ecostudies","Vermont Center for Ecostudies","cc by nc 4.0","Vermont Center for Ecostudies"
"Limenitis archippus",1951,6,"00:00:00","1951-06-10T00:00:00","abundance",NA,3,45.875457,-74.082091,"gbif","GBIF","eButterfly Surveys","Vermont Center for Ecostudies","Vermont Center for Ecostudies","cc by nc 4.0","Vermont Center for Ecostudies"
"Polites themistocles",1951,6,"00:00:00","1951-06-27T00:00:00","occurrence",NA,1,45.266486,-72.147989,"gbif","GBIF","eButterfly Surveys","Vermont Center for Ecostudies","Vermont Center for Ecostudies","cc by nc 4.0","Vermont Center for Ecostudies"
"Feniseca tarquinius",1951,7,"00:00:00","1951-07-15T00:00:00","occurrence",NA,1,45.958702,-73.21967,"gbif","GBIF","eButterfly Surveys","Vermont Center for Ecostudies","Vermont Center for Ecostudies","cc by nc 4.0","Vermont Center for Ecostudies"
"Colias eurytheme",1951,8,"00:00:00","1951-08-19T00:00:00","occurrence",NA,1,45.430841,-73.943329,"gbif","GBIF","eButterfly Surveys","Vermont Center for Ecostudies","Vermont Center for Ecostudies","cc by nc 4.0","Vermont Center for Ecostudies"
"Thorybes pylades",1951,6,"00:00:00","1951-06-10T00:00:00","occurrence",NA,1,45.875457,-74.082091,"gbif","GBIF","eButterfly Surveys","Vermont Center for Ecostudies","Vermont Center for Ecostudies","cc by nc 4.0","Vermont Center for Ecostudies"
"Celastrina lucia",1951,5,"00:00:00","1951-05-05T00:00:00","abundance",NA,2,45.430841,-73.943329,"gbif","GBIF","eButterfly Surveys","Vermont Center for Ecostudies","Vermont Center for Ecostudies","cc by nc 4.0","Vermont Center for Ecostudies"
"Phyciodes cocyta",1951,6,"00:00:00","1951-06-25T00:00:00","occurrence",NA,1,45.266486,-72.147989,"gbif","GBIF","eButterfly Surveys","Vermont Center for Ecostudies","Vermont Center for Ecostudies","cc by nc 4.0","Vermont Center for Ecostudies"
"Poanes viator",1951,7,"00:00:00","1951-07-15T00:00:00","abundance",NA,7,45.958702,-73.21967,"gbif","GBIF","eButterfly Surveys","Vermont Center for Ecostudies","Vermont Center for Ecostudies","cc by nc 4.0","Vermont Center for Ecostudies"
"Callophrys niphon",1951,5,"00:00:00","1951-05-19T00:00:00","occurrence",NA,1,46.044738,-73.710612,"gbif","GBIF","eButterfly Surveys","Vermont Center for Ecostudies","Vermont Center for Ecostudies","cc by nc 4.0","Vermont Center for Ecostudies"
"Coenonympha tullia",1951,6,"00:00:00","1951-06-10T00:00:00","abundance",NA,3,45.875457,-74.082091,"gbif","GBIF","eButterfly Surveys","Vermont Center for Ecostudies","Vermont Center for Ecostudies","cc by nc 4.0","Vermont Center for Ecostudies"
"Euphyes vestris",1951,7,"00:00:00","1951-07-07T00:00:00","abundance",NA,2,45.430841,-73.943329,"gbif","GBIF","eButterfly Surveys","Vermont Center for Ecostudies","Vermont Center for Ecostudies","cc by nc 4.0","Vermont Center for Ecostudies"
"Aglais milberti",1951,9,"00:00:00","1951-09-15T00:00:00","abundance",NA,3,45.430841,-73.943329,"gbif","GBIF","eButterfly Surveys","Vermont Center for Ecostudies","Vermont Center for Ecostudies","cc by nc 4.0","Vermont Center for Ecostudies"
"Pieris oleracea",1951,5,"00:00:00","1951-05-27T00:00:00","abundance",NA,5,45.266486,-72.147989,"gbif","GBIF","eButterfly Surveys","Vermont Center for Ecostudies","Vermont Center for Ecostudies","cc by nc 4.0","Vermont Center for Ecostudies"
"Polites themistocles",1951,6,"00:00:00","1951-06-16T00:00:00","abundance",NA,2,46.044738,-73.710612,"gbif","GBIF","eButterfly Surveys","Vermont Center for Ecostudies","Vermont Center for Ecostudies","cc by nc 4.0","Vermont Center for Ecostudies"
"Satyrium acadica",1951,7,"00:00:00","1951-07-14T00:00:00","abundance",NA,7,45.430841,-73.943329,"gbif","GBIF","eButterfly Surveys","Vermont Center for Ecostudies","Vermont Center for Ecostudies","cc by nc 4.0","Vermont Center for Ecostudies"
"Satyrium acadica",1951,7,"00:00:00","1951-07-15T00:00:00","occurrence",NA,1,45.958702,-73.21967,"gbif","GBIF","eButterfly Surveys","Vermont Center for Ecostudies","Vermont Center for Ecostudies","cc by nc 4.0","Vermont Center for Ecostudies"
"Satyrium liparops",1951,7,"00:00:00","1951-07-08T00:00:00","abundance",NA,2,45.501689,-73.567256,"gbif","GBIF","eButterfly Surveys","Vermont Center for Ecostudies","Vermont Center for Ecostudies","cc by nc 4.0","Vermont Center for Ecostudies"
"Pieris rapae",1951,8,"00:00:00","1951-08-12T00:00:00","occurrence",NA,1,45.430841,-73.943329,"gbif","GBIF","eButterfly Surveys","Vermont Center for Ecostudies","Vermont Center for Ecostudies","cc by nc 4.0","Vermont Center for Ecostudies"
"Eueretagrotis attentus",1951,5,"00:00:00","1951-05-13T00:00:00","occurrence",NA,1,46.63,-72.77,"gbif","GBIF","Lepidoptera World (Luomus) (LEPW)","Finnish Biodiversity Information Facility","Finnish Biodiversity Information Facility","cc by 4.0","Finnish Biodiversity Information Facility"
"Malacosoma americana",1951,7,"00:00:00","1951-07-24T00:00:00","occurrence",NA,1,46.6271,-72.762614,"gbif","GBIF","Canadian National Collection of Insects, Arachnids, and Nematodes (CNC)","Agriculture and Agri-Food Canada","Agriculture and Agri-Food Canada","cc by 4.0","Agriculture and Agri-Food Canada"
"Malacosoma americana",1951,7,"00:00:00","1951-07-24T00:00:00","occurrence",NA,1,46.6271,-72.762614,"gbif","GBIF","Canadian National Collection of Insects, Arachnids, and Nematodes (CNC)","Agriculture and Agri-Food Canada","Agriculture and Agri-Food Canada","cc by 4.0","Agriculture and Agri-Food Canada"
"Malacosoma americana",1951,7,"00:00:00","1951-07-24T00:00:00","occurrence",NA,1,46.6271,-72.762614,"gbif","GBIF","Canadian National Collection of Insects, Arachnids, and Nematodes (CNC)","Agriculture and Agri-Food Canada","Agriculture and Agri-Food Canada","cc by 4.0","Agriculture and Agri-Food Canada"
"Malacosoma americana",1951,7,"00:00:00","1951-07-24T00:00:00","occurrence",NA,1,46.6271,-72.762614,"gbif","GBIF","Canadian National Collection of Insects, Arachnids, and Nematodes (CNC)","Agriculture and Agri-Food Canada","Agriculture and Agri-Food Canada","cc by 4.0","Agriculture and Agri-Food Canada"
"Malacosoma americana",1951,7,"00:00:00","1951-07-24T00:00:00","occurrence",NA,1,46.6271,-72.762614,"gbif","GBIF","Canadian National Collection of Insects, Arachnids, and Nematodes (CNC)","Agriculture and Agri-Food Canada","Agriculture and Agri-Food Canada","cc by 4.0","Agriculture and Agri-Food Canada"
"Malacosoma americana",1951,7,"00:00:00","1951-07-24T00:00:00","occurrence",NA,1,46.6271,-72.762614,"gbif","GBIF","Canadian National Collection of Insects, Arachnids, and Nematodes (CNC)","Agriculture and Agri-Food Canada","Agriculture and Agri-Food Canada","cc by 4.0","Agriculture and Agri-Food Canada"
"Malacosoma americana",1951,7,"00:00:00","1951-07-24T00:00:00","occurrence",NA,1,46.6271,-72.762614,"gbif","GBIF","Canadian National Collection of Insects, Arachnids, and Nematodes (CNC)","Agriculture and Agri-Food Canada","Agriculture and Agri-Food Canada","cc by 4.0","Agriculture and Agri-Food Canada"
"Malacosoma americana",1951,8,"00:00:00","1951-08-25T00:00:00","occurrence",NA,1,46.6271,-72.762614,"gbif","GBIF","Canadian National Collection of Insects, Arachnids, and Nematodes (CNC)","Agriculture and Agri-Food Canada","Agriculture and Agri-Food Canada","cc by 4.0","Agriculture and Agri-Food Canada"
"Malacosoma americana",1951,8,"00:00:00","1951-08-26T00:00:00","occurrence",NA,1,46.6271,-72.762614,"gbif","GBIF","Canadian National Collection of Insects, Arachnids, and Nematodes (CNC)","Agriculture and Agri-Food Canada","Agriculture and Agri-Food Canada","cc by 4.0","Agriculture and Agri-Food Canada"
"Malacosoma americana",1951,7,"00:00:00","1951-07-24T00:00:00","occurrence",NA,1,46.6271,-72.762614,"gbif","GBIF","Canadian National Collection of Insects, Arachnids, and Nematodes (CNC)","Agriculture and Agri-Food Canada","Agriculture and Agri-Food Canada","cc by 4.0","Agriculture and Agri-Food Canada"
"Malacosoma americana",1951,8,"00:00:00","1951-08-25T00:00:00","occurrence",NA,1,46.6271,-72.762614,"gbif","GBIF","Canadian National Collection of Insects, Arachnids, and Nematodes (CNC)","Agriculture and Agri-Food Canada","Agriculture and Agri-Food Canada","cc by 4.0","Agriculture and Agri-Food Canada"
"Malacosoma americana",1951,7,"00:00:00","1951-07-21T00:00:00","occurrence",NA,1,46.6271,-72.762614,"gbif","GBIF","Canadian National Collection of Insects, Arachnids, and Nematodes (CNC)","Agriculture and Agri-Food Canada","Agriculture and Agri-Food Canada","cc by 4.0","Agriculture and Agri-Food Canada"
"Malacosoma americana",1951,7,"00:00:00","1951-07-21T00:00:00","occurrence",NA,1,46.6271,-72.762614,"gbif","GBIF","Canadian National Collection of Insects, Arachnids, and Nematodes (CNC)","Agriculture and Agri-Food Canada","Agriculture and Agri-Food Canada","cc by 4.0","Agriculture and Agri-Food Canada"
"Malacosoma americana",1951,7,"00:00:00","1951-07-21T00:00:00","occurrence",NA,1,46.6271,-72.762614,"gbif","GBIF","Canadian National Collection of Insects, Arachnids, and Nematodes (CNC)","Agriculture and Agri-Food Canada","Agriculture and Agri-Food Canada","cc by 4.0","Agriculture and Agri-Food Canada"
"Malacosoma americana",1951,7,"00:00:00","1951-07-21T00:00:00","occurrence",NA,1,46.6271,-72.762614,"gbif","GBIF","Canadian National Collection of Insects, Arachnids, and Nematodes (CNC)","Agriculture and Agri-Food Canada","Agriculture and Agri-Food Canada","cc by 4.0","Agriculture and Agri-Food Canada"
"Malacosoma americana",1951,7,"00:00:00","1951-07-26T00:00:00","occurrence",NA,1,46.6271,-72.762614,"gbif","GBIF","Canadian National Collection of Insects, Arachnids, and Nematodes (CNC)","Agriculture and Agri-Food Canada","Agriculture and Agri-Food Canada","cc by 4.0","Agriculture and Agri-Food Canada"
"Malacosoma americana",1951,7,"00:00:00","1951-07-21T00:00:00","occurrence",NA,1,46.6271,-72.762614,"gbif","GBIF","Canadian National Collection of Insects, Arachnids, and Nematodes (CNC)","Agriculture and Agri-Food Canada","Agriculture and Agri-Food Canada","cc by 4.0","Agriculture and Agri-Food Canada"
"Malacosoma americana",1951,7,"00:00:00","1951-07-16T00:00:00","occurrence",NA,1,46.6271,-72.762614,"gbif","GBIF","Canadian National Collection of Insects, Arachnids, and Nematodes (CNC)","Agriculture and Agri-Food Canada","Agriculture and Agri-Food Canada","cc by 4.0","Agriculture and Agri-Food Canada"
"Malacosoma americana",1951,7,"00:00:00","1951-07-20T00:00:00","occurrence",NA,1,46.6271,-72.762614,"gbif","GBIF","Canadian National Collection of Insects, Arachnids, and Nematodes (CNC)","Agriculture and Agri-Food Canada","Agriculture and Agri-Food Canada","cc by 4.0","Agriculture and Agri-Food Canada"
"Malacosoma americana",1951,7,"00:00:00","1951-07-24T00:00:00","occurrence",NA,1,46.6271,-72.762614,"gbif","GBIF","Canadian National Collection of Insects, Arachnids, and Nematodes (CNC)","Agriculture and Agri-Food Canada","Agriculture and Agri-Food Canada","cc by 4.0","Agriculture and Agri-Food Canada"
"Malacosoma americana",1951,7,"00:00:00","1951-07-24T00:00:00","occurrence",NA,1,46.6271,-72.762614,"gbif","GBIF","Canadian National Collection of Insects, Arachnids, and Nematodes (CNC)","Agriculture and Agri-Food Canada","Agriculture and Agri-Food Canada","cc by 4.0","Agriculture and Agri-Food Canada"
"Malacosoma americana",1951,7,"00:00:00","1951-07-24T00:00:00","occurrence",NA,1,46.6271,-72.762614,"gbif","GBIF","Canadian National Collection of Insects, Arachnids, and Nematodes (CNC)","Agriculture and Agri-Food Canada","Agriculture and Agri-Food Canada","cc by 4.0","Agriculture and Agri-Food Canada"
"Malacosoma americana",1951,7,"00:00:00","1951-07-31T00:00:00","occurrence",NA,1,46.6271,-72.762614,"gbif","GBIF","Canadian National Collection of Insects, Arachnids, and Nematodes (CNC)","Agriculture and Agri-Food Canada","Agriculture and Agri-Food Canada","cc by 4.0","Agriculture and Agri-Food Canada"
"Pieris rapae",1951,5,"00:00:00","1951-05-20T00:00:00","occurrence",NA,1,46.6271,-72.762614,"gbif","GBIF","Canadian National Collection of Insects, Arachnids, and Nematodes (CNC)","Agriculture and Agri-Food Canada","Agriculture and Agri-Food Canada","cc by 4.0","Agriculture and Agri-Food Canada"
"Malacosoma americana",1951,7,"00:00:00","1951-07-16T00:00:00","occurrence",NA,1,46.6271,-72.762614,"gbif","GBIF","Canadian National Collection of Insects, Arachnids, and Nematodes (CNC)","Agriculture and Agri-Food Canada","Agriculture and Agri-Food Canada","cc by 4.0","Agriculture and Agri-Food Canada"
"Malacosoma americana",1951,7,"00:00:00","1951-07-17T00:00:00","occurrence",NA,1,46.6271,-72.762614,"gbif","GBIF","Canadian National Collection of Insects, Arachnids, and Nematodes (CNC)","Agriculture and Agri-Food Canada","Agriculture and Agri-Food Canada","cc by 4.0","Agriculture and Agri-Food Canada"
"Malacosoma americana",1951,7,"00:00:00","1951-07-16T00:00:00","occurrence",NA,1,46.6271,-72.762614,"gbif","GBIF","Canadian National Collection of Insects, Arachnids, and Nematodes (CNC)","Agriculture and Agri-Food Canada","Agriculture and Agri-Food Canada","cc by 4.0","Agriculture and Agri-Food Canada"
"Malacosoma americana",1951,7,"00:00:00","1951-07-16T00:00:00","occurrence",NA,1,46.6271,-72.762614,"gbif","GBIF","Canadian National Collection of Insects, Arachnids, and Nematodes (CNC)","Agriculture and Agri-Food Canada","Agriculture and Agri-Food Canada","cc by 4.0","Agriculture and Agri-Food Canada"
"Malacosoma americana",1951,7,"00:00:00","1951-07-16T00:00:00","occurrence",NA,1,46.6271,-72.762614,"gbif","GBIF","Canadian National Collection of Insects, Arachnids, and Nematodes (CNC)","Agriculture and Agri-Food Canada","Agriculture and Agri-Food Canada","cc by 4.0","Agriculture and Agri-Food Canada"
"Malacosoma americana",1951,7,"00:00:00","1951-07-18T00:00:00","occurrence",NA,1,46.6271,-72.762614,"gbif","GBIF","Canadian National Collection of Insects, Arachnids, and Nematodes (CNC)","Agriculture and Agri-Food Canada","Agriculture and Agri-Food Canada","cc by 4.0","Agriculture and Agri-Food Canada"
"Malacosoma americana",1951,7,"00:00:00","1951-07-18T00:00:00","occurrence",NA,1,46.6271,-72.762614,"gbif","GBIF","Canadian National Collection of Insects, Arachnids, and Nematodes (CNC)","Agriculture and Agri-Food Canada","Agriculture and Agri-Food Canada","cc by 4.0","Agriculture and Agri-Food Canada"
"Malacosoma americana",1951,7,"00:00:00","1951-07-18T00:00:00","occurrence",NA,1,46.6271,-72.762614,"gbif","GBIF","Canadian National Collection of Insects, Arachnids, and Nematodes (CNC)","Agriculture and Agri-Food Canada","Agriculture and Agri-Food Canada","cc by 4.0","Agriculture and Agri-Food Canada"
"Malacosoma americana",1951,7,"00:00:00","1951-07-18T00:00:00","occurrence",NA,1,46.6271,-72.762614,"gbif","GBIF","Canadian National Collection of Insects, Arachnids, and Nematodes (CNC)","Agriculture and Agri-Food Canada","Agriculture and Agri-Food Canada","cc by 4.0","Agriculture and Agri-Food Canada"
"Malacosoma americana",1951,7,"00:00:00","1951-07-18T00:00:00","occurrence",NA,1,46.6271,-72.762614,"gbif","GBIF","Canadian National Collection of Insects, Arachnids, and Nematodes (CNC)","Agriculture and Agri-Food Canada","Agriculture and Agri-Food Canada","cc by 4.0","Agriculture and Agri-Food Canada"
"Pieris rapae",1951,9,"00:00:00","1951-09-10T00:00:00","occurrence",NA,1,46.6271,-72.762614,"gbif","GBIF","Canadian National Collection of Insects, Arachnids, and Nematodes (CNC)","Agriculture and Agri-Food Canada","Agriculture and Agri-Food Canada","cc by 4.0","Agriculture and Agri-Food Canada"
"Pieris rapae",1951,9,"00:00:00","1951-09-10T00:00:00","occurrence",NA,1,46.6271,-72.762614,"gbif","GBIF","Canadian National Collection of Insects, Arachnids, and Nematodes (CNC)","Agriculture and Agri-Food Canada","Agriculture and Agri-Food Canada","cc by 4.0","Agriculture and Agri-Food Canada"
"Pieris rapae",1951,5,"00:00:00","1951-05-26T00:00:00","occurrence",NA,1,46.6271,-72.762614,"gbif","GBIF","Canadian National Collection of Insects, Arachnids, and Nematodes (CNC)","Agriculture and Agri-Food Canada","Agriculture and Agri-Food Canada","cc by 4.0","Agriculture and Agri-Food Canada"
"Pieris rapae",1951,5,"00:00:00","1951-05-21T00:00:00","occurrence",NA,1,46.6271,-72.762614,"gbif","GBIF","Canadian National Collection of Insects, Arachnids, and Nematodes (CNC)","Agriculture and Agri-Food Canada","Agriculture and Agri-Food Canada","cc by 4.0","Agriculture and Agri-Food Canada"
"Pieris rapae",1951,5,"00:00:00","1951-05-26T00:00:00","occurrence",NA,1,46.6271,-72.762614,"gbif","GBIF","Canadian National Collection of Insects, Arachnids, and Nematodes (CNC)","Agriculture and Agri-Food Canada","Agriculture and Agri-Food Canada","cc by 4.0","Agriculture and Agri-Food Canada"
"Malacosoma americana",1951,7,"00:00:00","1951-07-19T00:00:00","occurrence",NA,1,46.6271,-72.762614,"gbif","GBIF","Canadian National Collection of Insects, Arachnids, and Nematodes (CNC)","Agriculture and Agri-Food Canada","Agriculture and Agri-Food Canada","cc by 4.0","Agriculture and Agri-Food Canada"
"Malacosoma americana",1951,7,"00:00:00","1951-07-19T00:00:00","occurrence",NA,1,46.6271,-72.762614,"gbif","GBIF","Canadian National Collection of Insects, Arachnids, and Nematodes (CNC)","Agriculture and Agri-Food Canada","Agriculture and Agri-Food Canada","cc by 4.0","Agriculture and Agri-Food Canada"
"Malacosoma americana",1951,7,"00:00:00","1951-07-18T00:00:00","occurrence",NA,1,46.6271,-72.762614,"gbif","GBIF","Canadian National Collection of Insects, Arachnids, and Nematodes (CNC)","Agriculture and Agri-Food Canada","Agriculture and Agri-Food Canada","cc by 4.0","Agriculture and Agri-Food Canada"
"Malacosoma americana",1951,7,"00:00:00","1951-07-18T00:00:00","occurrence",NA,1,46.6271,-72.762614,"gbif","GBIF","Canadian National Collection of Insects, Arachnids, and Nematodes (CNC)","Agriculture and Agri-Food Canada","Agriculture and Agri-Food Canada","cc by 4.0","Agriculture and Agri-Food Canada"
"Malacosoma americana",1951,7,"00:00:00","1951-07-19T00:00:00","occurrence",NA,1,46.6271,-72.762614,"gbif","GBIF","Canadian National Collection of Insects, Arachnids, and Nematodes (CNC)","Agriculture and Agri-Food Canada","Agriculture and Agri-Food Canada","cc by 4.0","Agriculture and Agri-Food Canada"
"Malacosoma americana",1951,7,"00:00:00","1951-07-18T00:00:00","occurrence",NA,1,46.6271,-72.762614,"gbif","GBIF","Canadian National Collection of Insects, Arachnids, and Nematodes (CNC)","Agriculture and Agri-Food Canada","Agriculture and Agri-Food Canada","cc by 4.0","Agriculture and Agri-Food Canada"
"Malacosoma americana",1951,7,"00:00:00","1951-07-18T00:00:00","occurrence",NA,1,46.6271,-72.762614,"gbif","GBIF","Canadian National Collection of Insects, Arachnids, and Nematodes (CNC)","Agriculture and Agri-Food Canada","Agriculture and Agri-Food Canada","cc by 4.0","Agriculture and Agri-Food Canada"
"Malacosoma americana",1951,7,"00:00:00","1951-07-21T00:00:00","occurrence",NA,1,46.6271,-72.762614,"gbif","GBIF","Canadian National Collection of Insects, Arachnids, and Nematodes (CNC)","Agriculture and Agri-Food Canada","Agriculture and Agri-Food Canada","cc by 4.0","Agriculture and Agri-Food Canada"
"Malacosoma americana",1951,7,"00:00:00","1951-07-19T00:00:00","occurrence",NA,1,46.6271,-72.762614,"gbif","GBIF","Canadian National Collection of Insects, Arachnids, and Nematodes (CNC)","Agriculture and Agri-Food Canada","Agriculture and Agri-Food Canada","cc by 4.0","Agriculture and Agri-Food Canada"
"Malacosoma americana",1951,7,"00:00:00","1951-07-19T00:00:00","occurrence",NA,1,46.6271,-72.762614,"gbif","GBIF","Canadian National Collection of Insects, Arachnids, and Nematodes (CNC)","Agriculture and Agri-Food Canada","Agriculture and Agri-Food Canada","cc by 4.0","Agriculture and Agri-Food Canada"
"Malacosoma americana",1951,7,"00:00:00","1951-07-18T00:00:00","occurrence",NA,1,46.6271,-72.762614,"gbif","GBIF","Canadian National Collection of Insects, Arachnids, and Nematodes (CNC)","Agriculture and Agri-Food Canada","Agriculture and Agri-Food Canada","cc by 4.0","Agriculture and Agri-Food Canada"
"Malacosoma americana",1951,7,"00:00:00","1951-07-18T00:00:00","occurrence",NA,1,46.6271,-72.762614,"gbif","GBIF","Canadian National Collection of Insects, Arachnids, and Nematodes (CNC)","Agriculture and Agri-Food Canada","Agriculture and Agri-Food Canada","cc by 4.0","Agriculture and Agri-Food Canada"
"Malacosoma americana",1951,7,"00:00:00","1951-07-18T00:00:00","occurrence",NA,1,46.6271,-72.762614,"gbif","GBIF","Canadian National Collection of Insects, Arachnids, and Nematodes (CNC)","Agriculture and Agri-Food Canada","Agriculture and Agri-Food Canada","cc by 4.0","Agriculture and Agri-Food Canada"
"Malacosoma americana",1951,7,"00:00:00","1951-07-18T00:00:00","occurrence",NA,1,46.6271,-72.762614,"gbif","GBIF","Canadian National Collection of Insects, Arachnids, and Nematodes (CNC)","Agriculture and Agri-Food Canada","Agriculture and Agri-Food Canada","cc by 4.0","Agriculture and Agri-Food Canada"
"Malacosoma americana",1951,7,"00:00:00","1951-07-18T00:00:00","occurrence",NA,1,46.6271,-72.762614,"gbif","GBIF","Canadian National Collection of Insects, Arachnids, and Nematodes (CNC)","Agriculture and Agri-Food Canada","Agriculture and Agri-Food Canada","cc by 4.0","Agriculture and Agri-Food Canada"
"Malacosoma americana",1951,7,"00:00:00","1951-07-18T00:00:00","occurrence",NA,1,46.6271,-72.762614,"gbif","GBIF","Canadian National Collection of Insects, Arachnids, and Nematodes (CNC)","Agriculture and Agri-Food Canada","Agriculture and Agri-Food Canada","cc by 4.0","Agriculture and Agri-Food Canada"
"Malacosoma americana",1951,7,"00:00:00","1951-07-18T00:00:00","occurrence",NA,1,46.6271,-72.762614,"gbif","GBIF","Canadian National Collection of Insects, Arachnids, and Nematodes (CNC)","Agriculture and Agri-Food Canada","Agriculture and Agri-Food Canada","cc by 4.0","Agriculture and Agri-Food Canada"
"Malacosoma americana",1951,7,"00:00:00","1951-07-18T00:00:00","occurrence",NA,1,46.6271,-72.762614,"gbif","GBIF","Canadian National Collection of Insects, Arachnids, and Nematodes (CNC)","Agriculture and Agri-Food Canada","Agriculture and Agri-Food Canada","cc by 4.0","Agriculture and Agri-Food Canada"
"Malacosoma americana",1951,7,"00:00:00","1951-07-18T00:00:00","occurrence",NA,1,46.6271,-72.762614,"gbif","GBIF","Canadian National Collection of Insects, Arachnids, and Nematodes (CNC)","Agriculture and Agri-Food Canada","Agriculture and Agri-Food Canada","cc by 4.0","Agriculture and Agri-Food Canada"
"Malacosoma americana",1951,7,"00:00:00","1951-07-18T00:00:00","occurrence",NA,1,46.6271,-72.762614,"gbif","GBIF","Canadian National Collection of Insects, Arachnids, and Nematodes (CNC)","Agriculture and Agri-Food Canada","Agriculture and Agri-Food Canada","cc by 4.0","Agriculture and Agri-Food Canada"
"Malacosoma americana",1951,7,"00:00:00","1951-07-24T00:00:00","occurrence",NA,1,46.6271,-72.762614,"gbif","GBIF","Canadian National Collection of Insects, Arachnids, and Nematodes (CNC)","Agriculture and Agri-Food Canada","Agriculture and Agri-Food Canada","cc by 4.0","Agriculture and Agri-Food Canada"
"Malacosoma americana",1951,7,"00:00:00","1951-07-24T00:00:00","occurrence",NA,1,46.6271,-72.762614,"gbif","GBIF","Canadian National Collection of Insects, Arachnids, and Nematodes (CNC)","Agriculture and Agri-Food Canada","Agriculture and Agri-Food Canada","cc by 4.0","Agriculture and Agri-Food Canada"
"Malacosoma americana",1951,7,"00:00:00","1951-07-23T00:00:00","occurrence",NA,1,46.6271,-72.762614,"gbif","GBIF","Canadian National Collection of Insects, Arachnids, and Nematodes (CNC)","Agriculture and Agri-Food Canada","Agriculture and Agri-Food Canada","cc by 4.0","Agriculture and Agri-Food Canada"
"Malacosoma americana",1951,7,"00:00:00","1951-07-24T00:00:00","occurrence",NA,1,46.6271,-72.762614,"gbif","GBIF","Canadian National Collection of Insects, Arachnids, and Nematodes (CNC)","Agriculture and Agri-Food Canada","Agriculture and Agri-Food Canada","cc by 4.0","Agriculture and Agri-Food Canada"
"Malacosoma americana",1951,7,"00:00:00","1951-07-23T00:00:00","occurrence",NA,1,46.6271,-72.762614,"gbif","GBIF","Canadian National Collection of Insects, Arachnids, and Nematodes (CNC)","Agriculture and Agri-Food Canada","Agriculture and Agri-Food Canada","cc by 4.0","Agriculture and Agri-Food Canada"
"Malacosoma americana",1951,7,"00:00:00","1951-07-23T00:00:00","occurrence",NA,1,46.6271,-72.762614,"gbif","GBIF","Canadian National Collection of Insects, Arachnids, and Nematodes (CNC)","Agriculture and Agri-Food Canada","Agriculture and Agri-Food Canada","cc by 4.0","Agriculture and Agri-Food Canada"
"Malacosoma americana",1951,7,"00:00:00","1951-07-23T00:00:00","occurrence",NA,1,46.6271,-72.762614,"gbif","GBIF","Canadian National Collection of Insects, Arachnids, and Nematodes (CNC)","Agriculture and Agri-Food Canada","Agriculture and Agri-Food Canada","cc by 4.0","Agriculture and Agri-Food Canada"
"Malacosoma americana",1951,7,"00:00:00","1951-07-23T00:00:00","occurrence",NA,1,46.6271,-72.762614,"gbif","GBIF","Canadian National Collection of Insects, Arachnids, and Nematodes (CNC)","Agriculture and Agri-Food Canada","Agriculture and Agri-Food Canada","cc by 4.0","Agriculture and Agri-Food Canada"
"Malacosoma americana",1951,8,"00:00:00","1951-08-25T00:00:00","occurrence",NA,1,46.6271,-72.762614,"gbif","GBIF","Canadian National Collection of Insects, Arachnids, and Nematodes (CNC)","Agriculture and Agri-Food Canada","Agriculture and Agri-Food Canada","cc by 4.0","Agriculture and Agri-Food Canada"
"Malacosoma americana",1951,7,"00:00:00","1951-07-24T00:00:00","occurrence",NA,1,46.6271,-72.762614,"gbif","GBIF","Canadian National Collection of Insects, Arachnids, and Nematodes (CNC)","Agriculture and Agri-Food Canada","Agriculture and Agri-Food Canada","cc by 4.0","Agriculture and Agri-Food Canada"
"Malacosoma americana",1951,7,"00:00:00","1951-07-21T00:00:00","occurrence",NA,1,46.6271,-72.762614,"gbif","GBIF","Canadian National Collection of Insects, Arachnids, and Nematodes (CNC)","Agriculture and Agri-Food Canada","Agriculture and Agri-Food Canada","cc by 4.0","Agriculture and Agri-Food Canada"
"Malacosoma americana",1951,7,"00:00:00","1951-07-23T00:00:00","occurrence",NA,1,46.6271,-72.762614,"gbif","GBIF","Canadian National Collection of Insects, Arachnids, and Nematodes (CNC)","Agriculture and Agri-Food Canada","Agriculture and Agri-Food Canada","cc by 4.0","Agriculture and Agri-Food Canada"
"Malacosoma americana",1951,7,"00:00:00","1951-07-21T00:00:00","occurrence",NA,1,46.6271,-72.762614,"gbif","GBIF","Canadian National Collection of Insects, Arachnids, and Nematodes (CNC)","Agriculture and Agri-Food Canada","Agriculture and Agri-Food Canada","cc by 4.0","Agriculture and Agri-Food Canada"
"Malacosoma americana",1951,7,"00:00:00","1951-07-21T00:00:00","occurrence",NA,1,46.6271,-72.762614,"gbif","GBIF","Canadian National Collection of Insects, Arachnids, and Nematodes (CNC)","Agriculture and Agri-Food Canada","Agriculture and Agri-Food Canada","cc by 4.0","Agriculture and Agri-Food Canada"
"Malacosoma americana",1951,7,"00:00:00","1951-07-21T00:00:00","occurrence",NA,1,46.6271,-72.762614,"gbif","GBIF","Canadian National Collection of Insects, Arachnids, and Nematodes (CNC)","Agriculture and Agri-Food Canada","Agriculture and Agri-Food Canada","cc by 4.0","Agriculture and Agri-Food Canada"
"Malacosoma americana",1951,7,"00:00:00","1951-07-21T00:00:00","occurrence",NA,1,46.6271,-72.762614,"gbif","GBIF","Canadian National Collection of Insects, Arachnids, and Nematodes (CNC)","Agriculture and Agri-Food Canada","Agriculture and Agri-Food Canada","cc by 4.0","Agriculture and Agri-Food Canada"
"Malacosoma americana",1951,7,"00:00:00","1951-07-21T00:00:00","occurrence",NA,1,46.6271,-72.762614,"gbif","GBIF","Canadian National Collection of Insects, Arachnids, and Nematodes (CNC)","Agriculture and Agri-Food Canada","Agriculture and Agri-Food Canada","cc by 4.0","Agriculture and Agri-Food Canada"
"Malacosoma americana",1951,7,"00:00:00","1951-07-21T00:00:00","occurrence",NA,1,46.6271,-72.762614,"gbif","GBIF","Canadian National Collection of Insects, Arachnids, and Nematodes (CNC)","Agriculture and Agri-Food Canada","Agriculture and Agri-Food Canada","cc by 4.0","Agriculture and Agri-Food Canada"
"Malacosoma americana",1951,7,"00:00:00","1951-07-23T00:00:00","occurrence",NA,1,46.6271,-72.762614,"gbif","GBIF","Canadian National Collection of Insects, Arachnids, and Nematodes (CNC)","Agriculture and Agri-Food Canada","Agriculture and Agri-Food Canada","cc by 4.0","Agriculture and Agri-Food Canada"
"Malacosoma americana",1951,7,"00:00:00","1951-07-23T00:00:00","occurrence",NA,1,46.6271,-72.762614,"gbif","GBIF","Canadian National Collection of Insects, Arachnids, and Nematodes (CNC)","Agriculture and Agri-Food Canada","Agriculture and Agri-Food Canada","cc by 4.0","Agriculture and Agri-Food Canada"
"Malacosoma americana",1951,7,"00:00:00","1951-07-23T00:00:00","occurrence",NA,1,46.6271,-72.762614,"gbif","GBIF","Canadian National Collection of Insects, Arachnids, and Nematodes (CNC)","Agriculture and Agri-Food Canada","Agriculture and Agri-Food Canada","cc by 4.0","Agriculture and Agri-Food Canada"
"Malacosoma americana",1951,7,"00:00:00","1951-07-13T00:00:00","occurrence",NA,1,46.6271,-72.762614,"gbif","GBIF","Canadian National Collection of Insects, Arachnids, and Nematodes (CNC)","Agriculture and Agri-Food Canada","Agriculture and Agri-Food Canada","cc by 4.0","Agriculture and Agri-Food Canada"
"Malacosoma americana",1951,7,"00:00:00","1951-07-13T00:00:00","occurrence",NA,1,46.6271,-72.762614,"gbif","GBIF","Canadian National Collection of Insects, Arachnids, and Nematodes (CNC)","Agriculture and Agri-Food Canada","Agriculture and Agri-Food Canada","cc by 4.0","Agriculture and Agri-Food Canada"
"Malacosoma americana",1951,7,"00:00:00","1951-07-13T00:00:00","occurrence",NA,1,46.6271,-72.762614,"gbif","GBIF","Canadian National Collection of Insects, Arachnids, and Nematodes (CNC)","Agriculture and Agri-Food Canada","Agriculture and Agri-Food Canada","cc by 4.0","Agriculture and Agri-Food Canada"
"Malacosoma americana",1951,7,"00:00:00","1951-07-13T00:00:00","occurrence",NA,1,46.6271,-72.762614,"gbif","GBIF","Canadian National Collection of Insects, Arachnids, and Nematodes (CNC)","Agriculture and Agri-Food Canada","Agriculture and Agri-Food Canada","cc by 4.0","Agriculture and Agri-Food Canada"
"Malacosoma americana",1951,7,"00:00:00","1951-07-13T00:00:00","occurrence",NA,1,46.6271,-72.762614,"gbif","GBIF","Canadian National Collection of Insects, Arachnids, and Nematodes (CNC)","Agriculture and Agri-Food Canada","Agriculture and Agri-Food Canada","cc by 4.0","Agriculture and Agri-Food Canada"
"Malacosoma americana",1951,7,"00:00:00","1951-07-13T00:00:00","occurrence",NA,1,46.6271,-72.762614,"gbif","GBIF","Canadian National Collection of Insects, Arachnids, and Nematodes (CNC)","Agriculture and Agri-Food Canada","Agriculture and Agri-Food Canada","cc by 4.0","Agriculture and Agri-Food Canada"
"Malacosoma americana",1951,7,"00:00:00","1951-07-13T00:00:00","occurrence",NA,1,46.6271,-72.762614,"gbif","GBIF","Canadian National Collection of Insects, Arachnids, and Nematodes (CNC)","Agriculture and Agri-Food Canada","Agriculture and Agri-Food Canada","cc by 4.0","Agriculture and Agri-Food Canada"
"Malacosoma americana",1951,7,"00:00:00","1951-07-13T00:00:00","occurrence",NA,1,46.6271,-72.762614,"gbif","GBIF","Canadian National Collection of Insects, Arachnids, and Nematodes (CNC)","Agriculture and Agri-Food Canada","Agriculture and Agri-Food Canada","cc by 4.0","Agriculture and Agri-Food Canada"
"Malacosoma americana",1951,7,"00:00:00","1951-07-13T00:00:00","occurrence",NA,1,46.6271,-72.762614,"gbif","GBIF","Canadian National Collection of Insects, Arachnids, and Nematodes (CNC)","Agriculture and Agri-Food Canada","Agriculture and Agri-Food Canada","cc by 4.0","Agriculture and Agri-Food Canada"
"Malacosoma americana",1951,7,"00:00:00","1951-07-13T00:00:00","occurrence",NA,1,46.6271,-72.762614,"gbif","GBIF","Canadian National Collection of Insects, Arachnids, and Nematodes (CNC)","Agriculture and Agri-Food Canada","Agriculture and Agri-Food Canada","cc by 4.0","Agriculture and Agri-Food Canada"
"Malacosoma americana",1951,7,"00:00:00","1951-07-13T00:00:00","occurrence",NA,1,46.6271,-72.762614,"gbif","GBIF","Canadian National Collection of Insects, Arachnids, and Nematodes (CNC)","Agriculture and Agri-Food Canada","Agriculture and Agri-Food Canada","cc by 4.0","Agriculture and Agri-Food Canada"
"Malacosoma americana",1951,7,"00:00:00","1951-07-13T00:00:00","occurrence",NA,1,46.6271,-72.762614,"gbif","GBIF","Canadian National Collection of Insects, Arachnids, and Nematodes (CNC)","Agriculture and Agri-Food Canada","Agriculture and Agri-Food Canada","cc by 4.0","Agriculture and Agri-Food Canada"
"Malacosoma americana",1951,7,"00:00:00","1951-07-12T00:00:00","occurrence",NA,1,46.6271,-72.762614,"gbif","GBIF","Canadian National Collection of Insects, Arachnids, and Nematodes (CNC)","Agriculture and Agri-Food Canada","Agriculture and Agri-Food Canada","cc by 4.0","Agriculture and Agri-Food Canada"
"Malacosoma americana",1951,7,"00:00:00","1951-07-13T00:00:00","occurrence",NA,1,46.6271,-72.762614,"gbif","GBIF","Canadian National Collection of Insects, Arachnids, and Nematodes (CNC)","Agriculture and Agri-Food Canada","Agriculture and Agri-Food Canada","cc by 4.0","Agriculture and Agri-Food Canada"
"Malacosoma americana",1951,7,"00:00:00","1951-07-12T00:00:00","occurrence",NA,1,46.6271,-72.762614,"gbif","GBIF","Canadian National Collection of Insects, Arachnids, and Nematodes (CNC)","Agriculture and Agri-Food Canada","Agriculture and Agri-Food Canada","cc by 4.0","Agriculture and Agri-Food Canada"
"Malacosoma americana",1951,7,"00:00:00","1951-07-12T00:00:00","occurrence",NA,1,46.6271,-72.762614,"gbif","GBIF","Canadian National Collection of Insects, Arachnids, and Nematodes (CNC)","Agriculture and Agri-Food Canada","Agriculture and Agri-Food Canada","cc by 4.0","Agriculture and Agri-Food Canada"
"Malacosoma americana",1951,7,"00:00:00","1951-07-10T00:00:00","occurrence",NA,1,46.6271,-72.762614,"gbif","GBIF","Canadian National Collection of Insects, Arachnids, and Nematodes (CNC)","Agriculture and Agri-Food Canada","Agriculture and Agri-Food Canada","cc by 4.0","Agriculture and Agri-Food Canada"
"Malacosoma americana",1951,7,"00:00:00","1951-07-11T00:00:00","occurrence",NA,1,46.6271,-72.762614,"gbif","GBIF","Canadian National Collection of Insects, Arachnids, and Nematodes (CNC)","Agriculture and Agri-Food Canada","Agriculture and Agri-Food Canada","cc by 4.0","Agriculture and Agri-Food Canada"
"Malacosoma americana",1951,7,"00:00:00","1951-07-13T00:00:00","occurrence",NA,1,46.6271,-72.762614,"gbif","GBIF","Canadian National Collection of Insects, Arachnids, and Nematodes (CNC)","Agriculture and Agri-Food Canada","Agriculture and Agri-Food Canada","cc by 4.0","Agriculture and Agri-Food Canada"
"Malacosoma americana",1951,7,"00:00:00","1951-07-13T00:00:00","occurrence",NA,1,46.6271,-72.762614,"gbif","GBIF","Canadian National Collection of Insects, Arachnids, and Nematodes (CNC)","Agriculture and Agri-Food Canada","Agriculture and Agri-Food Canada","cc by 4.0","Agriculture and Agri-Food Canada"
"Malacosoma americana",1951,7,"00:00:00","1951-07-13T00:00:00","occurrence",NA,1,46.6271,-72.762614,"gbif","GBIF","Canadian National Collection of Insects, Arachnids, and Nematodes (CNC)","Agriculture and Agri-Food Canada","Agriculture and Agri-Food Canada","cc by 4.0","Agriculture and Agri-Food Canada"
"Malacosoma americana",1951,7,"00:00:00","1951-07-13T00:00:00","occurrence",NA,1,46.6271,-72.762614,"gbif","GBIF","Canadian National Collection of Insects, Arachnids, and Nematodes (CNC)","Agriculture and Agri-Food Canada","Agriculture and Agri-Food Canada","cc by 4.0","Agriculture and Agri-Food Canada"
"Malacosoma americana",1951,7,"00:00:00","1951-07-13T00:00:00","occurrence",NA,1,46.6271,-72.762614,"gbif","GBIF","Canadian National Collection of Insects, Arachnids, and Nematodes (CNC)","Agriculture and Agri-Food Canada","Agriculture and Agri-Food Canada","cc by 4.0","Agriculture and Agri-Food Canada"
"Malacosoma americana",1951,7,"00:00:00","1951-07-13T00:00:00","occurrence",NA,1,46.6271,-72.762614,"gbif","GBIF","Canadian National Collection of Insects, Arachnids, and Nematodes (CNC)","Agriculture and Agri-Food Canada","Agriculture and Agri-Food Canada","cc by 4.0","Agriculture and Agri-Food Canada"
"Malacosoma americana",1951,7,"00:00:00","1951-07-12T00:00:00","occurrence",NA,1,46.6271,-72.762614,"gbif","GBIF","Canadian National Collection of Insects, Arachnids, and Nematodes (CNC)","Agriculture and Agri-Food Canada","Agriculture and Agri-Food Canada","cc by 4.0","Agriculture and Agri-Food Canada"
"Malacosoma americana",1951,7,"00:00:00","1951-07-13T00:00:00","occurrence",NA,1,46.6271,-72.762614,"gbif","GBIF","Canadian National Collection of Insects, Arachnids, and Nematodes (CNC)","Agriculture and Agri-Food Canada","Agriculture and Agri-Food Canada","cc by 4.0","Agriculture and Agri-Food Canada"
"Malacosoma americana",1951,7,"00:00:00","1951-07-13T00:00:00","occurrence",NA,1,46.6271,-72.762614,"gbif","GBIF","Canadian National Collection of Insects, Arachnids, and Nematodes (CNC)","Agriculture and Agri-Food Canada","Agriculture and Agri-Food Canada","cc by 4.0","Agriculture and Agri-Food Canada"
"Malacosoma americana",1951,7,"00:00:00","1951-07-13T00:00:00","occurrence",NA,1,46.6271,-72.762614,"gbif","GBIF","Canadian National Collection of Insects, Arachnids, and Nematodes (CNC)","Agriculture and Agri-Food Canada","Agriculture and Agri-Food Canada","cc by 4.0","Agriculture and Agri-Food Canada"
"Malacosoma americana",1951,7,"00:00:00","1951-07-13T00:00:00","occurrence",NA,1,46.6271,-72.762614,"gbif","GBIF","Canadian National Collection of Insects, Arachnids, and Nematodes (CNC)","Agriculture and Agri-Food Canada","Agriculture and Agri-Food Canada","cc by 4.0","Agriculture and Agri-Food Canada"
"Malacosoma americana",1951,7,"00:00:00","1951-07-13T00:00:00","occurrence",NA,1,46.6271,-72.762614,"gbif","GBIF","Canadian National Collection of Insects, Arachnids, and Nematodes (CNC)","Agriculture and Agri-Food Canada","Agriculture and Agri-Food Canada","cc by 4.0","Agriculture and Agri-Food Canada"
"Malacosoma americana",1951,7,"00:00:00","1951-07-13T00:00:00","occurrence",NA,1,46.6271,-72.762614,"gbif","GBIF","Canadian National Collection of Insects, Arachnids, and Nematodes (CNC)","Agriculture and Agri-Food Canada","Agriculture and Agri-Food Canada","cc by 4.0","Agriculture and Agri-Food Canada"
"Malacosoma americana",1951,7,"00:00:00","1951-07-13T00:00:00","occurrence",NA,1,46.6271,-72.762614,"gbif","GBIF","Canadian National Collection of Insects, Arachnids, and Nematodes (CNC)","Agriculture and Agri-Food Canada","Agriculture and Agri-Food Canada","cc by 4.0","Agriculture and Agri-Food Canada"
"Malacosoma americana",1951,7,"00:00:00","1951-07-13T00:00:00","occurrence",NA,1,46.6271,-72.762614,"gbif","GBIF","Canadian National Collection of Insects, Arachnids, and Nematodes (CNC)","Agriculture and Agri-Food Canada","Agriculture and Agri-Food Canada","cc by 4.0","Agriculture and Agri-Food Canada"
"Malacosoma americana",1951,7,"00:00:00","1951-07-13T00:00:00","occurrence",NA,1,46.6271,-72.762614,"gbif","GBIF","Canadian National Collection of Insects, Arachnids, and Nematodes (CNC)","Agriculture and Agri-Food Canada","Agriculture and Agri-Food Canada","cc by 4.0","Agriculture and Agri-Food Canada"
"Malacosoma americana",1951,7,"00:00:00","1951-07-13T00:00:00","occurrence",NA,1,46.6271,-72.762614,"gbif","GBIF","Canadian National Collection of Insects, Arachnids, and Nematodes (CNC)","Agriculture and Agri-Food Canada","Agriculture and Agri-Food Canada","cc by 4.0","Agriculture and Agri-Food Canada"
"Malacosoma americana",1951,7,"00:00:00","1951-07-13T00:00:00","occurrence",NA,1,46.6271,-72.762614,"gbif","GBIF","Canadian National Collection of Insects, Arachnids, and Nematodes (CNC)","Agriculture and Agri-Food Canada","Agriculture and Agri-Food Canada","cc by 4.0","Agriculture and Agri-Food Canada"
"Malacosoma americana",1951,7,"00:00:00","1951-07-13T00:00:00","occurrence",NA,1,46.6271,-72.762614,"gbif","GBIF","Canadian National Collection of Insects, Arachnids, and Nematodes (CNC)","Agriculture and Agri-Food Canada","Agriculture and Agri-Food Canada","cc by 4.0","Agriculture and Agri-Food Canada"
"Malacosoma americana",1951,7,"00:00:00","1951-07-13T00:00:00","occurrence",NA,1,46.6271,-72.762614,"gbif","GBIF","Canadian National Collection of Insects, Arachnids, and Nematodes (CNC)","Agriculture and Agri-Food Canada","Agriculture and Agri-Food Canada","cc by 4.0","Agriculture and Agri-Food Canada"
"Malacosoma americana",1951,7,"00:00:00","1951-07-13T00:00:00","occurrence",NA,1,46.6271,-72.762614,"gbif","GBIF","Canadian National Collection of Insects, Arachnids, and Nematodes (CNC)","Agriculture and Agri-Food Canada","Agriculture and Agri-Food Canada","cc by 4.0","Agriculture and Agri-Food Canada"
"Malacosoma americana",1951,7,"00:00:00","1951-07-13T00:00:00","occurrence",NA,1,46.6271,-72.762614,"gbif","GBIF","Canadian National Collection of Insects, Arachnids, and Nematodes (CNC)","Agriculture and Agri-Food Canada","Agriculture and Agri-Food Canada","cc by 4.0","Agriculture and Agri-Food Canada"
"Malacosoma americana",1951,7,"00:00:00","1951-07-13T00:00:00","occurrence",NA,1,46.6271,-72.762614,"gbif","GBIF","Canadian National Collection of Insects, Arachnids, and Nematodes (CNC)","Agriculture and Agri-Food Canada","Agriculture and Agri-Food Canada","cc by 4.0","Agriculture and Agri-Food Canada"
"Malacosoma americana",1951,7,"00:00:00","1951-07-13T00:00:00","occurrence",NA,1,46.6271,-72.762614,"gbif","GBIF","Canadian National Collection of Insects, Arachnids, and Nematodes (CNC)","Agriculture and Agri-Food Canada","Agriculture and Agri-Food Canada","cc by 4.0","Agriculture and Agri-Food Canada"
"Malacosoma americana",1951,7,"00:00:00","1951-07-13T00:00:00","occurrence",NA,1,46.6271,-72.762614,"gbif","GBIF","Canadian National Collection of Insects, Arachnids, and Nematodes (CNC)","Agriculture and Agri-Food Canada","Agriculture and Agri-Food Canada","cc by 4.0","Agriculture and Agri-Food Canada"
"Malacosoma americana",1951,7,"00:00:00","1951-07-14T00:00:00","occurrence",NA,1,46.6271,-72.762614,"gbif","GBIF","Canadian National Collection of Insects, Arachnids, and Nematodes (CNC)","Agriculture and Agri-Food Canada","Agriculture and Agri-Food Canada","cc by 4.0","Agriculture and Agri-Food Canada"
"Malacosoma americana",1951,7,"00:00:00","1951-07-14T00:00:00","occurrence",NA,1,46.6271,-72.762614,"gbif","GBIF","Canadian National Collection of Insects, Arachnids, and Nematodes (CNC)","Agriculture and Agri-Food Canada","Agriculture and Agri-Food Canada","cc by 4.0","Agriculture and Agri-Food Canada"
"Malacosoma americana",1951,7,"00:00:00","1951-07-14T00:00:00","occurrence",NA,1,46.6271,-72.762614,"gbif","GBIF","Canadian National Collection of Insects, Arachnids, and Nematodes (CNC)","Agriculture and Agri-Food Canada","Agriculture and Agri-Food Canada","cc by 4.0","Agriculture and Agri-Food Canada"
"Malacosoma americana",1951,7,"00:00:00","1951-07-14T00:00:00","occurrence",NA,1,46.6271,-72.762614,"gbif","GBIF","Canadian National Collection of Insects, Arachnids, and Nematodes (CNC)","Agriculture and Agri-Food Canada","Agriculture and Agri-Food Canada","cc by 4.0","Agriculture and Agri-Food Canada"
"Malacosoma americana",1951,7,"00:00:00","1951-07-16T00:00:00","occurrence",NA,1,46.6271,-72.762614,"gbif","GBIF","Canadian National Collection of Insects, Arachnids, and Nematodes (CNC)","Agriculture and Agri-Food Canada","Agriculture and Agri-Food Canada","cc by 4.0","Agriculture and Agri-Food Canada"
"Malacosoma americana",1951,7,"00:00:00","1951-07-16T00:00:00","occurrence",NA,1,46.6271,-72.762614,"gbif","GBIF","Canadian National Collection of Insects, Arachnids, and Nematodes (CNC)","Agriculture and Agri-Food Canada","Agriculture and Agri-Food Canada","cc by 4.0","Agriculture and Agri-Food Canada"
"Malacosoma americana",1951,7,"00:00:00","1951-07-16T00:00:00","occurrence",NA,1,46.6271,-72.762614,"gbif","GBIF","Canadian National Collection of Insects, Arachnids, and Nematodes (CNC)","Agriculture and Agri-Food Canada","Agriculture and Agri-Food Canada","cc by 4.0","Agriculture and Agri-Food Canada"
"Malacosoma americana",1951,7,"00:00:00","1951-07-16T00:00:00","occurrence",NA,1,46.6271,-72.762614,"gbif","GBIF","Canadian National Collection of Insects, Arachnids, and Nematodes (CNC)","Agriculture and Agri-Food Canada","Agriculture and Agri-Food Canada","cc by 4.0","Agriculture and Agri-Food Canada"
"Malacosoma americana",1951,7,"00:00:00","1951-07-15T00:00:00","occurrence",NA,1,46.6271,-72.762614,"gbif","GBIF","Canadian National Collection of Insects, Arachnids, and Nematodes (CNC)","Agriculture and Agri-Food Canada","Agriculture and Agri-Food Canada","cc by 4.0","Agriculture and Agri-Food Canada"
"Malacosoma americana",1951,7,"00:00:00","1951-07-16T00:00:00","occurrence",NA,1,46.6271,-72.762614,"gbif","GBIF","Canadian National Collection of Insects, Arachnids, and Nematodes (CNC)","Agriculture and Agri-Food Canada","Agriculture and Agri-Food Canada","cc by 4.0","Agriculture and Agri-Food Canada"
"Malacosoma americana",1951,7,"00:00:00","1951-07-15T00:00:00","occurrence",NA,1,46.6271,-72.762614,"gbif","GBIF","Canadian National Collection of Insects, Arachnids, and Nematodes (CNC)","Agriculture and Agri-Food Canada","Agriculture and Agri-Food Canada","cc by 4.0","Agriculture and Agri-Food Canada"
"Malacosoma americana",1951,7,"00:00:00","1951-07-14T00:00:00","occurrence",NA,1,46.6271,-72.762614,"gbif","GBIF","Canadian National Collection of Insects, Arachnids, and Nematodes (CNC)","Agriculture and Agri-Food Canada","Agriculture and Agri-Food Canada","cc by 4.0","Agriculture and Agri-Food Canada"
"Malacosoma americana",1951,7,"00:00:00","1951-07-14T00:00:00","occurrence",NA,1,46.6271,-72.762614,"gbif","GBIF","Canadian National Collection of Insects, Arachnids, and Nematodes (CNC)","Agriculture and Agri-Food Canada","Agriculture and Agri-Food Canada","cc by 4.0","Agriculture and Agri-Food Canada"
"Malacosoma americana",1951,7,"00:00:00","1951-07-14T00:00:00","occurrence",NA,1,46.6271,-72.762614,"gbif","GBIF","Canadian National Collection of Insects, Arachnids, and Nematodes (CNC)","Agriculture and Agri-Food Canada","Agriculture and Agri-Food Canada","cc by 4.0","Agriculture and Agri-Food Canada"
"Malacosoma americana",1951,7,"00:00:00","1951-07-14T00:00:00","occurrence",NA,1,46.6271,-72.762614,"gbif","GBIF","Canadian National Collection of Insects, Arachnids, and Nematodes (CNC)","Agriculture and Agri-Food Canada","Agriculture and Agri-Food Canada","cc by 4.0","Agriculture and Agri-Food Canada"
"Malacosoma americana",1951,7,"00:00:00","1951-07-14T00:00:00","occurrence",NA,1,46.6271,-72.762614,"gbif","GBIF","Canadian National Collection of Insects, Arachnids, and Nematodes (CNC)","Agriculture and Agri-Food Canada","Agriculture and Agri-Food Canada","cc by 4.0","Agriculture and Agri-Food Canada"
"Malacosoma americana",1951,7,"00:00:00","1951-07-14T00:00:00","occurrence",NA,1,46.6271,-72.762614,"gbif","GBIF","Canadian National Collection of Insects, Arachnids, and Nematodes (CNC)","Agriculture and Agri-Food Canada","Agriculture and Agri-Food Canada","cc by 4.0","Agriculture and Agri-Food Canada"
"Malacosoma americana",1951,7,"00:00:00","1951-07-14T00:00:00","occurrence",NA,1,46.6271,-72.762614,"gbif","GBIF","Canadian National Collection of Insects, Arachnids, and Nematodes (CNC)","Agriculture and Agri-Food Canada","Agriculture and Agri-Food Canada","cc by 4.0","Agriculture and Agri-Food Canada"
"Malacosoma americana",1951,7,"00:00:00","1951-07-14T00:00:00","occurrence",NA,1,46.6271,-72.762614,"gbif","GBIF","Canadian National Collection of Insects, Arachnids, and Nematodes (CNC)","Agriculture and Agri-Food Canada","Agriculture and Agri-Food Canada","cc by 4.0","Agriculture and Agri-Food Canada"
"Malacosoma americana",1951,7,"00:00:00","1951-07-14T00:00:00","occurrence",NA,1,46.6271,-72.762614,"gbif","GBIF","Canadian National Collection of Insects, Arachnids, and Nematodes (CNC)","Agriculture and Agri-Food Canada","Agriculture and Agri-Food Canada","cc by 4.0","Agriculture and Agri-Food Canada"
"Malacosoma americana",1951,7,"00:00:00","1951-07-14T00:00:00","occurrence",NA,1,46.6271,-72.762614,"gbif","GBIF","Canadian National Collection of Insects, Arachnids, and Nematodes (CNC)","Agriculture and Agri-Food Canada","Agriculture and Agri-Food Canada","cc by 4.0","Agriculture and Agri-Food Canada"
"Malacosoma americana",1951,7,"00:00:00","1951-07-14T00:00:00","occurrence",NA,1,46.6271,-72.762614,"gbif","GBIF","Canadian National Collection of Insects, Arachnids, and Nematodes (CNC)","Agriculture and Agri-Food Canada","Agriculture and Agri-Food Canada","cc by 4.0","Agriculture and Agri-Food Canada"
"Malacosoma americana",1951,7,"00:00:00","1951-07-15T00:00:00","occurrence",NA,1,46.6271,-72.762614,"gbif","GBIF","Canadian National Collection of Insects, Arachnids, and Nematodes (CNC)","Agriculture and Agri-Food Canada","Agriculture and Agri-Food Canada","cc by 4.0","Agriculture and Agri-Food Canada"
"Malacosoma americana",1951,7,"00:00:00","1951-07-16T00:00:00","occurrence",NA,1,46.6271,-72.762614,"gbif","GBIF","Canadian National Collection of Insects, Arachnids, and Nematodes (CNC)","Agriculture and Agri-Food Canada","Agriculture and Agri-Food Canada","cc by 4.0","Agriculture and Agri-Food Canada"
"Malacosoma americana",1951,7,"00:00:00","1951-07-17T00:00:00","occurrence",NA,1,46.6271,-72.762614,"gbif","GBIF","Canadian National Collection of Insects, Arachnids, and Nematodes (CNC)","Agriculture and Agri-Food Canada","Agriculture and Agri-Food Canada","cc by 4.0","Agriculture and Agri-Food Canada"
"Malacosoma americana",1951,7,"00:00:00","1951-07-10T00:00:00","occurrence",NA,1,46.6271,-72.762614,"gbif","GBIF","Canadian National Collection of Insects, Arachnids, and Nematodes (CNC)","Agriculture and Agri-Food Canada","Agriculture and Agri-Food Canada","cc by 4.0","Agriculture and Agri-Food Canada"
"Malacosoma americana",1951,7,"00:00:00","1951-07-10T00:00:00","occurrence",NA,1,46.6271,-72.762614,"gbif","GBIF","Canadian National Collection of Insects, Arachnids, and Nematodes (CNC)","Agriculture and Agri-Food Canada","Agriculture and Agri-Food Canada","cc by 4.0","Agriculture and Agri-Food Canada"
"Malacosoma americana",1951,7,"00:00:00","1951-07-07T00:00:00","occurrence",NA,1,46.6271,-72.762614,"gbif","GBIF","Canadian National Collection of Insects, Arachnids, and Nematodes (CNC)","Agriculture and Agri-Food Canada","Agriculture and Agri-Food Canada","cc by 4.0","Agriculture and Agri-Food Canada"
"Malacosoma americana",1951,7,"00:00:00","1951-07-08T00:00:00","occurrence",NA,1,46.6271,-72.762614,"gbif","GBIF","Canadian National Collection of Insects, Arachnids, and Nematodes (CNC)","Agriculture and Agri-Food Canada","Agriculture and Agri-Food Canada","cc by 4.0","Agriculture and Agri-Food Canada"
"Malacosoma americana",1951,8,"00:00:00","1951-08-02T00:00:00","occurrence",NA,1,46.6271,-72.762614,"gbif","GBIF","Canadian National Collection of Insects, Arachnids, and Nematodes (CNC)","Agriculture and Agri-Food Canada","Agriculture and Agri-Food Canada","cc by 4.0","Agriculture and Agri-Food Canada"
"Malacosoma americana",1951,6,"00:00:00","1951-06-03T00:00:00","occurrence",NA,1,46.6271,-72.762614,"gbif","GBIF","Canadian National Collection of Insects, Arachnids, and Nematodes (CNC)","Agriculture and Agri-Food Canada","Agriculture and Agri-Food Canada","cc by 4.0","Agriculture and Agri-Food Canada"
"Malacosoma americana",1951,7,"00:00:00","1951-07-10T00:00:00","occurrence",NA,1,46.6271,-72.762614,"gbif","GBIF","Canadian National Collection of Insects, Arachnids, and Nematodes (CNC)","Agriculture and Agri-Food Canada","Agriculture and Agri-Food Canada","cc by 4.0","Agriculture and Agri-Food Canada"
"Malacosoma americana",1951,7,"00:00:00","1951-07-10T00:00:00","occurrence",NA,1,46.6271,-72.762614,"gbif","GBIF","Canadian National Collection of Insects, Arachnids, and Nematodes (CNC)","Agriculture and Agri-Food Canada","Agriculture and Agri-Food Canada","cc by 4.0","Agriculture and Agri-Food Canada"
"Malacosoma americana",1951,7,"00:00:00","1951-07-10T00:00:00","occurrence",NA,1,46.6271,-72.762614,"gbif","GBIF","Canadian National Collection of Insects, Arachnids, and Nematodes (CNC)","Agriculture and Agri-Food Canada","Agriculture and Agri-Food Canada","cc by 4.0","Agriculture and Agri-Food Canada"
"Eupithecia indistincta",1951,7,"00:00:00","1951-07-24T00:00:00","occurrence",NA,1,46.626,-72.768,"gbif","GBIF","University of Alberta E. H. Strickland Entomological Museum (UASM)","University of Alberta Museums","University of Alberta Museums","cc0 1.0","University of Alberta Museums"
"Limenitis archippus",1951,6,"00:00:00","1951-06-10T00:00:00","occurrence",NA,1,45.8667,-74.0833,"gbif","GBIF","Lyman Entomological Museum","Canadian Biodiversity Information Facility","Canadian Biodiversity Information Facility","cc0 1.0","Canadian Biodiversity Information Facility"
"Limenitis archippus",1951,6,"00:00:00","1951-06-03T00:00:00","occurrence",NA,1,45.5,-73.5833,"gbif","GBIF","Lyman Entomological Museum","Canadian Biodiversity Information Facility","Canadian Biodiversity Information Facility","cc0 1.0","Canadian Biodiversity Information Facility"
"Enodia anthedon",1951,7,"00:00:00","1951-07-14T00:00:00","occurrence",NA,1,45.4167,-73.9333,"gbif","GBIF","Lyman Entomological Museum","Canadian Biodiversity Information Facility","Canadian Biodiversity Information Facility","cc0 1.0","Canadian Biodiversity Information Facility"
"Limenitis archippus",1951,6,"00:00:00","1951-06-03T00:00:00","occurrence",NA,1,45.5,-73.5833,"gbif","GBIF","Lyman Entomological Museum","Canadian Biodiversity Information Facility","Canadian Biodiversity Information Facility","cc0 1.0","Canadian Biodiversity Information Facility"
"Celastrina neglecta",1951,7,"00:00:00","1951-07-17T00:00:00","occurrence",NA,1,45.4167,-73.9333,"gbif","GBIF","Lyman Entomological Museum","Canadian Biodiversity Information Facility","Canadian Biodiversity Information Facility","cc0 1.0","Canadian Biodiversity Information Facility"
"Coenonympha tullia",1951,6,"00:00:00","1951-06-16T00:00:00","occurrence",NA,1,46.05,-73.7167,"gbif","GBIF","Lyman Entomological Museum","Canadian Biodiversity Information Facility","Canadian Biodiversity Information Facility","cc0 1.0","Canadian Biodiversity Information Facility"
"Coenonympha tullia",1951,6,"00:00:00","1951-06-16T00:00:00","occurrence",NA,1,46.05,-73.7167,"gbif","GBIF","Lyman Entomological Museum","Canadian Biodiversity Information Facility","Canadian Biodiversity Information Facility","cc0 1.0","Canadian Biodiversity Information Facility"
"Thorybes pylades",1951,6,"00:00:00","1951-06-10T00:00:00","occurrence",NA,1,45.8667,-74.0833,"gbif","GBIF","Lyman Entomological Museum","Canadian Biodiversity Information Facility","Canadian Biodiversity Information Facility","cc0 1.0","Canadian Biodiversity Information Facility"
"Lycaena phlaeas",1951,6,"00:00:00","1951-06-16T00:00:00","occurrence",NA,1,46.05,-73.7167,"gbif","GBIF","Lyman Entomological Museum","Canadian Biodiversity Information Facility","Canadian Biodiversity Information Facility","cc0 1.0","Canadian Biodiversity Information Facility"
"Celastrina neglecta",1951,7,"00:00:00","1951-07-08T00:00:00","occurrence",NA,1,45.5,-73.5833,"gbif","GBIF","Lyman Entomological Museum","Canadian Biodiversity Information Facility","Canadian Biodiversity Information Facility","cc0 1.0","Canadian Biodiversity Information Facility"
"Coenonympha tullia",1951,6,"00:00:00","1951-06-10T00:00:00","occurrence",NA,1,45.8667,-74.0833,"gbif","GBIF","Lyman Entomological Museum","Canadian Biodiversity Information Facility","Canadian Biodiversity Information Facility","cc0 1.0","Canadian Biodiversity Information Facility"
"Poanes viator",1951,7,"00:00:00","1951-07-15T00:00:00","occurrence",NA,1,45.9667,-73.2167,"gbif","GBIF","Lyman Entomological Museum","Canadian Biodiversity Information Facility","Canadian Biodiversity Information Facility","cc0 1.0","Canadian Biodiversity Information Facility"
"Celastrina neglecta",1951,7,"00:00:00","1951-07-07T00:00:00","occurrence",NA,1,45.4167,-73.9333,"gbif","GBIF","Lyman Entomological Museum","Canadian Biodiversity Information Facility","Canadian Biodiversity Information Facility","cc0 1.0","Canadian Biodiversity Information Facility"
"Pieris rapae",1951,8,"00:00:00","1951-08-12T00:00:00","occurrence",NA,1,45.4167,-73.9333,"gbif","GBIF","Lyman Entomological Museum","Canadian Biodiversity Information Facility","Canadian Biodiversity Information Facility","cc0 1.0","Canadian Biodiversity Information Facility"
"Celastrina neglecta",1951,7,"00:00:00","1951-07-15T00:00:00","occurrence",NA,1,45.9667,-73.2167,"gbif","GBIF","Lyman Entomological Museum","Canadian Biodiversity Information Facility","Canadian Biodiversity Information Facility","cc0 1.0","Canadian Biodiversity Information Facility"
"Colias philodice",1951,9,"00:00:00","1951-09-16T00:00:00","occurrence",NA,1,45.42028,-73.9201,"gbif","GBIF","Museum of Comparative Zoology, Harvard University","Museum of Comparative Zoology, Harvard University","Museum of Comparative Zoology, Harvard University","cc by nc 4.0","Museum of Comparative Zoology, Harvard University"
"Pieris rapae",1951,7,"00:00:00","1951-07-14T00:00:00","occurrence",NA,1,45.4167,-73.9333,"gbif","GBIF","Lyman Entomological Museum","Canadian Biodiversity Information Facility","Canadian Biodiversity Information Facility","cc0 1.0","Canadian Biodiversity Information Facility"
"Feniseca tarquinius",1951,7,"00:00:00","1951-07-15T00:00:00","occurrence",NA,1,45.9667,-73.2167,"gbif","GBIF","Lyman Entomological Museum","Canadian Biodiversity Information Facility","Canadian Biodiversity Information Facility","cc0 1.0","Canadian Biodiversity Information Facility"
"Colias philodice",1951,9,"00:00:00","1951-09-22T00:00:00","occurrence",NA,1,45.5,-73.5833,"gbif","GBIF","Lyman Entomological Museum","Canadian Biodiversity Information Facility","Canadian Biodiversity Information Facility","cc0 1.0","Canadian Biodiversity Information Facility"
"Pieris virginiensis",1951,5,"00:00:00","1951-05-13T00:00:00","occurrence",NA,1,45.5,-73.5833,"gbif","GBIF","Lyman Entomological Museum","Canadian Biodiversity Information Facility","Canadian Biodiversity Information Facility","cc0 1.0","Canadian Biodiversity Information Facility"
"Polites peckius",1951,7,"00:00:00","1951-07-03T00:00:00","occurrence",NA,1,45.2667,-72.1333,"gbif","GBIF","Lyman Entomological Museum","Canadian Biodiversity Information Facility","Canadian Biodiversity Information Facility","cc0 1.0","Canadian Biodiversity Information Facility"
"Pieris oleracea",1951,5,"00:00:00","1951-05-27T00:00:00","occurrence",NA,1,45.2667,-72.1333,"gbif","GBIF","Lyman Entomological Museum","Canadian Biodiversity Information Facility","Canadian Biodiversity Information Facility","cc0 1.0","Canadian Biodiversity Information Facility"
"Polites themistocles",1951,6,"00:00:00","1951-06-16T00:00:00","occurrence",NA,1,46.05,-73.7167,"gbif","GBIF","Lyman Entomological Museum","Canadian Biodiversity Information Facility","Canadian Biodiversity Information Facility","cc0 1.0","Canadian Biodiversity Information Facility"
"Celastrina ladon",1951,5,"00:00:00","1951-05-19T00:00:00","occurrence",NA,1,46.05,-73.7167,"gbif","GBIF","Lyman Entomological Museum","Canadian Biodiversity Information Facility","Canadian Biodiversity Information Facility","cc0 1.0","Canadian Biodiversity Information Facility"
"Polygonia comma",1951,9,"00:00:00","1951-09-22T00:00:00","occurrence",NA,1,45.5,-73.5833,"gbif","GBIF","Lyman Entomological Museum","Canadian Biodiversity Information Facility","Canadian Biodiversity Information Facility","cc0 1.0","Canadian Biodiversity Information Facility"
"Satyrium acadica",1951,7,"00:00:00","1951-07-14T00:00:00","occurrence",NA,1,45.4167,-73.9333,"gbif","GBIF","Lyman Entomological Museum","Canadian Biodiversity Information Facility","Canadian Biodiversity Information Facility","cc0 1.0","Canadian Biodiversity Information Facility"
"Phyciodes cocyta",1951,6,"00:00:00","1951-06-25T00:00:00","occurrence",NA,1,45.2667,-72.1333,"gbif","GBIF","Lyman Entomological Museum","Canadian Biodiversity Information Facility","Canadian Biodiversity Information Facility","cc0 1.0","Canadian Biodiversity Information Facility"
"Satyrium acadica",1951,7,"00:00:00","1951-07-14T00:00:00","occurrence",NA,1,45.4167,-73.9333,"gbif","GBIF","Lyman Entomological Museum","Canadian Biodiversity Information Facility","Canadian Biodiversity Information Facility","cc0 1.0","Canadian Biodiversity Information Facility"
"Satyrium acadica",1951,7,"00:00:00","1951-07-15T00:00:00","occurrence",NA,1,45.9667,-73.2167,"gbif","GBIF","Lyman Entomological Museum","Canadian Biodiversity Information Facility","Canadian Biodiversity Information Facility","cc0 1.0","Canadian Biodiversity Information Facility"
"Hesperia sassacus",1951,6,"00:00:00","1951-06-16T00:00:00","occurrence",NA,1,46.05,-73.7167,"gbif","GBIF","Lyman Entomological Museum","Canadian Biodiversity Information Facility","Canadian Biodiversity Information Facility","cc0 1.0","Canadian Biodiversity Information Facility"
"Nymphalis milberti",1951,9,"00:00:00","1951-09-15T00:00:00","occurrence",NA,1,45.4167,-73.9333,"gbif","GBIF","Lyman Entomological Museum","Canadian Biodiversity Information Facility","Canadian Biodiversity Information Facility","cc0 1.0","Canadian Biodiversity Information Facility"
"Satyrium titus",1951,7,"00:00:00","1951-07-21T00:00:00","occurrence",NA,1,45.5,-73.5833,"gbif","GBIF","Lyman Entomological Museum","Canadian Biodiversity Information Facility","Canadian Biodiversity Information Facility","cc0 1.0","Canadian Biodiversity Information Facility"
"Cercyonis pegala",1951,7,"00:00:00","1951-07-14T00:00:00","occurrence",NA,1,45.4167,-73.9333,"gbif","GBIF","Lyman Entomological Museum","Canadian Biodiversity Information Facility","Canadian Biodiversity Information Facility","cc0 1.0","Canadian Biodiversity Information Facility"
"Cercyonis pegala",1951,7,"00:00:00","1951-07-21T00:00:00","occurrence",NA,1,45.5,-73.5833,"gbif","GBIF","Lyman Entomological Museum","Canadian Biodiversity Information Facility","Canadian Biodiversity Information Facility","cc0 1.0","Canadian Biodiversity Information Facility"
"Polygonia interrogationis",1951,9,"00:00:00","1951-09-16T00:00:00","occurrence",NA,1,45.5,-73.5833,"gbif","GBIF","Lyman Entomological Museum","Canadian Biodiversity Information Facility","Canadian Biodiversity Information Facility","cc0 1.0","Canadian Biodiversity Information Facility"
"Polites themistocles",1951,6,"00:00:00","1951-06-27T00:00:00","occurrence",NA,1,45.2667,-72.1333,"gbif","GBIF","Lyman Entomological Museum","Canadian Biodiversity Information Facility","Canadian Biodiversity Information Facility","cc0 1.0","Canadian Biodiversity Information Facility"
"Polites themistocles",1951,7,"00:00:00","1951-07-03T00:00:00","occurrence",NA,1,45.2667,-72.1333,"gbif","GBIF","Lyman Entomological Museum","Canadian Biodiversity Information Facility","Canadian Biodiversity Information Facility","cc0 1.0","Canadian Biodiversity Information Facility"
"Polites themistocles",1951,6,"00:00:00","1951-06-16T00:00:00","occurrence",NA,1,46.05,-73.7167,"gbif","GBIF","Lyman Entomological Museum","Canadian Biodiversity Information Facility","Canadian Biodiversity Information Facility","cc0 1.0","Canadian Biodiversity Information Facility"
"Euphyes vestris",1951,7,"00:00:00","1951-07-07T00:00:00","occurrence",NA,1,45.4167,-73.9333,"gbif","GBIF","Lyman Entomological Museum","Canadian Biodiversity Information Facility","Canadian Biodiversity Information Facility","cc0 1.0","Canadian Biodiversity Information Facility"
"Euphyes vestris",1951,7,"00:00:00","1951-07-07T00:00:00","occurrence",NA,1,45.4167,-73.9333,"gbif","GBIF","Lyman Entomological Museum","Canadian Biodiversity Information Facility","Canadian Biodiversity Information Facility","cc0 1.0","Canadian Biodiversity Information Facility"
"Speyeria atlantis",1951,6,"00:00:00","1951-06-16T00:00:00","occurrence",NA,1,46.05,-73.7167,"gbif","GBIF","Lyman Entomological Museum","Canadian Biodiversity Information Facility","Canadian Biodiversity Information Facility","cc0 1.0","Canadian Biodiversity Information Facility"
"Colias eurytheme",1951,8,"00:00:00","1951-08-19T00:00:00","occurrence",NA,1,45.4167,-73.9333,"gbif","GBIF","Lyman Entomological Museum","Canadian Biodiversity Information Facility","Canadian Biodiversity Information Facility","cc0 1.0","Canadian Biodiversity Information Facility"
"Colias eurytheme",1951,9,"00:00:00","1951-09-08T00:00:00","occurrence",NA,1,45.5,-73.5833,"gbif","GBIF","Lyman Entomological Museum","Canadian Biodiversity Information Facility","Canadian Biodiversity Information Facility","cc0 1.0","Canadian Biodiversity Information Facility"
"Lycaenidae",1951,7,"00:00:00","1951-07-15T00:00:00","occurrence",NA,1,45.9667,-73.2167,"gbif","GBIF","Lyman Entomological Museum","Canadian Biodiversity Information Facility","Canadian Biodiversity Information Facility","cc0 1.0","Canadian Biodiversity Information Facility"
"Satyrium liparops",1951,7,"00:00:00","1951-07-08T00:00:00","occurrence",NA,1,45.5,-73.5833,"gbif","GBIF","Lyman Entomological Museum","Canadian Biodiversity Information Facility","Canadian Biodiversity Information Facility","cc0 1.0","Canadian Biodiversity Information Facility"
"Nymphalis antiopa",1951,7,"00:00:00","1951-07-21T00:00:00","occurrence",NA,1,45.5,-73.5833,"gbif","GBIF","Lyman Entomological Museum","Canadian Biodiversity Information Facility","Canadian Biodiversity Information Facility","cc0 1.0","Canadian Biodiversity Information Facility"
"Callophrys niphon",1951,5,"00:00:00","1951-05-19T00:00:00","occurrence",NA,1,46.05,-73.7167,"gbif","GBIF","Lyman Entomological Museum","Canadian Biodiversity Information Facility","Canadian Biodiversity Information Facility","cc0 1.0","Canadian Biodiversity Information Facility"
"Colias philodice",1951,9,"00:00:00","1951-09-01T00:00:00","occurrence",NA,1,45.37365,-73.93421,"gbif","GBIF","Museum of Comparative Zoology, Harvard University","Museum of Comparative Zoology, Harvard University","Museum of Comparative Zoology, Harvard University","cc by nc 4.0","Museum of Comparative Zoology, Harvard University"
"Colias philodice",1951,8,"00:00:00","1951-08-27T00:00:00","occurrence",NA,1,45.4243,-73.94195,"gbif","GBIF","Museum of Comparative Zoology, Harvard University","Museum of Comparative Zoology, Harvard University","Museum of Comparative Zoology, Harvard University","cc by nc 4.0","Museum of Comparative Zoology, Harvard University"
"Colias philodice",1951,8,"00:00:00","1951-08-28T00:00:00","occurrence",NA,1,45.4243,-73.94195,"gbif","GBIF","Museum of Comparative Zoology, Harvard University","Museum of Comparative Zoology, Harvard University","Museum of Comparative Zoology, Harvard University","cc by nc 4.0","Museum of Comparative Zoology, Harvard University"
"Colias philodice",1951,9,"00:00:00","1951-09-01T00:00:00","occurrence",NA,1,45.37365,-73.93421,"gbif","GBIF","Museum of Comparative Zoology, Harvard University","Museum of Comparative Zoology, Harvard University","Museum of Comparative Zoology, Harvard University","cc by nc 4.0","Museum of Comparative Zoology, Harvard University"
"Colias philodice",1951,9,"00:00:00","1951-09-01T00:00:00","occurrence",NA,1,45.37365,-73.93421,"gbif","GBIF","Museum of Comparative Zoology, Harvard University","Museum of Comparative Zoology, Harvard University","Museum of Comparative Zoology, Harvard University","cc by nc 4.0","Museum of Comparative Zoology, Harvard University"
"Lygropia rivulalis",1951,7,"00:00:00","1951-07-15T00:00:00","occurrence",NA,1,46.6182,-72.7316,"gbif","GBIF","International Barcode of Life project (iBOL)","The International Barcode of Life Consortium","The International Barcode of Life Consortium","cc by 4.0","The International Barcode of Life Consortium"
"Speyeria atlantis",1951,6,"00:00:00","1951-06-16T00:00:00","occurrence",NA,1,46.044738,-73.710612,"gbif","GBIF","eButterfly Surveys","Vermont Center for Ecostudies","Vermont Center for Ecostudies","cc by nc 4.0","Vermont Center for Ecostudies"
"Cercyonis pegala",1951,7,"00:00:00","1951-07-14T00:00:00","abundance",NA,2,45.430841,-73.943329,"gbif","GBIF","eButterfly Surveys","Vermont Center for Ecostudies","Vermont Center for Ecostudies","cc by nc 4.0","Vermont Center for Ecostudies"
"Celastrina lucia",1951,7,"00:00:00","1951-07-17T00:00:00","occurrence",NA,1,45.993107,-73.29848,"gbif","GBIF","eButterfly Surveys","Vermont Center for Ecostudies","Vermont Center for Ecostudies","cc by nc 4.0","Vermont Center for Ecostudies"
"Colias eurytheme",1951,9,"00:00:00","1951-09-08T00:00:00","occurrence",NA,1,45.501689,-73.567256,"gbif","GBIF","eButterfly Surveys","Vermont Center for Ecostudies","Vermont Center for Ecostudies","cc by nc 4.0","Vermont Center for Ecostudies"
"Polygonia comma",1951,9,"00:00:00","1951-09-22T00:00:00","occurrence",NA,1,45.501689,-73.567256,"gbif","GBIF","eButterfly Surveys","Vermont Center for Ecostudies","Vermont Center for Ecostudies","cc by nc 4.0","Vermont Center for Ecostudies"
"Satyrium liparops",1951,7,"00:00:00","1951-07-15T00:00:00","occurrence",NA,1,46.7938,-71.3519,"gbif","GBIF","eButterfly Surveys","Vermont Center for Ecostudies","Vermont Center for Ecostudies","cc by nc 4.0","Vermont Center for Ecostudies"
"Polites peckius",1951,7,"00:00:00","1951-07-03T00:00:00","occurrence",NA,1,45.266486,-72.147989,"gbif","GBIF","eButterfly Surveys","Vermont Center for Ecostudies","Vermont Center for Ecostudies","cc by nc 4.0","Vermont Center for Ecostudies"
"Limenitis archippus",1951,6,"00:00:00","1951-06-03T00:00:00","abundance",NA,3,45.501689,-73.567256,"gbif","GBIF","eButterfly Surveys","Vermont Center for Ecostudies","Vermont Center for Ecostudies","cc by nc 4.0","Vermont Center for Ecostudies"
"Coenonympha tullia",1951,6,"00:00:00","1951-06-16T00:00:00","abundance",NA,3,46.044738,-73.710612,"gbif","GBIF","eButterfly Surveys","Vermont Center for Ecostudies","Vermont Center for Ecostudies","cc by nc 4.0","Vermont Center for Ecostudies"
"Nymphalis antiopa",1951,7,"00:00:00","1951-07-21T00:00:00","occurrence",NA,1,45.501689,-73.567256,"gbif","GBIF","eButterfly Surveys","Vermont Center for Ecostudies","Vermont Center for Ecostudies","cc by nc 4.0","Vermont Center for Ecostudies"
"Colias eurytheme",1951,8,"00:00:00","1951-08-19T00:00:00","occurrence",NA,1,45.430841,-73.943329,"gbif","GBIF","eButterfly Surveys","Vermont Center for Ecostudies","Vermont Center for Ecostudies","cc by nc 4.0","Vermont Center for Ecostudies"
"Polia purpurissata",1951,8,"00:00:00","1951-08-26T00:00:00","occurrence",NA,1,46.6251,-72.7678,"gbif","GBIF","KWP Lepidoptera Collection (Arctos)","University of Alaska Museum of the North","University of Alaska Museum of the North","cc by 4.0","University of Alaska Museum of the North"
"Colias eurytheme",1951,9,"00:00:00","1951-09-18T00:00:00","occurrence",NA,1,45.42028,-73.9201,"gbif","GBIF","Museum of Comparative Zoology, Harvard University","Museum of Comparative Zoology, Harvard University","Museum of Comparative Zoology, Harvard University","cc by nc 4.0","Museum of Comparative Zoology, Harvard University"
"Celastrina ladon",1951,5,"00:00:00","1951-05-26T00:00:00","occurrence",NA,1,46.6333,-72.7667,"gbif","GBIF","Canadian National Collection (CNC) of Insects, Arachnids and Nematodes","Canadian Biodiversity Information Facility","Canadian Biodiversity Information Facility","cc by 4.0","Canadian Biodiversity Information Facility"
"Celastrina ladon",1951,5,"00:00:00","1951-05-04T00:00:00","occurrence",NA,1,46.6333,-72.7667,"gbif","GBIF","Canadian National Collection (CNC) of Insects, Arachnids and Nematodes","Canadian Biodiversity Information Facility","Canadian Biodiversity Information Facility","cc by 4.0","Canadian Biodiversity Information Facility"
"Celastrina ladon",1951,5,"00:00:00","1951-05-21T00:00:00","occurrence",NA,1,46.6333,-72.7667,"gbif","GBIF","Canadian National Collection (CNC) of Insects, Arachnids and Nematodes","Canadian Biodiversity Information Facility","Canadian Biodiversity Information Facility","cc by 4.0","Canadian Biodiversity Information Facility"
"Celastrina ladon",1951,5,"00:00:00","1951-05-13T00:00:00","occurrence",NA,1,46.6333,-72.7667,"gbif","GBIF","Canadian National Collection (CNC) of Insects, Arachnids and Nematodes","Canadian Biodiversity Information Facility","Canadian Biodiversity Information Facility","cc by 4.0","Canadian Biodiversity Information Facility"
"Celastrina ladon",1951,5,"00:00:00","1951-05-10T00:00:00","occurrence",NA,1,46.6333,-72.7667,"gbif","GBIF","Canadian National Collection (CNC) of Insects, Arachnids and Nematodes","Canadian Biodiversity Information Facility","Canadian Biodiversity Information Facility","cc by 4.0","Canadian Biodiversity Information Facility"
"Celastrina ladon",1951,5,"00:00:00","1951-05-20T00:00:00","occurrence",NA,1,46.6333,-72.7667,"gbif","GBIF","Canadian National Collection (CNC) of Insects, Arachnids and Nematodes","Canadian Biodiversity Information Facility","Canadian Biodiversity Information Facility","cc by 4.0","Canadian Biodiversity Information Facility"
"Poanes hobomok",1951,6,"00:00:00","1951-06-05T00:00:00","occurrence",NA,1,46.6333,-72.7667,"gbif","GBIF","Canadian National Collection (CNC) of Insects, Arachnids and Nematodes","Canadian Biodiversity Information Facility","Canadian Biodiversity Information Facility","cc by 4.0","Canadian Biodiversity Information Facility"
"Poanes hobomok",1951,6,"00:00:00","1951-06-05T00:00:00","occurrence",NA,1,46.6333,-72.7667,"gbif","GBIF","Canadian National Collection (CNC) of Insects, Arachnids and Nematodes","Canadian Biodiversity Information Facility","Canadian Biodiversity Information Facility","cc by 4.0","Canadian Biodiversity Information Facility"
"Poanes hobomok",1951,6,"00:00:00","1951-06-05T00:00:00","occurrence",NA,1,46.6333,-72.7667,"gbif","GBIF","Canadian National Collection (CNC) of Insects, Arachnids and Nematodes","Canadian Biodiversity Information Facility","Canadian Biodiversity Information Facility","cc by 4.0","Canadian Biodiversity Information Facility"
"Boloria bellona",1951,9,"00:00:00","1951-09-10T00:00:00","occurrence",NA,1,46.6333,-72.7667,"gbif","GBIF","Canadian National Collection (CNC) of Insects, Arachnids and Nematodes","Canadian Biodiversity Information Facility","Canadian Biodiversity Information Facility","cc by 4.0","Canadian Biodiversity Information Facility"
"Coenonympha tullia mcisaaci",1951,6,"00:00:00","1951-06-09T00:00:00","occurrence",NA,1,46.6333,-72.7667,"gbif","GBIF","Canadian National Collection (CNC) of Insects, Arachnids and Nematodes","Canadian Biodiversity Information Facility","Canadian Biodiversity Information Facility","cc by 4.0","Canadian Biodiversity Information Facility"
"Polygonia comma",1951,8,"00:00:00","1951-08-12T00:00:00","occurrence",NA,1,45.5333,-73.8167,"gbif","GBIF","Canadian National Collection (CNC) of Insects, Arachnids and Nematodes","Canadian Biodiversity Information Facility","Canadian Biodiversity Information Facility","cc by 4.0","Canadian Biodiversity Information Facility"
"Pieris rapae",1951,9,"00:00:00","1951-09-10T00:00:00","occurrence",NA,1,46.6333,-72.7667,"gbif","GBIF","Canadian National Collection (CNC) of Insects, Arachnids and Nematodes","Canadian Biodiversity Information Facility","Canadian Biodiversity Information Facility","cc by 4.0","Canadian Biodiversity Information Facility"
"Pieris rapae",1951,9,"00:00:00","1951-09-10T00:00:00","occurrence",NA,1,46.6333,-72.7667,"gbif","GBIF","Canadian National Collection (CNC) of Insects, Arachnids and Nematodes","Canadian Biodiversity Information Facility","Canadian Biodiversity Information Facility","cc by 4.0","Canadian Biodiversity Information Facility"
"Pieris rapae",1951,5,"00:00:00","1951-05-20T00:00:00","occurrence",NA,1,46.6333,-72.7667,"gbif","GBIF","Canadian National Collection (CNC) of Insects, Arachnids and Nematodes","Canadian Biodiversity Information Facility","Canadian Biodiversity Information Facility","cc by 4.0","Canadian Biodiversity Information Facility"
"Pieris rapae",1951,5,"00:00:00","1951-05-26T00:00:00","occurrence",NA,1,46.6333,-72.7667,"gbif","GBIF","Canadian National Collection (CNC) of Insects, Arachnids and Nematodes","Canadian Biodiversity Information Facility","Canadian Biodiversity Information Facility","cc by 4.0","Canadian Biodiversity Information Facility"
"Pieris rapae",1951,5,"00:00:00","1951-05-21T00:00:00","occurrence",NA,1,46.6333,-72.7667,"gbif","GBIF","Canadian National Collection (CNC) of Insects, Arachnids and Nematodes","Canadian Biodiversity Information Facility","Canadian Biodiversity Information Facility","cc by 4.0","Canadian Biodiversity Information Facility"
"Euphydryas phaeton",1951,7,"00:00:00","1951-07-30T00:00:00","occurrence",NA,1,45.55,-76.1667,"gbif","GBIF","Canadian National Collection (CNC) of Insects, Arachnids and Nematodes","Canadian Biodiversity Information Facility","Canadian Biodiversity Information Facility","cc by 4.0","Canadian Biodiversity Information Facility"
"Euphydryas phaeton",1951,6,"00:00:00","1951-06-28T00:00:00","occurrence",NA,1,46.6333,-72.7667,"gbif","GBIF","Canadian National Collection (CNC) of Insects, Arachnids and Nematodes","Canadian Biodiversity Information Facility","Canadian Biodiversity Information Facility","cc by 4.0","Canadian Biodiversity Information Facility"
"Poanes viator",1951,7,"00:00:00","1951-07-15T00:00:00","occurrence",NA,1,45.9667,-73.2167,"gbif","GBIF","Canadian National Collection (CNC) of Insects, Arachnids and Nematodes","Canadian Biodiversity Information Facility","Canadian Biodiversity Information Facility","cc by 4.0","Canadian Biodiversity Information Facility"
"Poanes viator",1951,7,"00:00:00","1951-07-15T00:00:00","occurrence",NA,1,45.9667,-73.2167,"gbif","GBIF","Canadian National Collection (CNC) of Insects, Arachnids and Nematodes","Canadian Biodiversity Information Facility","Canadian Biodiversity Information Facility","cc by 4.0","Canadian Biodiversity Information Facility"
"Poanes viator",1951,7,"00:00:00","1951-07-15T00:00:00","occurrence",NA,1,45.9667,-73.2167,"gbif","GBIF","Canadian National Collection (CNC) of Insects, Arachnids and Nematodes","Canadian Biodiversity Information Facility","Canadian Biodiversity Information Facility","cc by 4.0","Canadian Biodiversity Information Facility"
"Poanes viator",1951,7,"00:00:00","1951-07-15T00:00:00","occurrence",NA,1,45.9667,-73.2167,"gbif","GBIF","Canadian National Collection (CNC) of Insects, Arachnids and Nematodes","Canadian Biodiversity Information Facility","Canadian Biodiversity Information Facility","cc by 4.0","Canadian Biodiversity Information Facility"
"Poanes viator",1951,7,"00:00:00","1951-07-15T00:00:00","occurrence",NA,1,45.9667,-73.2167,"gbif","GBIF","Canadian National Collection (CNC) of Insects, Arachnids and Nematodes","Canadian Biodiversity Information Facility","Canadian Biodiversity Information Facility","cc by 4.0","Canadian Biodiversity Information Facility"
"Carterocephalus palaemon",1951,5,"00:00:00","1951-05-26T00:00:00","occurrence",NA,1,46.6333,-72.7667,"gbif","GBIF","Canadian National Collection (CNC) of Insects, Arachnids and Nematodes","Canadian Biodiversity Information Facility","Canadian Biodiversity Information Facility","cc by 4.0","Canadian Biodiversity Information Facility"
"Speyeria atlantis",1951,6,"00:00:00","1951-06-11T00:00:00","occurrence",NA,1,46.6333,-72.7667,"gbif","GBIF","Canadian National Collection (CNC) of Insects, Arachnids and Nematodes","Canadian Biodiversity Information Facility","Canadian Biodiversity Information Facility","cc by 4.0","Canadian Biodiversity Information Facility"
"Glaucopsyche lygdamus",1951,5,"00:00:00","1951-05-26T00:00:00","occurrence",NA,1,46.6333,-72.7667,"gbif","GBIF","Canadian National Collection (CNC) of Insects, Arachnids and Nematodes","Canadian Biodiversity Information Facility","Canadian Biodiversity Information Facility","cc by 4.0","Canadian Biodiversity Information Facility"
"Glaucopsyche lygdamus",1951,6,"00:00:00","1951-06-09T00:00:00","occurrence",NA,1,46.6333,-72.7667,"gbif","GBIF","Canadian National Collection (CNC) of Insects, Arachnids and Nematodes","Canadian Biodiversity Information Facility","Canadian Biodiversity Information Facility","cc by 4.0","Canadian Biodiversity Information Facility"
"Chlosyne harrisii",1951,6,"00:00:00","1951-06-28T00:00:00","occurrence",NA,1,46.6333,-72.7667,"gbif","GBIF","Canadian National Collection (CNC) of Insects, Arachnids and Nematodes","Canadian Biodiversity Information Facility","Canadian Biodiversity Information Facility","cc by 4.0","Canadian Biodiversity Information Facility"
"Ancyloxypha numitor",1951,5,"00:00:00","1951-05-10T00:00:00","occurrence",NA,1,46.6333,-72.7667,"gbif","GBIF","Canadian National Collection (CNC) of Insects, Arachnids and Nematodes","Canadian Biodiversity Information Facility","Canadian Biodiversity Information Facility","cc by 4.0","Canadian Biodiversity Information Facility"
"Pieris oleracea",1951,5,"00:00:00","1951-05-19T00:00:00","occurrence",NA,1,46.6333,-72.7667,"gbif","GBIF","Canadian National Collection (CNC) of Insects, Arachnids and Nematodes","Canadian Biodiversity Information Facility","Canadian Biodiversity Information Facility","cc by 4.0","Canadian Biodiversity Information Facility"
"Pieris oleracea",1951,5,"00:00:00","1951-05-21T00:00:00","occurrence",NA,1,46.6333,-72.7667,"gbif","GBIF","Canadian National Collection (CNC) of Insects, Arachnids and Nematodes","Canadian Biodiversity Information Facility","Canadian Biodiversity Information Facility","cc by 4.0","Canadian Biodiversity Information Facility"
"Erynnis icelus",1951,5,"00:00:00","1951-05-24T00:00:00","occurrence",NA,1,46.6333,-72.7667,"gbif","GBIF","Canadian National Collection (CNC) of Insects, Arachnids and Nematodes","Canadian Biodiversity Information Facility","Canadian Biodiversity Information Facility","cc by 4.0","Canadian Biodiversity Information Facility"
"Colias interior",1951,6,"00:00:00","1951-06-28T00:00:00","occurrence",NA,1,46.6333,-72.7667,"gbif","GBIF","Canadian National Collection (CNC) of Insects, Arachnids and Nematodes","Canadian Biodiversity Information Facility","Canadian Biodiversity Information Facility","cc by 4.0","Canadian Biodiversity Information Facility"
"Polygonia comma",1951,10,"00:00:00","1951-10-15T00:00:00","occurrence",NA,1,45.5333,-73.8167,"gbif","GBIF","Canadian National Collection (CNC) of Insects, Arachnids and Nematodes","Canadian Biodiversity Information Facility","Canadian Biodiversity Information Facility","cc by 4.0","Canadian Biodiversity Information Facility"
"Colias philodice",1951,9,"00:00:00","1951-09-21T00:00:00","occurrence",NA,1,45.42028,-73.9201,"gbif","GBIF","Museum of Comparative Zoology, Harvard University","Museum of Comparative Zoology, Harvard University","Museum of Comparative Zoology, Harvard University","cc by nc 4.0","Museum of Comparative Zoology, Harvard University"
"Colias philodice",1951,9,"00:00:00","1951-09-17T00:00:00","occurrence",NA,1,45.42028,-73.9201,"gbif","GBIF","Museum of Comparative Zoology, Harvard University","Museum of Comparative Zoology, Harvard University","Museum of Comparative Zoology, Harvard University","cc by nc 4.0","Museum of Comparative Zoology, Harvard University"
"Adelpha californica",1951,9,"00:00:00","1951-09-15T00:00:00","presence",NA,1,38.2975,-122.2869,"ebutterfly","Maxim Larrivée, Jeremy Kerr, Kent McFarland and Katy Prudic","eButterfly","ebutterfly","eButterfly","","eButterfly"
"Danaus plexippus",1951,9,"","1951-09-16","presence",NA,1,45.4215,-75.6972,"ebutterfly","Maxim Larrivée, Jeremy Kerr, Kent McFarland and Katy Prudic","eButterfly","ebutterfly","eButterfly","","eButterfly"
