"observed_scientific_name","year_obs","day_obs","time_obs","dwc_event_date","obs_variable","obs_unit","obs_value","lat","lon","original_source","creator","title","publisher","intellectual_rights","license","owner"
"Wallengrenia egeremet",1955,7,"","1955-07-03","presence",NA,1,45.5017,-73.5673,"ebutterfly","Maxim Larrivée, Jeremy Kerr, Kent McFarland and Katy Prudic","eButterfly","ebutterfly","eButterfly","","eButterfly"
"Papilio polyxenes",1955,7,"","1955-07-03","presence",NA,1,45.5017,-73.5673,"ebutterfly","Maxim Larrivée, Jeremy Kerr, Kent McFarland and Katy Prudic","eButterfly","ebutterfly","eButterfly","","eButterfly"
"Callophrys augustinus",1955,5,"","1955-05-22","presence",NA,1,46.3187,-74.2219,"ebutterfly","Maxim Larrivée, Jeremy Kerr, Kent McFarland and Katy Prudic","eButterfly","ebutterfly","eButterfly","","eButterfly"
"Polites peckius",1955,6,"","1955-06-19","presence",NA,1,45.9931,-73.2985,"ebutterfly","Maxim Larrivée, Jeremy Kerr, Kent McFarland and Katy Prudic","eButterfly","ebutterfly","eButterfly","","eButterfly"
"Satyrium calanus",1955,7,"","1955-07-03","presence",NA,1,45.5017,-73.5673,"ebutterfly","Maxim Larrivée, Jeremy Kerr, Kent McFarland and Katy Prudic","eButterfly","ebutterfly","eButterfly","","eButterfly"
"Lycaena phlaeas",1955,7,"","1955-07-24","presence",NA,1,46.0447,-73.7106,"ebutterfly","Maxim Larrivée, Jeremy Kerr, Kent McFarland and Katy Prudic","eButterfly","ebutterfly","eButterfly","","eButterfly"
"Polites peckius",1955,6,"","1955-06-19","presence",NA,1,45.4308,-73.9433,"ebutterfly","Maxim Larrivée, Jeremy Kerr, Kent McFarland and Katy Prudic","eButterfly","ebutterfly","eButterfly","","eButterfly"
"Cercyonis pegala",1955,6,"","1955-06-24","presence",NA,1,45.4061,-73.5681,"ebutterfly","Maxim Larrivée, Jeremy Kerr, Kent McFarland and Katy Prudic","eButterfly","ebutterfly","eButterfly","","eButterfly"
"Pieris rapae",1955,4,"","1955-04-30","presence",NA,1,45.4308,-73.9433,"ebutterfly","Maxim Larrivée, Jeremy Kerr, Kent McFarland and Katy Prudic","eButterfly","ebutterfly","eButterfly","","eButterfly"
"Euphydryas phaeton",1955,1,"","1955-01-01","presence",NA,1,45.9595,-70.6563,"ebutterfly","Maxim Larrivée, Jeremy Kerr, Kent McFarland and Katy Prudic","eButterfly","ebutterfly","eButterfly","","eButterfly"
"Limenitis archippus",1955,7,"","1955-07-16","presence",NA,1,45.5166,-73.65,"ebutterfly","Maxim Larrivée, Jeremy Kerr, Kent McFarland and Katy Prudic","eButterfly","ebutterfly","eButterfly","","eButterfly"
"Vanessa atalanta",1955,7,"","1955-07-22","presence",NA,1,45.5166,-73.65,"ebutterfly","Maxim Larrivée, Jeremy Kerr, Kent McFarland and Katy Prudic","eButterfly","ebutterfly","eButterfly","","eButterfly"
"Speyeria atlantis",1955,7,"","1955-07-09","presence",NA,1,46.7938,-71.3519,"ebutterfly","Maxim Larrivée, Jeremy Kerr, Kent McFarland and Katy Prudic","eButterfly","ebutterfly","eButterfly","","eButterfly"
"Speyeria cybele",1955,1,"","1955-01-01","presence",NA,1,45.5522,-73.7541,"ebutterfly","Maxim Larrivée, Jeremy Kerr, Kent McFarland and Katy Prudic","eButterfly","ebutterfly","eButterfly","","eButterfly"
"Speyeria cybele",1955,8,"","1955-08-03","presence",NA,1,45.8206,-73.9301,"ebutterfly","Maxim Larrivée, Jeremy Kerr, Kent McFarland and Katy Prudic","eButterfly","ebutterfly","eButterfly","","eButterfly"
"Carterocephalus palaemon",1955,8,"","1955-08-10","presence",NA,1,45.5522,-73.7541,"ebutterfly","Maxim Larrivée, Jeremy Kerr, Kent McFarland and Katy Prudic","eButterfly","ebutterfly","eButterfly","","eButterfly"
"Ancyloxypha numitor",1955,7,"","1955-07-27","presence",NA,1,45.5522,-73.7541,"ebutterfly","Maxim Larrivée, Jeremy Kerr, Kent McFarland and Katy Prudic","eButterfly","ebutterfly","eButterfly","","eButterfly"
"Ancyloxypha numitor",1955,7,"","1955-07-26","presence",NA,1,45.5522,-73.7541,"ebutterfly","Maxim Larrivée, Jeremy Kerr, Kent McFarland and Katy Prudic","eButterfly","ebutterfly","eButterfly","","eButterfly"
"Ancyloxypha numitor",1955,7,"","1955-07-25","presence",NA,1,45.5522,-73.7541,"ebutterfly","Maxim Larrivée, Jeremy Kerr, Kent McFarland and Katy Prudic","eButterfly","ebutterfly","eButterfly","","eButterfly"
"Carterocephalus palaemon",1955,6,"","1955-06-05","presence",NA,1,46.76,-71.2802,"ebutterfly","Maxim Larrivée, Jeremy Kerr, Kent McFarland and Katy Prudic","eButterfly","ebutterfly","eButterfly","","eButterfly"
"Danaus plexippus",1955,1,"","1955-01-01","presence",NA,1,45.5522,-73.7541,"ebutterfly","Maxim Larrivée, Jeremy Kerr, Kent McFarland and Katy Prudic","eButterfly","ebutterfly","eButterfly","","eButterfly"
"Polygonia faunus",1955,5,"","1955-05-22","presence",NA,1,46.0447,-73.7106,"ebutterfly","Maxim Larrivée, Jeremy Kerr, Kent McFarland and Katy Prudic","eButterfly","ebutterfly","eButterfly","","eButterfly"
"Polygonia progne",1955,7,"","1955-07-22","presence",NA,1,46.8711,-71.6174,"ebutterfly","Maxim Larrivée, Jeremy Kerr, Kent McFarland and Katy Prudic","eButterfly","ebutterfly","eButterfly","","eButterfly"
"Satyrium liparops",1955,7,"","1955-07-03","presence",NA,1,45.5017,-73.5673,"ebutterfly","Maxim Larrivée, Jeremy Kerr, Kent McFarland and Katy Prudic","eButterfly","ebutterfly","eButterfly","","eButterfly"
"Celastrina lucia",1955,5,"","1955-05-14","presence",NA,1,45.8157,-74.2196,"ebutterfly","Maxim Larrivée, Jeremy Kerr, Kent McFarland and Katy Prudic","eButterfly","ebutterfly","eButterfly","","eButterfly"
"Speyeria aphrodite",1955,7,"","1955-07-24","presence",NA,1,46.0447,-73.7106,"ebutterfly","Maxim Larrivée, Jeremy Kerr, Kent McFarland and Katy Prudic","eButterfly","ebutterfly","eButterfly","","eButterfly"
"Colias philodice",1955,7,"","1955-07-03","presence",NA,1,45.5017,-73.5673,"ebutterfly","Maxim Larrivée, Jeremy Kerr, Kent McFarland and Katy Prudic","eButterfly","ebutterfly","eButterfly","","eButterfly"
"Speyeria aphrodite",1955,8,"","1955-08-06","presence",NA,1,45.9038,-74.2457,"ebutterfly","Maxim Larrivée, Jeremy Kerr, Kent McFarland and Katy Prudic","eButterfly","ebutterfly","eButterfly","","eButterfly"
"Polites peckius",1955,8,"","1955-08-24","presence",NA,1,45.742,-70.6943,"ebutterfly","Maxim Larrivée, Jeremy Kerr, Kent McFarland and Katy Prudic","eButterfly","ebutterfly","eButterfly","","eButterfly"
"Poanes hobomok",1955,6,"","1955-06-14","presence",NA,1,45.384,-70.8628,"ebutterfly","Maxim Larrivée, Jeremy Kerr, Kent McFarland and Katy Prudic","eButterfly","ebutterfly","eButterfly","","eButterfly"
"Polites mystic",1955,7,"","1955-07-22","presence",NA,1,45.384,-70.8628,"ebutterfly","Maxim Larrivée, Jeremy Kerr, Kent McFarland and Katy Prudic","eButterfly","ebutterfly","eButterfly","","eButterfly"
"Colias eurytheme",1955,8,"","1955-08-24","presence",NA,1,45.742,-70.6943,"ebutterfly","Maxim Larrivée, Jeremy Kerr, Kent McFarland and Katy Prudic","eButterfly","ebutterfly","eButterfly","","eButterfly"
"Pieris oleracea",1955,8,"","1955-08-01","presence",NA,1,45.742,-70.6943,"ebutterfly","Maxim Larrivée, Jeremy Kerr, Kent McFarland and Katy Prudic","eButterfly","ebutterfly","eButterfly","","eButterfly"
"Pieris rapae",1955,7,"","1955-07-12","presence",NA,1,45.4866,-70.9038,"ebutterfly","Maxim Larrivée, Jeremy Kerr, Kent McFarland and Katy Prudic","eButterfly","ebutterfly","eButterfly","","eButterfly"
"Colias philodice",1955,9,"","1955-09-16","presence",NA,1,45.4926,-72.7754,"ebutterfly","Maxim Larrivée, Jeremy Kerr, Kent McFarland and Katy Prudic","eButterfly","ebutterfly","eButterfly","","eButterfly"
"Colias eurytheme",1955,8,"","1955-08-19","presence",NA,1,45.5503,-73.7585,"ebutterfly","Maxim Larrivée, Jeremy Kerr, Kent McFarland and Katy Prudic","eButterfly","ebutterfly","eButterfly","","eButterfly"
"Poanes hobomok",1955,8,"","1955-08-01","presence",NA,1,45.742,-70.6943,"ebutterfly","Maxim Larrivée, Jeremy Kerr, Kent McFarland and Katy Prudic","eButterfly","ebutterfly","eButterfly","","eButterfly"
"Colias interior",1955,8,"","1955-08-22","presence",NA,1,45.742,-70.6943,"ebutterfly","Maxim Larrivée, Jeremy Kerr, Kent McFarland and Katy Prudic","eButterfly","ebutterfly","eButterfly","","eButterfly"
"Lycaena hyllus",1955,8,"","1955-08-23","presence",NA,1,45.5503,-73.7585,"ebutterfly","Maxim Larrivée, Jeremy Kerr, Kent McFarland and Katy Prudic","eButterfly","ebutterfly","eButterfly","","eButterfly"
"Pieris rapae",1955,9,"","1955-09-04","presence",NA,1,45.384,-70.8628,"ebutterfly","Maxim Larrivée, Jeremy Kerr, Kent McFarland and Katy Prudic","eButterfly","ebutterfly","eButterfly","","eButterfly"
"Colias eurytheme",1955,9,"","1955-09-16","presence",NA,1,45.4926,-72.7754,"ebutterfly","Maxim Larrivée, Jeremy Kerr, Kent McFarland and Katy Prudic","eButterfly","ebutterfly","eButterfly","","eButterfly"
"Colias philodice",1955,9,"","1955-09-14","presence",NA,1,45.8365,-70.8252,"ebutterfly","Maxim Larrivée, Jeremy Kerr, Kent McFarland and Katy Prudic","eButterfly","ebutterfly","eButterfly","","eButterfly"
"Colias philodice",1955,8,"","1955-08-01","presence",NA,1,45.742,-70.6943,"ebutterfly","Maxim Larrivée, Jeremy Kerr, Kent McFarland and Katy Prudic","eButterfly","ebutterfly","eButterfly","","eButterfly"
"Colias philodice",1955,7,"","1955-07-27","presence",NA,1,45.384,-70.8628,"ebutterfly","Maxim Larrivée, Jeremy Kerr, Kent McFarland and Katy Prudic","eButterfly","ebutterfly","eButterfly","","eButterfly"
"Colias philodice",1955,8,"","1955-08-23","presence",NA,1,45.742,-70.6943,"ebutterfly","Maxim Larrivée, Jeremy Kerr, Kent McFarland and Katy Prudic","eButterfly","ebutterfly","eButterfly","","eButterfly"
"Colias philodice",1955,8,"","1955-08-12","presence",NA,1,45.5503,-73.7585,"ebutterfly","Maxim Larrivée, Jeremy Kerr, Kent McFarland and Katy Prudic","eButterfly","ebutterfly","eButterfly","","eButterfly"
"Colias philodice",1955,9,"","1955-09-01","presence",NA,1,45.384,-70.8628,"ebutterfly","Maxim Larrivée, Jeremy Kerr, Kent McFarland and Katy Prudic","eButterfly","ebutterfly","eButterfly","","eButterfly"
"Colias philodice",1955,8,"","1955-08-24","presence",NA,1,45.384,-70.8628,"ebutterfly","Maxim Larrivée, Jeremy Kerr, Kent McFarland and Katy Prudic","eButterfly","ebutterfly","eButterfly","","eButterfly"
"Colias philodice",1955,9,"","1955-09-30","presence",NA,1,45.384,-70.8628,"ebutterfly","Maxim Larrivée, Jeremy Kerr, Kent McFarland and Katy Prudic","eButterfly","ebutterfly","eButterfly","","eButterfly"
"Colias philodice",1955,1,"","1955-01-01","presence",NA,1,45.5503,-73.7585,"ebutterfly","Maxim Larrivée, Jeremy Kerr, Kent McFarland and Katy Prudic","eButterfly","ebutterfly","eButterfly","","eButterfly"
"Glaucopsyche lygdamus",1955,7,"","1955-07-25","presence",NA,1,45.384,-70.8628,"ebutterfly","Maxim Larrivée, Jeremy Kerr, Kent McFarland and Katy Prudic","eButterfly","ebutterfly","eButterfly","","eButterfly"
"Polygonia comma",1955,8,"","1955-08-22","presence",NA,1,45.5503,-73.7585,"ebutterfly","Maxim Larrivée, Jeremy Kerr, Kent McFarland and Katy Prudic","eButterfly","ebutterfly","eButterfly","","eButterfly"
"Polygonia faunus",1955,7,"","1955-07-27","presence",NA,1,45.384,-70.8628,"ebutterfly","Maxim Larrivée, Jeremy Kerr, Kent McFarland and Katy Prudic","eButterfly","ebutterfly","eButterfly","","eButterfly"
"Aglais milberti",1955,8,"","1955-08-24","presence",NA,1,45.5503,-73.7585,"ebutterfly","Maxim Larrivée, Jeremy Kerr, Kent McFarland and Katy Prudic","eButterfly","ebutterfly","eButterfly","","eButterfly"
"Glaucopsyche lygdamus",1955,6,"","1955-06-02","presence",NA,1,46.8192,-71.1594,"ebutterfly","Maxim Larrivée, Jeremy Kerr, Kent McFarland and Katy Prudic","eButterfly","ebutterfly","eButterfly","","eButterfly"
"Speyeria aphrodite",1955,8,"","1955-08-29","presence",NA,1,45.384,-70.8628,"ebutterfly","Maxim Larrivée, Jeremy Kerr, Kent McFarland and Katy Prudic","eButterfly","ebutterfly","eButterfly","","eButterfly"
"Speyeria aphrodite",1955,8,"","1955-08-04","presence",NA,1,45.5503,-73.7585,"ebutterfly","Maxim Larrivée, Jeremy Kerr, Kent McFarland and Katy Prudic","eButterfly","ebutterfly","eButterfly","","eButterfly"
"Polygonia interrogationis",1955,9,"","1955-09-02","presence",NA,1,45.5503,-73.7585,"ebutterfly","Maxim Larrivée, Jeremy Kerr, Kent McFarland and Katy Prudic","eButterfly","ebutterfly","eButterfly","","eButterfly"
"Vanessa virginiensis",1955,9,"","1955-09-13","presence",NA,1,46.0694,-72.2045,"ebutterfly","Maxim Larrivée, Jeremy Kerr, Kent McFarland and Katy Prudic","eButterfly","ebutterfly","eButterfly","","eButterfly"
"Vanessa atalanta",1955,8,"","1955-08-24","presence",NA,1,45.5503,-73.7585,"ebutterfly","Maxim Larrivée, Jeremy Kerr, Kent McFarland and Katy Prudic","eButterfly","ebutterfly","eButterfly","","eButterfly"
"Vanessa virginiensis",1955,8,"","1955-08-15","presence",NA,1,45.5503,-73.7585,"ebutterfly","Maxim Larrivée, Jeremy Kerr, Kent McFarland and Katy Prudic","eButterfly","ebutterfly","eButterfly","","eButterfly"
"Speyeria atlantis",1955,8,"","1955-08-31","presence",NA,1,45.384,-70.8628,"ebutterfly","Maxim Larrivée, Jeremy Kerr, Kent McFarland and Katy Prudic","eButterfly","ebutterfly","eButterfly","","eButterfly"
"Phyciodes cocyta",1955,8,"","1955-08-13","presence",NA,1,45.5503,-73.7585,"ebutterfly","Maxim Larrivée, Jeremy Kerr, Kent McFarland and Katy Prudic","eButterfly","ebutterfly","eButterfly","","eButterfly"
"Limenitis archippus",1955,8,"","1955-08-24","presence",NA,1,45.742,-70.6943,"ebutterfly","Maxim Larrivée, Jeremy Kerr, Kent McFarland and Katy Prudic","eButterfly","ebutterfly","eButterfly","","eButterfly"
"Boloria bellona",1955,8,"","1955-08-18","presence",NA,1,45.5503,-73.7585,"ebutterfly","Maxim Larrivée, Jeremy Kerr, Kent McFarland and Katy Prudic","eButterfly","ebutterfly","eButterfly","","eButterfly"
"Phyciodes cocyta",1955,7,"","1955-07-27","presence",NA,1,45.384,-70.8628,"ebutterfly","Maxim Larrivée, Jeremy Kerr, Kent McFarland and Katy Prudic","eButterfly","ebutterfly","eButterfly","","eButterfly"
"Phyciodes cocyta",1955,8,"","1955-08-31","presence",NA,1,45.5503,-73.7585,"ebutterfly","Maxim Larrivée, Jeremy Kerr, Kent McFarland and Katy Prudic","eButterfly","ebutterfly","eButterfly","","eButterfly"
"Speyeria cybele",1955,8,"","1955-08-10","presence",NA,1,45.5503,-73.7585,"ebutterfly","Maxim Larrivée, Jeremy Kerr, Kent McFarland and Katy Prudic","eButterfly","ebutterfly","eButterfly","","eButterfly"
"Speyeria atlantis",1955,8,"","1955-08-22","presence",NA,1,45.742,-70.6943,"ebutterfly","Maxim Larrivée, Jeremy Kerr, Kent McFarland and Katy Prudic","eButterfly","ebutterfly","eButterfly","","eButterfly"
"Limenitis archippus",1955,8,"","1955-08-31","presence",NA,1,45.384,-70.8628,"ebutterfly","Maxim Larrivée, Jeremy Kerr, Kent McFarland and Katy Prudic","eButterfly","ebutterfly","eButterfly","","eButterfly"
"Limenitis archippus",1955,8,"","1955-08-24","presence",NA,1,45.5503,-73.7585,"ebutterfly","Maxim Larrivée, Jeremy Kerr, Kent McFarland and Katy Prudic","eButterfly","ebutterfly","eButterfly","","eButterfly"
"Limenitis arthemis",1955,7,"","1955-07-12","presence",NA,1,45.4866,-70.9038,"ebutterfly","Maxim Larrivée, Jeremy Kerr, Kent McFarland and Katy Prudic","eButterfly","ebutterfly","eButterfly","","eButterfly"
"Danaus plexippus",1955,8,"","1955-08-10","presence",NA,1,45.5503,-73.7585,"ebutterfly","Maxim Larrivée, Jeremy Kerr, Kent McFarland and Katy Prudic","eButterfly","ebutterfly","eButterfly","","eButterfly"
"Danaus plexippus",1955,8,"","1955-08-05","presence",NA,1,45.3169,-72.25,"ebutterfly","Maxim Larrivée, Jeremy Kerr, Kent McFarland and Katy Prudic","eButterfly","ebutterfly","eButterfly","","eButterfly"
"Carterocephalus palaemon",1955,6,"","1955-06-08","presence",NA,1,45.3946,-71.0731,"ebutterfly","Maxim Larrivée, Jeremy Kerr, Kent McFarland and Katy Prudic","eButterfly","ebutterfly","eButterfly","","eButterfly"
"Papilio canadensis",1955,8,"","1955-08-01","presence",NA,1,45.742,-70.6943,"ebutterfly","Maxim Larrivée, Jeremy Kerr, Kent McFarland and Katy Prudic","eButterfly","ebutterfly","eButterfly","","eButterfly"
"Carterocephalus palaemon",1955,8,"","1955-08-01","presence",NA,1,45.742,-70.6943,"ebutterfly","Maxim Larrivée, Jeremy Kerr, Kent McFarland and Katy Prudic","eButterfly","ebutterfly","eButterfly","","eButterfly"
"Cercyonis pegala",1955,8,"","1955-08-05","presence",NA,1,45.5503,-73.7585,"ebutterfly","Maxim Larrivée, Jeremy Kerr, Kent McFarland and Katy Prudic","eButterfly","ebutterfly","eButterfly","","eButterfly"
"Cercyonis pegala",1955,7,"","1955-07-09","presence",NA,1,45.5166,-73.65,"ebutterfly","Maxim Larrivée, Jeremy Kerr, Kent McFarland and Katy Prudic","eButterfly","ebutterfly","eButterfly","","eButterfly"
"Cercyonis pegala",1955,7,"","1955-07-22","presence",NA,1,46.8711,-71.6174,"ebutterfly","Maxim Larrivée, Jeremy Kerr, Kent McFarland and Katy Prudic","eButterfly","ebutterfly","eButterfly","","eButterfly"
"Cercyonis pegala",1955,7,"","1955-07-27","presence",NA,1,45.5166,-73.65,"ebutterfly","Maxim Larrivée, Jeremy Kerr, Kent McFarland and Katy Prudic","eButterfly","ebutterfly","eButterfly","","eButterfly"
"Limenitis archippus",1955,8,"","1955-08-12","presence",NA,1,45.5166,-73.65,"ebutterfly","Maxim Larrivée, Jeremy Kerr, Kent McFarland and Katy Prudic","eButterfly","ebutterfly","eButterfly","","eButterfly"
"Limenitis archippus",1955,7,"","1955-07-01","presence",NA,1,45.5166,-73.65,"ebutterfly","Maxim Larrivée, Jeremy Kerr, Kent McFarland and Katy Prudic","eButterfly","ebutterfly","eButterfly","","eButterfly"
"Limenitis archippus",1955,1,"","1955-01-01","presence",NA,1,45.9595,-70.6563,"ebutterfly","Maxim Larrivée, Jeremy Kerr, Kent McFarland and Katy Prudic","eButterfly","ebutterfly","eButterfly","","eButterfly"
"Nymphalis antiopa",1955,1,"","1955-01-01","presence",NA,1,45.9595,-70.6563,"ebutterfly","Maxim Larrivée, Jeremy Kerr, Kent McFarland and Katy Prudic","eButterfly","ebutterfly","eButterfly","","eButterfly"
"Aglais milberti",1955,1,"","1955-01-01","presence",NA,1,45.5522,-73.7541,"ebutterfly","Maxim Larrivée, Jeremy Kerr, Kent McFarland and Katy Prudic","eButterfly","ebutterfly","eButterfly","","eButterfly"
"Aglais milberti",1955,8,"","1955-08-02","presence",NA,1,45.5522,-73.7541,"ebutterfly","Maxim Larrivée, Jeremy Kerr, Kent McFarland and Katy Prudic","eButterfly","ebutterfly","eButterfly","","eButterfly"
"Phyciodes cocyta",1955,8,"","1955-08-05","presence",NA,1,45.5522,-73.7541,"ebutterfly","Maxim Larrivée, Jeremy Kerr, Kent McFarland and Katy Prudic","eButterfly","ebutterfly","eButterfly","","eButterfly"
"Speyeria aphrodite",1955,8,"","1955-08-06","presence",NA,1,45.5522,-73.7541,"ebutterfly","Maxim Larrivée, Jeremy Kerr, Kent McFarland and Katy Prudic","eButterfly","ebutterfly","eButterfly","","eButterfly"
"Polygonia progne",1955,1,"","1955-01-01","presence",NA,1,45.5522,-73.7541,"ebutterfly","Maxim Larrivée, Jeremy Kerr, Kent McFarland and Katy Prudic","eButterfly","ebutterfly","eButterfly","","eButterfly"
"Phyciodes cocyta",1955,1,"","1955-01-01","presence",NA,1,45.5522,-73.7541,"ebutterfly","Maxim Larrivée, Jeremy Kerr, Kent McFarland and Katy Prudic","eButterfly","ebutterfly","eButterfly","","eButterfly"
"Phyciodes cocyta",1955,8,"","1955-08-03","presence",NA,1,45.5522,-73.7541,"ebutterfly","Maxim Larrivée, Jeremy Kerr, Kent McFarland and Katy Prudic","eButterfly","ebutterfly","eButterfly","","eButterfly"
"Speyeria aphrodite",1955,7,"","1955-07-22","presence",NA,1,46.8711,-71.6174,"ebutterfly","Maxim Larrivée, Jeremy Kerr, Kent McFarland and Katy Prudic","eButterfly","ebutterfly","eButterfly","","eButterfly"
"Speyeria cybele",1955,8,"","1955-08-04","presence",NA,1,45.5522,-73.7541,"ebutterfly","Maxim Larrivée, Jeremy Kerr, Kent McFarland and Katy Prudic","eButterfly","ebutterfly","eButterfly","","eButterfly"
"Speyeria cybele",1955,7,"","1955-07-09","presence",NA,1,46.7938,-71.3519,"ebutterfly","Maxim Larrivée, Jeremy Kerr, Kent McFarland and Katy Prudic","eButterfly","ebutterfly","eButterfly","","eButterfly"
"Speyeria atlantis",1955,7,"","1955-07-03","presence",NA,1,45.8206,-73.9301,"ebutterfly","Maxim Larrivée, Jeremy Kerr, Kent McFarland and Katy Prudic","eButterfly","ebutterfly","eButterfly","","eButterfly"
"Vanessa atalanta",1955,1,"","1955-01-01","presence",NA,1,45.5522,-73.7541,"ebutterfly","Maxim Larrivée, Jeremy Kerr, Kent McFarland and Katy Prudic","eButterfly","ebutterfly","eButterfly","","eButterfly"
"Vanessa virginiensis",1955,8,"","1955-08-04","presence",NA,1,45.5522,-73.7541,"ebutterfly","Maxim Larrivée, Jeremy Kerr, Kent McFarland and Katy Prudic","eButterfly","ebutterfly","eButterfly","","eButterfly"
"Vanessa cardui",1955,8,"","1955-08-12","presence",NA,1,45.5522,-73.7541,"ebutterfly","Maxim Larrivée, Jeremy Kerr, Kent McFarland and Katy Prudic","eButterfly","ebutterfly","eButterfly","","eButterfly"
"Vanessa virginiensis",1955,1,"","1955-01-01","presence",NA,1,45.5522,-73.7541,"ebutterfly","Maxim Larrivée, Jeremy Kerr, Kent McFarland and Katy Prudic","eButterfly","ebutterfly","eButterfly","","eButterfly"
"Colias philodice",1955,8,"","1955-08-26","presence",NA,1,46.7193,-72.0102,"ebutterfly","Maxim Larrivée, Jeremy Kerr, Kent McFarland and Katy Prudic","eButterfly","ebutterfly","eButterfly","","eButterfly"
"Callophrys lanoraieensis",1955,6,"","1955-06-07","presence",NA,1,45.3946,-71.0731,"ebutterfly","Maxim Larrivée, Jeremy Kerr, Kent McFarland and Katy Prudic","eButterfly","ebutterfly","eButterfly","","eButterfly"
"Polites peckius",1955,6,"00:00:00","1955-06-19T00:00:00","abundance",NA,2,45.430841,-73.943329,"gbif","GBIF","eButterfly Surveys","Vermont Center for Ecostudies","Vermont Center for Ecostudies","cc by nc 4.0","Vermont Center for Ecostudies"
"Pieris rapae",1955,9,"00:00:00","1955-09-04T00:00:00","occurrence",NA,1,45.384014,-70.86279,"gbif","GBIF","eButterfly Surveys","Vermont Center for Ecostudies","Vermont Center for Ecostudies","cc by nc 4.0","Vermont Center for Ecostudies"
"Colias eurytheme",1955,8,"00:00:00","1955-08-24T00:00:00","occurrence",NA,1,45.742012,-70.694253,"gbif","GBIF","eButterfly Surveys","Vermont Center for Ecostudies","Vermont Center for Ecostudies","cc by nc 4.0","Vermont Center for Ecostudies"
"Colias philodice",1955,9,"00:00:00","1955-09-16T00:00:00","occurrence",NA,1,45.492567,-72.775418,"gbif","GBIF","eButterfly Surveys","Vermont Center for Ecostudies","Vermont Center for Ecostudies","cc by nc 4.0","Vermont Center for Ecostudies"
"Lycaena hyllus",1955,8,"00:00:00","1955-08-23T00:00:00","abundance",NA,2,45.55033,-73.758497,"gbif","GBIF","eButterfly Surveys","Vermont Center for Ecostudies","Vermont Center for Ecostudies","cc by nc 4.0","Vermont Center for Ecostudies"
"Speyeria cybele",1955,8,"00:00:00","1955-08-10T00:00:00","abundance",NA,2,45.55033,-73.758497,"gbif","GBIF","eButterfly Surveys","Vermont Center for Ecostudies","Vermont Center for Ecostudies","cc by nc 4.0","Vermont Center for Ecostudies"
"Boloria selene",1955,7,"00:00:00","1955-07-27T00:00:00","occurrence",NA,1,45.384014,-70.86279,"gbif","GBIF","eButterfly Surveys","Vermont Center for Ecostudies","Vermont Center for Ecostudies","cc by nc 4.0","Vermont Center for Ecostudies"
"Carterocephalus palaemon",1955,8,"00:00:00","1955-08-01T00:00:00","occurrence",NA,1,45.742012,-70.694253,"gbif","GBIF","eButterfly Surveys","Vermont Center for Ecostudies","Vermont Center for Ecostudies","cc by nc 4.0","Vermont Center for Ecostudies"
"Speyeria aphrodite",1955,8,"00:00:00","1955-08-06T00:00:00","abundance",NA,3,45.5522,-73.7541,"gbif","GBIF","eButterfly Surveys","Vermont Center for Ecostudies","Vermont Center for Ecostudies","cc by nc 4.0","Vermont Center for Ecostudies"
"Speyeria aphrodite",1955,7,"00:00:00","1955-07-22T00:00:00","abundance",NA,2,46.871061,-71.617432,"gbif","GBIF","eButterfly Surveys","Vermont Center for Ecostudies","Vermont Center for Ecostudies","cc by nc 4.0","Vermont Center for Ecostudies"
"Speyeria cybele",1955,8,"00:00:00","1955-08-03T00:00:00","abundance",NA,2,45.820619,-73.930094,"gbif","GBIF","eButterfly Surveys","Vermont Center for Ecostudies","Vermont Center for Ecostudies","cc by nc 4.0","Vermont Center for Ecostudies"
"Colias philodice",1955,8,"00:00:00","1955-08-03T00:00:00","occurrence",NA,1,45.5522,-73.7541,"gbif","GBIF","eButterfly Surveys","Vermont Center for Ecostudies","Vermont Center for Ecostudies","cc by nc 4.0","Vermont Center for Ecostudies"
"Colias philodice",1955,8,"00:00:00","1955-08-09T00:00:00","occurrence",NA,1,45.5522,-73.7541,"gbif","GBIF","eButterfly Surveys","Vermont Center for Ecostudies","Vermont Center for Ecostudies","cc by nc 4.0","Vermont Center for Ecostudies"
"Pieris rapae",1955,1,"00:00:00","1955-01-01T00:00:00","abundance",NA,5,45.5522,-73.7541,"gbif","GBIF","eButterfly Surveys","Vermont Center for Ecostudies","Vermont Center for Ecostudies","cc by nc 4.0","Vermont Center for Ecostudies"
"Lepidoptera",1955,6,"00:00:00","1955-06-16T00:00:00","occurrence",NA,1,45.384014,-70.86279,"gbif","GBIF","eButterfly Surveys","Vermont Center for Ecostudies","Vermont Center for Ecostudies","cc by nc 4.0","Vermont Center for Ecostudies"
"Ancyloxypha numitor",1955,7,"00:00:00","1955-07-25T00:00:00","occurrence",NA,1,45.5522,-73.7541,"gbif","GBIF","eButterfly Surveys","Vermont Center for Ecostudies","Vermont Center for Ecostudies","cc by nc 4.0","Vermont Center for Ecostudies"
"Poanes hobomok",1955,8,"00:00:00","1955-08-01T00:00:00","abundance",NA,2,45.742012,-70.694253,"gbif","GBIF","eButterfly Surveys","Vermont Center for Ecostudies","Vermont Center for Ecostudies","cc by nc 4.0","Vermont Center for Ecostudies"
"Colias philodice",1955,8,"00:00:00","1955-08-01T00:00:00","abundance",NA,3,45.742012,-70.694253,"gbif","GBIF","eButterfly Surveys","Vermont Center for Ecostudies","Vermont Center for Ecostudies","cc by nc 4.0","Vermont Center for Ecostudies"
"Colias philodice",1955,9,"00:00:00","1955-09-30T00:00:00","occurrence",NA,1,45.384014,-70.86279,"gbif","GBIF","eButterfly Surveys","Vermont Center for Ecostudies","Vermont Center for Ecostudies","cc by nc 4.0","Vermont Center for Ecostudies"
"Vanessa atalanta",1955,8,"00:00:00","1955-08-24T00:00:00","occurrence",NA,1,45.55033,-73.758497,"gbif","GBIF","eButterfly Surveys","Vermont Center for Ecostudies","Vermont Center for Ecostudies","cc by nc 4.0","Vermont Center for Ecostudies"
"Boloria selene",1955,8,"00:00:00","1955-08-23T00:00:00","abundance",NA,4,45.742012,-70.694253,"gbif","GBIF","eButterfly Surveys","Vermont Center for Ecostudies","Vermont Center for Ecostudies","cc by nc 4.0","Vermont Center for Ecostudies"
"Papilio canadensis",1955,8,"00:00:00","1955-08-01T00:00:00","occurrence",NA,1,45.742012,-70.694253,"gbif","GBIF","eButterfly Surveys","Vermont Center for Ecostudies","Vermont Center for Ecostudies","cc by nc 4.0","Vermont Center for Ecostudies"
"Nymphalis antiopa",1955,1,"00:00:00","1955-01-01T00:00:00","abundance",NA,3,45.959509,-70.656301,"gbif","GBIF","eButterfly Surveys","Vermont Center for Ecostudies","Vermont Center for Ecostudies","cc by nc 4.0","Vermont Center for Ecostudies"
"Aglais milberti",1955,1,"00:00:00","1955-01-01T00:00:00","occurrence",NA,1,45.5522,-73.7541,"gbif","GBIF","eButterfly Surveys","Vermont Center for Ecostudies","Vermont Center for Ecostudies","cc by nc 4.0","Vermont Center for Ecostudies"
"Polygonia faunus",1955,5,"00:00:00","1955-05-22T00:00:00","occurrence",NA,1,46.044738,-73.710612,"gbif","GBIF","eButterfly Surveys","Vermont Center for Ecostudies","Vermont Center for Ecostudies","cc by nc 4.0","Vermont Center for Ecostudies"
"Polygonia progne",1955,1,"00:00:00","1955-01-01T00:00:00","occurrence",NA,1,45.5522,-73.7541,"gbif","GBIF","eButterfly Surveys","Vermont Center for Ecostudies","Vermont Center for Ecostudies","cc by nc 4.0","Vermont Center for Ecostudies"
"Speyeria cybele",1955,7,"00:00:00","1955-07-09T00:00:00","occurrence",NA,1,46.7938,-71.3519,"gbif","GBIF","eButterfly Surveys","Vermont Center for Ecostudies","Vermont Center for Ecostudies","cc by nc 4.0","Vermont Center for Ecostudies"
"Papilio polyxenes",1955,8,"00:00:00","1955-08-09T00:00:00","occurrence",NA,1,45.5522,-73.7541,"gbif","GBIF","eButterfly Surveys","Vermont Center for Ecostudies","Vermont Center for Ecostudies","cc by nc 4.0","Vermont Center for Ecostudies"
"Polites peckius",1955,1,"00:00:00","1955-01-01T00:00:00","occurrence",NA,1,45.5522,-73.7541,"gbif","GBIF","eButterfly Surveys","Vermont Center for Ecostudies","Vermont Center for Ecostudies","cc by nc 4.0","Vermont Center for Ecostudies"
"Ancyloxypha numitor",1955,7,"00:00:00","1955-07-25T00:00:00","occurrence",NA,1,45.5522,-73.7541,"gbif","GBIF","eButterfly Surveys","Vermont Center for Ecostudies","Vermont Center for Ecostudies","cc by nc 4.0","Vermont Center for Ecostudies"
"Pieris rapae",1955,5,"00:00:00","1955-05-24T00:00:00","abundance",NA,3,45.5522,-73.7541,"gbif","GBIF","eButterfly Surveys","Vermont Center for Ecostudies","Vermont Center for Ecostudies","cc by nc 4.0","Vermont Center for Ecostudies"
"Colias philodice",1955,7,"00:00:00","1955-07-03T00:00:00","occurrence",NA,1,45.501689,-73.567256,"gbif","GBIF","eButterfly Surveys","Vermont Center for Ecostudies","Vermont Center for Ecostudies","cc by nc 4.0","Vermont Center for Ecostudies"
"Speyeria aphrodite",1955,7,"00:00:00","1955-07-24T00:00:00","abundance",NA,2,46.044738,-73.710612,"gbif","GBIF","eButterfly Surveys","Vermont Center for Ecostudies","Vermont Center for Ecostudies","cc by nc 4.0","Vermont Center for Ecostudies"
"Poanes hobomok",1955,6,"00:00:00","1955-06-14T00:00:00","occurrence",NA,1,45.384014,-70.86279,"gbif","GBIF","eButterfly Surveys","Vermont Center for Ecostudies","Vermont Center for Ecostudies","cc by nc 4.0","Vermont Center for Ecostudies"
"Colias philodice",1955,8,"00:00:00","1955-08-23T00:00:00","abundance",NA,6,45.742012,-70.694253,"gbif","GBIF","eButterfly Surveys","Vermont Center for Ecostudies","Vermont Center for Ecostudies","cc by nc 4.0","Vermont Center for Ecostudies"
"Polygonia interrogationis",1955,9,"00:00:00","1955-09-02T00:00:00","occurrence",NA,1,45.55033,-73.758497,"gbif","GBIF","eButterfly Surveys","Vermont Center for Ecostudies","Vermont Center for Ecostudies","cc by nc 4.0","Vermont Center for Ecostudies"
"Aglais milberti",1955,8,"00:00:00","1955-08-24T00:00:00","occurrence",NA,1,45.55033,-73.758497,"gbif","GBIF","eButterfly Surveys","Vermont Center for Ecostudies","Vermont Center for Ecostudies","cc by nc 4.0","Vermont Center for Ecostudies"
"Speyeria aphrodite",1955,8,"00:00:00","1955-08-29T00:00:00","occurrence",NA,1,45.384014,-70.86279,"gbif","GBIF","eButterfly Surveys","Vermont Center for Ecostudies","Vermont Center for Ecostudies","cc by nc 4.0","Vermont Center for Ecostudies"
"Boloria selene",1955,6,"00:00:00","1955-06-15T00:00:00","occurrence",NA,1,45.384014,-70.86279,"gbif","GBIF","eButterfly Surveys","Vermont Center for Ecostudies","Vermont Center for Ecostudies","cc by nc 4.0","Vermont Center for Ecostudies"
"Limenitis archippus",1955,8,"00:00:00","1955-08-24T00:00:00","abundance",NA,2,45.55033,-73.758497,"gbif","GBIF","eButterfly Surveys","Vermont Center for Ecostudies","Vermont Center for Ecostudies","cc by nc 4.0","Vermont Center for Ecostudies"
"Cercyonis pegala",1955,7,"00:00:00","1955-07-27T00:00:00","abundance",NA,3,45.5166,-73.65,"gbif","GBIF","eButterfly Surveys","Vermont Center for Ecostudies","Vermont Center for Ecostudies","cc by nc 4.0","Vermont Center for Ecostudies"
"Euphydryas phaeton",1955,1,"00:00:00","1955-01-01T00:00:00","occurrence",NA,1,45.959509,-70.656301,"gbif","GBIF","eButterfly Surveys","Vermont Center for Ecostudies","Vermont Center for Ecostudies","cc by nc 4.0","Vermont Center for Ecostudies"
"Limenitis archippus",1955,7,"00:00:00","1955-07-01T00:00:00","occurrence",NA,1,45.5166,-73.65,"gbif","GBIF","eButterfly Surveys","Vermont Center for Ecostudies","Vermont Center for Ecostudies","cc by nc 4.0","Vermont Center for Ecostudies"
"Colias philodice",1955,8,"00:00:00","1955-08-26T00:00:00","occurrence",NA,1,46.71925,-72.01023,"gbif","GBIF","eButterfly Surveys","Vermont Center for Ecostudies","Vermont Center for Ecostudies","cc by nc 4.0","Vermont Center for Ecostudies"
"Ancyloxypha numitor",1955,7,"00:00:00","1955-07-26T00:00:00","occurrence",NA,1,45.5522,-73.7541,"gbif","GBIF","eButterfly Surveys","Vermont Center for Ecostudies","Vermont Center for Ecostudies","cc by nc 4.0","Vermont Center for Ecostudies"
"Colias eurytheme",1955,8,"00:00:00","1955-08-10T00:00:00","occurrence",NA,1,45.5522,-73.7541,"gbif","GBIF","eButterfly Surveys","Vermont Center for Ecostudies","Vermont Center for Ecostudies","cc by nc 4.0","Vermont Center for Ecostudies"
"Colias eurytheme",1955,8,"00:00:00","1955-08-11T00:00:00","occurrence",NA,1,45.5522,-73.7541,"gbif","GBIF","eButterfly Surveys","Vermont Center for Ecostudies","Vermont Center for Ecostudies","cc by nc 4.0","Vermont Center for Ecostudies"
"Carterocephalus palaemon",1955,8,"00:00:00","1955-08-10T00:00:00","occurrence",NA,1,45.5522,-73.7541,"gbif","GBIF","eButterfly Surveys","Vermont Center for Ecostudies","Vermont Center for Ecostudies","cc by nc 4.0","Vermont Center for Ecostudies"
"Pieris oleracea",1955,8,"00:00:00","1955-08-01T00:00:00","abundance",NA,2,45.742012,-70.694253,"gbif","GBIF","eButterfly Surveys","Vermont Center for Ecostudies","Vermont Center for Ecostudies","cc by nc 4.0","Vermont Center for Ecostudies"
"Colias philodice",1955,1,"00:00:00","1955-01-01T00:00:00","abundance",NA,2,45.55033,-73.758497,"gbif","GBIF","eButterfly Surveys","Vermont Center for Ecostudies","Vermont Center for Ecostudies","cc by nc 4.0","Vermont Center for Ecostudies"
"Glaucopsyche lygdamus",1955,7,"00:00:00","1955-07-25T00:00:00","occurrence",NA,1,45.384014,-70.86279,"gbif","GBIF","eButterfly Surveys","Vermont Center for Ecostudies","Vermont Center for Ecostudies","cc by nc 4.0","Vermont Center for Ecostudies"
"Speyeria atlantis",1955,8,"00:00:00","1955-08-31T00:00:00","occurrence",NA,1,45.384014,-70.86279,"gbif","GBIF","eButterfly Surveys","Vermont Center for Ecostudies","Vermont Center for Ecostudies","cc by nc 4.0","Vermont Center for Ecostudies"
"Danaus plexippus",1955,8,"00:00:00","1955-08-05T00:00:00","occurrence",NA,1,45.316944,-72.25,"gbif","GBIF","eButterfly Surveys","Vermont Center for Ecostudies","Vermont Center for Ecostudies","cc by nc 4.0","Vermont Center for Ecostudies"
"Carterocephalus palaemon",1955,6,"00:00:00","1955-06-08T00:00:00","occurrence",NA,1,45.394558,-71.073071,"gbif","GBIF","eButterfly Surveys","Vermont Center for Ecostudies","Vermont Center for Ecostudies","cc by nc 4.0","Vermont Center for Ecostudies"
"Cercyonis pegala",1955,8,"00:00:00","1955-08-05T00:00:00","occurrence",NA,1,45.55033,-73.758497,"gbif","GBIF","eButterfly Surveys","Vermont Center for Ecostudies","Vermont Center for Ecostudies","cc by nc 4.0","Vermont Center for Ecostudies"
"Limenitis archippus",1955,1,"00:00:00","1955-01-01T00:00:00","occurrence",NA,1,45.959509,-70.656301,"gbif","GBIF","eButterfly Surveys","Vermont Center for Ecostudies","Vermont Center for Ecostudies","cc by nc 4.0","Vermont Center for Ecostudies"
"Phyciodes cocyta",1955,8,"00:00:00","1955-08-03T00:00:00","occurrence",NA,1,45.5522,-73.7541,"gbif","GBIF","eButterfly Surveys","Vermont Center for Ecostudies","Vermont Center for Ecostudies","cc by nc 4.0","Vermont Center for Ecostudies"
"Vanessa atalanta",1955,7,"00:00:00","1955-07-22T00:00:00","occurrence",NA,1,45.5166,-73.65,"gbif","GBIF","eButterfly Surveys","Vermont Center for Ecostudies","Vermont Center for Ecostudies","cc by nc 4.0","Vermont Center for Ecostudies"
"Colias philodice",1955,8,"00:00:00","1955-08-12T00:00:00","occurrence",NA,1,45.5522,-73.7541,"gbif","GBIF","eButterfly Surveys","Vermont Center for Ecostudies","Vermont Center for Ecostudies","cc by nc 4.0","Vermont Center for Ecostudies"
"Colias philodice",1955,8,"00:00:00","1955-08-11T00:00:00","abundance",NA,2,45.5522,-73.7541,"gbif","GBIF","eButterfly Surveys","Vermont Center for Ecostudies","Vermont Center for Ecostudies","cc by nc 4.0","Vermont Center for Ecostudies"
"Carterocephalus palaemon",1955,6,"00:00:00","1955-06-05T00:00:00","occurrence",NA,1,46.76,-71.2802,"gbif","GBIF","eButterfly Surveys","Vermont Center for Ecostudies","Vermont Center for Ecostudies","cc by nc 4.0","Vermont Center for Ecostudies"
"Celastrina lucia",1955,5,"00:00:00","1955-05-14T00:00:00","occurrence",NA,1,45.815693,-74.219633,"gbif","GBIF","eButterfly Surveys","Vermont Center for Ecostudies","Vermont Center for Ecostudies","cc by nc 4.0","Vermont Center for Ecostudies"
"Colias philodice",1955,7,"00:00:00","1955-07-27T00:00:00","abundance",NA,2,45.384014,-70.86279,"gbif","GBIF","eButterfly Surveys","Vermont Center for Ecostudies","Vermont Center for Ecostudies","cc by nc 4.0","Vermont Center for Ecostudies"
"Colias interior",1955,8,"00:00:00","1955-08-22T00:00:00","occurrence",NA,1,45.742012,-70.694253,"gbif","GBIF","eButterfly Surveys","Vermont Center for Ecostudies","Vermont Center for Ecostudies","cc by nc 4.0","Vermont Center for Ecostudies"
"Limenitis archippus",1955,7,"00:00:00","1955-07-16T00:00:00","abundance",NA,4,45.5166,-73.65,"gbif","GBIF","eButterfly Surveys","Vermont Center for Ecostudies","Vermont Center for Ecostudies","cc by nc 4.0","Vermont Center for Ecostudies"
"Polygonia progne",1955,7,"00:00:00","1955-07-22T00:00:00","occurrence",NA,1,46.871061,-71.617432,"gbif","GBIF","eButterfly Surveys","Vermont Center for Ecostudies","Vermont Center for Ecostudies","cc by nc 4.0","Vermont Center for Ecostudies"
"Phyciodes cocyta",1955,8,"00:00:00","1955-08-05T00:00:00","abundance",NA,2,45.5522,-73.7541,"gbif","GBIF","eButterfly Surveys","Vermont Center for Ecostudies","Vermont Center for Ecostudies","cc by nc 4.0","Vermont Center for Ecostudies"
"Phyciodes cocyta",1955,1,"00:00:00","1955-01-01T00:00:00","abundance",NA,2,45.5522,-73.7541,"gbif","GBIF","eButterfly Surveys","Vermont Center for Ecostudies","Vermont Center for Ecostudies","cc by nc 4.0","Vermont Center for Ecostudies"
"Speyeria atlantis",1955,7,"00:00:00","1955-07-09T00:00:00","occurrence",NA,1,46.7938,-71.3519,"gbif","GBIF","eButterfly Surveys","Vermont Center for Ecostudies","Vermont Center for Ecostudies","cc by nc 4.0","Vermont Center for Ecostudies"
"Speyeria cybele",1955,1,"00:00:00","1955-01-01T00:00:00","abundance",NA,2,45.5522,-73.7541,"gbif","GBIF","eButterfly Surveys","Vermont Center for Ecostudies","Vermont Center for Ecostudies","cc by nc 4.0","Vermont Center for Ecostudies"
"Ancyloxypha numitor",1955,7,"00:00:00","1955-07-27T00:00:00","occurrence",NA,1,45.5522,-73.7541,"gbif","GBIF","eButterfly Surveys","Vermont Center for Ecostudies","Vermont Center for Ecostudies","cc by nc 4.0","Vermont Center for Ecostudies"
"Colias interior",1955,7,"00:00:00","1955-07-22T00:00:00","occurrence",NA,1,46.871061,-71.617432,"gbif","GBIF","eButterfly Surveys","Vermont Center for Ecostudies","Vermont Center for Ecostudies","cc by nc 4.0","Vermont Center for Ecostudies"
"Ancyloxypha numitor",1955,7,"00:00:00","1955-07-25T00:00:00","occurrence",NA,1,45.5522,-73.7541,"gbif","GBIF","eButterfly Surveys","Vermont Center for Ecostudies","Vermont Center for Ecostudies","cc by nc 4.0","Vermont Center for Ecostudies"
"Pieris rapae",1955,4,"00:00:00","1955-04-30T00:00:00","occurrence",NA,1,45.430841,-73.943329,"gbif","GBIF","eButterfly Surveys","Vermont Center for Ecostudies","Vermont Center for Ecostudies","cc by nc 4.0","Vermont Center for Ecostudies"
"Polites mystic",1955,7,"00:00:00","1955-07-22T00:00:00","occurrence",NA,1,45.384014,-70.86279,"gbif","GBIF","eButterfly Surveys","Vermont Center for Ecostudies","Vermont Center for Ecostudies","cc by nc 4.0","Vermont Center for Ecostudies"
"Polites peckius",1955,8,"00:00:00","1955-08-24T00:00:00","occurrence",NA,1,45.742012,-70.694253,"gbif","GBIF","eButterfly Surveys","Vermont Center for Ecostudies","Vermont Center for Ecostudies","cc by nc 4.0","Vermont Center for Ecostudies"
"Pieris rapae",1955,7,"00:00:00","1955-07-12T00:00:00","abundance",NA,4,45.486564,-70.903816,"gbif","GBIF","eButterfly Surveys","Vermont Center for Ecostudies","Vermont Center for Ecostudies","cc by nc 4.0","Vermont Center for Ecostudies"
"Colias philodice",1955,9,"00:00:00","1955-09-01T00:00:00","occurrence",NA,1,45.384014,-70.86279,"gbif","GBIF","eButterfly Surveys","Vermont Center for Ecostudies","Vermont Center for Ecostudies","cc by nc 4.0","Vermont Center for Ecostudies"
"Polygonia comma",1955,8,"00:00:00","1955-08-22T00:00:00","occurrence",NA,1,45.55033,-73.758497,"gbif","GBIF","eButterfly Surveys","Vermont Center for Ecostudies","Vermont Center for Ecostudies","cc by nc 4.0","Vermont Center for Ecostudies"
"Boloria bellona",1955,8,"00:00:00","1955-08-18T00:00:00","abundance",NA,3,45.55033,-73.758497,"gbif","GBIF","eButterfly Surveys","Vermont Center for Ecostudies","Vermont Center for Ecostudies","cc by nc 4.0","Vermont Center for Ecostudies"
"Phyciodes cocyta",1955,7,"00:00:00","1955-07-27T00:00:00","occurrence",NA,1,45.384014,-70.86279,"gbif","GBIF","eButterfly Surveys","Vermont Center for Ecostudies","Vermont Center for Ecostudies","cc by nc 4.0","Vermont Center for Ecostudies"
"Cercyonis pegala",1955,7,"00:00:00","1955-07-09T00:00:00","occurrence",NA,1,45.5166,-73.65,"gbif","GBIF","eButterfly Surveys","Vermont Center for Ecostudies","Vermont Center for Ecostudies","cc by nc 4.0","Vermont Center for Ecostudies"
"Cercyonis pegala",1955,7,"00:00:00","1955-07-22T00:00:00","occurrence",NA,1,46.871061,-71.617432,"gbif","GBIF","eButterfly Surveys","Vermont Center for Ecostudies","Vermont Center for Ecostudies","cc by nc 4.0","Vermont Center for Ecostudies"
"Aglais milberti",1955,8,"00:00:00","1955-08-02T00:00:00","occurrence",NA,1,45.5522,-73.7541,"gbif","GBIF","eButterfly Surveys","Vermont Center for Ecostudies","Vermont Center for Ecostudies","cc by nc 4.0","Vermont Center for Ecostudies"
"Phyciodes cocyta",1955,1,"00:00:00","1955-01-01T00:00:00","occurrence",NA,1,45.5522,-73.7541,"gbif","GBIF","eButterfly Surveys","Vermont Center for Ecostudies","Vermont Center for Ecostudies","cc by nc 4.0","Vermont Center for Ecostudies"
"Lycaena hyllus",1955,8,"00:00:00","1955-08-31T00:00:00","occurrence",NA,1,45.384014,-70.86279,"gbif","GBIF","eButterfly Surveys","Vermont Center for Ecostudies","Vermont Center for Ecostudies","cc by nc 4.0","Vermont Center for Ecostudies"
"Boloria selene",1955,7,"00:00:00","1955-07-25T00:00:00","occurrence",NA,1,45.5522,-73.7541,"gbif","GBIF","eButterfly Surveys","Vermont Center for Ecostudies","Vermont Center for Ecostudies","cc by nc 4.0","Vermont Center for Ecostudies"
"Colias philodice",1955,1,"00:00:00","1955-01-01T00:00:00","abundance",NA,2,45.5522,-73.7541,"gbif","GBIF","eButterfly Surveys","Vermont Center for Ecostudies","Vermont Center for Ecostudies","cc by nc 4.0","Vermont Center for Ecostudies"
"Colias philodice",1955,8,"00:00:00","1955-08-12T00:00:00","occurrence",NA,1,45.5522,-73.7541,"gbif","GBIF","eButterfly Surveys","Vermont Center for Ecostudies","Vermont Center for Ecostudies","cc by nc 4.0","Vermont Center for Ecostudies"
"Ancyloxypha numitor",1955,7,"00:00:00","1955-07-27T00:00:00","occurrence",NA,1,45.5522,-73.7541,"gbif","GBIF","eButterfly Surveys","Vermont Center for Ecostudies","Vermont Center for Ecostudies","cc by nc 4.0","Vermont Center for Ecostudies"
"Callophrys augustinus",1955,5,"00:00:00","1955-05-22T00:00:00","abundance",NA,2,46.318671,-74.221877,"gbif","GBIF","eButterfly Surveys","Vermont Center for Ecostudies","Vermont Center for Ecostudies","cc by nc 4.0","Vermont Center for Ecostudies"
"Cercyonis pegala",1955,6,"00:00:00","1955-06-24T00:00:00","abundance",NA,4,45.406065,-73.568146,"gbif","GBIF","eButterfly Surveys","Vermont Center for Ecostudies","Vermont Center for Ecostudies","cc by nc 4.0","Vermont Center for Ecostudies"
"Colias eurytheme",1955,9,"00:00:00","1955-09-16T00:00:00","occurrence",NA,1,45.492567,-72.775418,"gbif","GBIF","eButterfly Surveys","Vermont Center for Ecostudies","Vermont Center for Ecostudies","cc by nc 4.0","Vermont Center for Ecostudies"
"Colias philodice",1955,9,"00:00:00","1955-09-14T00:00:00","abundance",NA,3,45.836456,-70.825246,"gbif","GBIF","eButterfly Surveys","Vermont Center for Ecostudies","Vermont Center for Ecostudies","cc by nc 4.0","Vermont Center for Ecostudies"
"Vanessa virginiensis",1955,8,"00:00:00","1955-08-15T00:00:00","abundance",NA,10,45.55033,-73.758497,"gbif","GBIF","eButterfly Surveys","Vermont Center for Ecostudies","Vermont Center for Ecostudies","cc by nc 4.0","Vermont Center for Ecostudies"
"Phyciodes cocyta",1955,8,"00:00:00","1955-08-13T00:00:00","occurrence",NA,1,45.55033,-73.758497,"gbif","GBIF","eButterfly Surveys","Vermont Center for Ecostudies","Vermont Center for Ecostudies","cc by nc 4.0","Vermont Center for Ecostudies"
"Danaus plexippus",1955,8,"00:00:00","1955-08-10T00:00:00","occurrence",NA,1,45.55033,-73.758497,"gbif","GBIF","eButterfly Surveys","Vermont Center for Ecostudies","Vermont Center for Ecostudies","cc by nc 4.0","Vermont Center for Ecostudies"
"Limenitis archippus",1955,8,"00:00:00","1955-08-12T00:00:00","occurrence",NA,1,45.5166,-73.65,"gbif","GBIF","eButterfly Surveys","Vermont Center for Ecostudies","Vermont Center for Ecostudies","cc by nc 4.0","Vermont Center for Ecostudies"
"Speyeria cybele",1955,8,"00:00:00","1955-08-04T00:00:00","abundance",NA,4,45.5522,-73.7541,"gbif","GBIF","eButterfly Surveys","Vermont Center for Ecostudies","Vermont Center for Ecostudies","cc by nc 4.0","Vermont Center for Ecostudies"
"Vanessa virginiensis",1955,1,"00:00:00","1955-01-01T00:00:00","abundance",NA,2,45.5522,-73.7541,"gbif","GBIF","eButterfly Surveys","Vermont Center for Ecostudies","Vermont Center for Ecostudies","cc by nc 4.0","Vermont Center for Ecostudies"
"Callophrys lanoraieensis",1955,6,"00:00:00","1955-06-07T00:00:00","occurrence",NA,1,45.394558,-71.073071,"gbif","GBIF","eButterfly Surveys","Vermont Center for Ecostudies","Vermont Center for Ecostudies","cc by nc 4.0","Vermont Center for Ecostudies"
"Colias philodice",1955,1,"00:00:00","1955-01-01T00:00:00","occurrence",NA,1,45.5522,-73.7541,"gbif","GBIF","eButterfly Surveys","Vermont Center for Ecostudies","Vermont Center for Ecostudies","cc by nc 4.0","Vermont Center for Ecostudies"
"Ancyloxypha numitor",1955,7,"00:00:00","1955-07-26T00:00:00","occurrence",NA,1,45.5522,-73.7541,"gbif","GBIF","eButterfly Surveys","Vermont Center for Ecostudies","Vermont Center for Ecostudies","cc by nc 4.0","Vermont Center for Ecostudies"
"Wallengrenia egeremet",1955,7,"00:00:00","1955-07-03T00:00:00","occurrence",NA,1,45.501689,-73.567256,"gbif","GBIF","eButterfly Surveys","Vermont Center for Ecostudies","Vermont Center for Ecostudies","cc by nc 4.0","Vermont Center for Ecostudies"
"Polites peckius",1955,6,"00:00:00","1955-06-19T00:00:00","occurrence",NA,1,45.993107,-73.29848,"gbif","GBIF","eButterfly Surveys","Vermont Center for Ecostudies","Vermont Center for Ecostudies","cc by nc 4.0","Vermont Center for Ecostudies"
"Satyrium calanus",1955,7,"00:00:00","1955-07-03T00:00:00","occurrence",NA,1,45.501689,-73.567256,"gbif","GBIF","eButterfly Surveys","Vermont Center for Ecostudies","Vermont Center for Ecostudies","cc by nc 4.0","Vermont Center for Ecostudies"
"Vanessa virginiensis",1955,9,"00:00:00","1955-09-13T00:00:00","occurrence",NA,1,46.069424,-72.204526,"gbif","GBIF","eButterfly Surveys","Vermont Center for Ecostudies","Vermont Center for Ecostudies","cc by nc 4.0","Vermont Center for Ecostudies"
"Boloria selene",1955,8,"00:00:00","1955-08-11T00:00:00","occurrence",NA,1,45.55033,-73.758497,"gbif","GBIF","eButterfly Surveys","Vermont Center for Ecostudies","Vermont Center for Ecostudies","cc by nc 4.0","Vermont Center for Ecostudies"
"Phyciodes cocyta",1955,8,"00:00:00","1955-08-31T00:00:00","occurrence",NA,1,45.55033,-73.758497,"gbif","GBIF","eButterfly Surveys","Vermont Center for Ecostudies","Vermont Center for Ecostudies","cc by nc 4.0","Vermont Center for Ecostudies"
"Limenitis archippus",1955,8,"00:00:00","1955-08-24T00:00:00","occurrence",NA,1,45.742012,-70.694253,"gbif","GBIF","eButterfly Surveys","Vermont Center for Ecostudies","Vermont Center for Ecostudies","cc by nc 4.0","Vermont Center for Ecostudies"
"Nymphalis l-album",1955,7,"00:00:00","1955-07-22T00:00:00","occurrence",NA,1,46.871061,-71.617432,"gbif","GBIF","eButterfly Surveys","Vermont Center for Ecostudies","Vermont Center for Ecostudies","cc by nc 4.0","Vermont Center for Ecostudies"
"Vanessa virginiensis",1955,8,"00:00:00","1955-08-04T00:00:00","abundance",NA,2,45.5522,-73.7541,"gbif","GBIF","eButterfly Surveys","Vermont Center for Ecostudies","Vermont Center for Ecostudies","cc by nc 4.0","Vermont Center for Ecostudies"
"Papilio polyxenes",1955,7,"00:00:00","1955-07-21T00:00:00","occurrence",NA,1,45.5166,-73.65,"gbif","GBIF","eButterfly Surveys","Vermont Center for Ecostudies","Vermont Center for Ecostudies","cc by nc 4.0","Vermont Center for Ecostudies"
"Hesperia leonardus",1955,1,"00:00:00","1955-01-01T00:00:00","occurrence",NA,1,45.5522,-73.7541,"gbif","GBIF","eButterfly Surveys","Vermont Center for Ecostudies","Vermont Center for Ecostudies","cc by nc 4.0","Vermont Center for Ecostudies"
"Lepidoptera",1955,1,"00:00:00","1955-01-01T00:00:00","occurrence",NA,1,45.5522,-73.7541,"gbif","GBIF","eButterfly Surveys","Vermont Center for Ecostudies","Vermont Center for Ecostudies","cc by nc 4.0","Vermont Center for Ecostudies"
"Papilio polyxenes",1955,7,"00:00:00","1955-07-03T00:00:00","occurrence",NA,1,45.5,-73.5833,"gbif","GBIF","Lyman Entomological Museum","Canadian Biodiversity Information Facility","Canadian Biodiversity Information Facility","cc0 1.0","Canadian Biodiversity Information Facility"
"Lycaena phlaeas",1955,7,"00:00:00","1955-07-24T00:00:00","occurrence",NA,1,46.05,-73.7167,"gbif","GBIF","Lyman Entomological Museum","Canadian Biodiversity Information Facility","Canadian Biodiversity Information Facility","cc0 1.0","Canadian Biodiversity Information Facility"
"Polites peckius",1955,6,"00:00:00","1955-06-19T00:00:00","occurrence",NA,1,45.4167,-73.9333,"gbif","GBIF","Lyman Entomological Museum","Canadian Biodiversity Information Facility","Canadian Biodiversity Information Facility","cc0 1.0","Canadian Biodiversity Information Facility"
"Pieris rapae",1955,4,"00:00:00","1955-04-30T00:00:00","occurrence",NA,1,45.4167,-73.9333,"gbif","GBIF","Lyman Entomological Museum","Canadian Biodiversity Information Facility","Canadian Biodiversity Information Facility","cc0 1.0","Canadian Biodiversity Information Facility"
"Polites peckius",1955,6,"00:00:00","1955-06-19T00:00:00","occurrence",NA,1,45.4167,-73.9333,"gbif","GBIF","Lyman Entomological Museum","Canadian Biodiversity Information Facility","Canadian Biodiversity Information Facility","cc0 1.0","Canadian Biodiversity Information Facility"
"Celastrina ladon",1955,5,"00:00:00","1955-05-14T00:00:00","occurrence",NA,1,45.8167,-74.2167,"gbif","GBIF","Lyman Entomological Museum","Canadian Biodiversity Information Facility","Canadian Biodiversity Information Facility","cc0 1.0","Canadian Biodiversity Information Facility"
"Callophrys augustinus",1955,5,"00:00:00","1955-05-22T00:00:00","occurrence",NA,1,46.3167,-74.2167,"gbif","GBIF","Lyman Entomological Museum","Canadian Biodiversity Information Facility","Canadian Biodiversity Information Facility","cc0 1.0","Canadian Biodiversity Information Facility"
"Wallengrenia egeremet",1955,7,"00:00:00","1955-07-03T00:00:00","occurrence",NA,1,45.5,-73.5833,"gbif","GBIF","Lyman Entomological Museum","Canadian Biodiversity Information Facility","Canadian Biodiversity Information Facility","cc0 1.0","Canadian Biodiversity Information Facility"
"Colias philodice",1955,10,"00:00:00","1955-10-01T00:00:00","occurrence",NA,1,45.5,-73.5833,"gbif","GBIF","Lyman Entomological Museum","Canadian Biodiversity Information Facility","Canadian Biodiversity Information Facility","cc0 1.0","Canadian Biodiversity Information Facility"
"Satyrium liparops",1955,7,"00:00:00","1955-07-03T00:00:00","occurrence",NA,1,45.5,-73.5833,"gbif","GBIF","Lyman Entomological Museum","Canadian Biodiversity Information Facility","Canadian Biodiversity Information Facility","cc0 1.0","Canadian Biodiversity Information Facility"
"Colias philodice",1955,9,"00:00:00","1955-09-13T00:00:00","occurrence",NA,1,45.42028,-73.9201,"gbif","GBIF","Museum of Comparative Zoology, Harvard University","Museum of Comparative Zoology, Harvard University","Museum of Comparative Zoology, Harvard University","cc by nc 4.0","Museum of Comparative Zoology, Harvard University"
"Aspilanta oinophylla",1955,6,"00:00:00","1955-06-20T00:00:00","occurrence",NA,1,45.435,-75.708,"gbif","GBIF","Aspilanta new genus (Heliozelidae) specimen data","Naturalis Biodiversity Center","Naturalis Biodiversity Center","cc0 1.0","Naturalis Biodiversity Center"
"Papilio polyxenes",1955,7,"00:00:00","1955-07-03T00:00:00","occurrence",NA,1,45.501689,-73.567256,"gbif","GBIF","eButterfly Surveys","Vermont Center for Ecostudies","Vermont Center for Ecostudies","cc by nc 4.0","Vermont Center for Ecostudies"
"Lycaena phlaeas",1955,7,"00:00:00","1955-07-24T00:00:00","occurrence",NA,1,46.044738,-73.710612,"gbif","GBIF","eButterfly Surveys","Vermont Center for Ecostudies","Vermont Center for Ecostudies","cc by nc 4.0","Vermont Center for Ecostudies"
"Colias philodice",1955,8,"00:00:00","1955-08-12T00:00:00","occurrence",NA,1,45.55033,-73.758497,"gbif","GBIF","eButterfly Surveys","Vermont Center for Ecostudies","Vermont Center for Ecostudies","cc by nc 4.0","Vermont Center for Ecostudies"
"Speyeria aphrodite",1955,8,"00:00:00","1955-08-04T00:00:00","occurrence",NA,1,45.55033,-73.758497,"gbif","GBIF","eButterfly Surveys","Vermont Center for Ecostudies","Vermont Center for Ecostudies","cc by nc 4.0","Vermont Center for Ecostudies"
"Boloria selene",1955,8,"00:00:00","1955-08-31T00:00:00","abundance",NA,2,45.384014,-70.86279,"gbif","GBIF","eButterfly Surveys","Vermont Center for Ecostudies","Vermont Center for Ecostudies","cc by nc 4.0","Vermont Center for Ecostudies"
"Limenitis arthemis",1955,7,"00:00:00","1955-07-12T00:00:00","occurrence",NA,1,45.486564,-70.903816,"gbif","GBIF","eButterfly Surveys","Vermont Center for Ecostudies","Vermont Center for Ecostudies","cc by nc 4.0","Vermont Center for Ecostudies"
"Speyeria atlantis",1955,7,"00:00:00","1955-07-03T00:00:00","occurrence",NA,1,45.820619,-73.930094,"gbif","GBIF","eButterfly Surveys","Vermont Center for Ecostudies","Vermont Center for Ecostudies","cc by nc 4.0","Vermont Center for Ecostudies"
"Colias eurytheme",1955,1,"00:00:00","1955-01-01T00:00:00","occurrence",NA,1,45.5522,-73.7541,"gbif","GBIF","eButterfly Surveys","Vermont Center for Ecostudies","Vermont Center for Ecostudies","cc by nc 4.0","Vermont Center for Ecostudies"
"Polites peckius",1955,1,"00:00:00","1955-01-01T00:00:00","occurrence",NA,1,45.5522,-73.7541,"gbif","GBIF","eButterfly Surveys","Vermont Center for Ecostudies","Vermont Center for Ecostudies","cc by nc 4.0","Vermont Center for Ecostudies"
"Satyrium liparops",1955,7,"00:00:00","1955-07-03T00:00:00","occurrence",NA,1,45.501689,-73.567256,"gbif","GBIF","eButterfly Surveys","Vermont Center for Ecostudies","Vermont Center for Ecostudies","cc by nc 4.0","Vermont Center for Ecostudies"
"Speyeria aphrodite",1955,8,"00:00:00","1955-08-06T00:00:00","occurrence",NA,1,45.903826,-74.245745,"gbif","GBIF","eButterfly Surveys","Vermont Center for Ecostudies","Vermont Center for Ecostudies","cc by nc 4.0","Vermont Center for Ecostudies"
"Colias eurytheme",1955,8,"00:00:00","1955-08-19T00:00:00","abundance",NA,5,45.55033,-73.758497,"gbif","GBIF","eButterfly Surveys","Vermont Center for Ecostudies","Vermont Center for Ecostudies","cc by nc 4.0","Vermont Center for Ecostudies"
"Colias philodice",1955,8,"00:00:00","1955-08-24T00:00:00","occurrence",NA,1,45.384014,-70.86279,"gbif","GBIF","eButterfly Surveys","Vermont Center for Ecostudies","Vermont Center for Ecostudies","cc by nc 4.0","Vermont Center for Ecostudies"
"Glaucopsyche lygdamus",1955,6,"00:00:00","1955-06-02T00:00:00","occurrence",NA,1,46.813878,-71.207981,"gbif","GBIF","eButterfly Surveys","Vermont Center for Ecostudies","Vermont Center for Ecostudies","cc by nc 4.0","Vermont Center for Ecostudies"
"Polygonia faunus",1955,7,"00:00:00","1955-07-27T00:00:00","occurrence",NA,1,45.384014,-70.86279,"gbif","GBIF","eButterfly Surveys","Vermont Center for Ecostudies","Vermont Center for Ecostudies","cc by nc 4.0","Vermont Center for Ecostudies"
"Speyeria atlantis",1955,8,"00:00:00","1955-08-22T00:00:00","abundance",NA,2,45.742012,-70.694253,"gbif","GBIF","eButterfly Surveys","Vermont Center for Ecostudies","Vermont Center for Ecostudies","cc by nc 4.0","Vermont Center for Ecostudies"
"Boloria selene",1955,8,"00:00:00","1955-08-01T00:00:00","occurrence",NA,1,45.742012,-70.694253,"gbif","GBIF","eButterfly Surveys","Vermont Center for Ecostudies","Vermont Center for Ecostudies","cc by nc 4.0","Vermont Center for Ecostudies"
"Limenitis archippus",1955,8,"00:00:00","1955-08-31T00:00:00","occurrence",NA,1,45.384014,-70.86279,"gbif","GBIF","eButterfly Surveys","Vermont Center for Ecostudies","Vermont Center for Ecostudies","cc by nc 4.0","Vermont Center for Ecostudies"
"Danaus plexippus",1955,1,"00:00:00","1955-01-01T00:00:00","abundance",NA,3,45.5522,-73.7541,"gbif","GBIF","eButterfly Surveys","Vermont Center for Ecostudies","Vermont Center for Ecostudies","cc by nc 4.0","Vermont Center for Ecostudies"
"Vanessa atalanta",1955,1,"00:00:00","1955-01-01T00:00:00","occurrence",NA,1,45.5522,-73.7541,"gbif","GBIF","eButterfly Surveys","Vermont Center for Ecostudies","Vermont Center for Ecostudies","cc by nc 4.0","Vermont Center for Ecostudies"
"Vanessa cardui",1955,8,"00:00:00","1955-08-12T00:00:00","occurrence",NA,1,45.5522,-73.7541,"gbif","GBIF","eButterfly Surveys","Vermont Center for Ecostudies","Vermont Center for Ecostudies","cc by nc 4.0","Vermont Center for Ecostudies"
"Ancyloxypha numitor",1955,7,"00:00:00","1955-07-25T00:00:00","occurrence",NA,1,45.5522,-73.7541,"gbif","GBIF","eButterfly Surveys","Vermont Center for Ecostudies","Vermont Center for Ecostudies","cc by nc 4.0","Vermont Center for Ecostudies"
"Carterocephalus palaemon",1955,6,"00:00:00","1955-06-05T00:00:00","occurrence",NA,1,46.76,-71.2802,"gbif","GBIF","eButterfly Surveys","Vermont Center for Ecostudies","Vermont Center for Ecostudies","cc by nc 4.0","Vermont Center for Ecostudies"
"Epargyreus clarus",1955,6,"00:00:00","1955-06-28T00:00:00","occurrence",NA,1,45.5333,-73.8167,"gbif","GBIF","Canadian National Collection (CNC) of Insects, Arachnids and Nematodes","Canadian Biodiversity Information Facility","Canadian Biodiversity Information Facility","cc by 4.0","Canadian Biodiversity Information Facility"
"Phyciodes cocyta",1955,6,"00:00:00","1955-06-28T00:00:00","occurrence",NA,1,45.5333,-73.8167,"gbif","GBIF","Canadian National Collection (CNC) of Insects, Arachnids and Nematodes","Canadian Biodiversity Information Facility","Canadian Biodiversity Information Facility","cc by 4.0","Canadian Biodiversity Information Facility"
"Phyciodes cocyta",1955,8,"00:00:00","1955-08-28T00:00:00","occurrence",NA,1,45.5333,-73.8167,"gbif","GBIF","Canadian National Collection (CNC) of Insects, Arachnids and Nematodes","Canadian Biodiversity Information Facility","Canadian Biodiversity Information Facility","cc by 4.0","Canadian Biodiversity Information Facility"
"Phyciodes cocyta",1955,6,"00:00:00","1955-06-28T00:00:00","occurrence",NA,1,45.5333,-73.8167,"gbif","GBIF","Canadian National Collection (CNC) of Insects, Arachnids and Nematodes","Canadian Biodiversity Information Facility","Canadian Biodiversity Information Facility","cc by 4.0","Canadian Biodiversity Information Facility"
"Erynnis lucilius",1955,7,"00:00:00","1955-07-08T00:00:00","occurrence",NA,1,45.4333,-75.9,"gbif","GBIF","Canadian National Collection (CNC) of Insects, Arachnids and Nematodes","Canadian Biodiversity Information Facility","Canadian Biodiversity Information Facility","cc by 4.0","Canadian Biodiversity Information Facility"
"Enodia anthedon",1955,7,"00:00:00","1955-07-11T00:00:00","occurrence",NA,1,45.5333,-76.0167,"gbif","GBIF","Canadian National Collection (CNC) of Insects, Arachnids and Nematodes","Canadian Biodiversity Information Facility","Canadian Biodiversity Information Facility","cc by 4.0","Canadian Biodiversity Information Facility"
"Megisto cymela",1955,6,"00:00:00","1955-06-07T00:00:00","occurrence",NA,1,45.55,-76.1667,"gbif","GBIF","Canadian National Collection (CNC) of Insects, Arachnids and Nematodes","Canadian Biodiversity Information Facility","Canadian Biodiversity Information Facility","cc by 4.0","Canadian Biodiversity Information Facility"
"Megisto cymela",1955,6,"00:00:00","1955-06-07T00:00:00","occurrence",NA,1,45.55,-76.1667,"gbif","GBIF","Canadian National Collection (CNC) of Insects, Arachnids and Nematodes","Canadian Biodiversity Information Facility","Canadian Biodiversity Information Facility","cc by 4.0","Canadian Biodiversity Information Facility"
"Megisto cymela",1955,6,"00:00:00","1955-06-07T00:00:00","occurrence",NA,1,45.55,-76.1667,"gbif","GBIF","Canadian National Collection (CNC) of Insects, Arachnids and Nematodes","Canadian Biodiversity Information Facility","Canadian Biodiversity Information Facility","cc by 4.0","Canadian Biodiversity Information Facility"
"Megisto cymela",1955,6,"00:00:00","1955-06-07T00:00:00","occurrence",NA,1,45.55,-76.1667,"gbif","GBIF","Canadian National Collection (CNC) of Insects, Arachnids and Nematodes","Canadian Biodiversity Information Facility","Canadian Biodiversity Information Facility","cc by 4.0","Canadian Biodiversity Information Facility"
"Megisto cymela",1955,6,"00:00:00","1955-06-07T00:00:00","occurrence",NA,1,45.55,-76.1667,"gbif","GBIF","Canadian National Collection (CNC) of Insects, Arachnids and Nematodes","Canadian Biodiversity Information Facility","Canadian Biodiversity Information Facility","cc by 4.0","Canadian Biodiversity Information Facility"
"Megisto cymela",1955,6,"00:00:00","1955-06-07T00:00:00","occurrence",NA,1,45.55,-76.1667,"gbif","GBIF","Canadian National Collection (CNC) of Insects, Arachnids and Nematodes","Canadian Biodiversity Information Facility","Canadian Biodiversity Information Facility","cc by 4.0","Canadian Biodiversity Information Facility"
"Satyrium acadica",1955,7,"00:00:00","1955-07-11T00:00:00","occurrence",NA,1,45.5333,-76.0167,"gbif","GBIF","Canadian National Collection (CNC) of Insects, Arachnids and Nematodes","Canadian Biodiversity Information Facility","Canadian Biodiversity Information Facility","cc by 4.0","Canadian Biodiversity Information Facility"
"Colias philodice",1955,8,"00:00:00","1955-08-28T00:00:00","occurrence",NA,1,45.5333,-73.8167,"gbif","GBIF","Canadian National Collection (CNC) of Insects, Arachnids and Nematodes","Canadian Biodiversity Information Facility","Canadian Biodiversity Information Facility","cc by 4.0","Canadian Biodiversity Information Facility"
"Celastrina ladon",1955,5,"00:00:00","1955-05-15T00:00:00","occurrence",NA,1,45.5333,-73.8167,"gbif","GBIF","Canadian National Collection (CNC) of Insects, Arachnids and Nematodes","Canadian Biodiversity Information Facility","Canadian Biodiversity Information Facility","cc by 4.0","Canadian Biodiversity Information Facility"
"Polygonia gracilis",1955,8,"00:00:00","1955-08-29T00:00:00","occurrence",NA,1,47.55,-71.25,"gbif","GBIF","Canadian National Collection (CNC) of Insects, Arachnids and Nematodes","Canadian Biodiversity Information Facility","Canadian Biodiversity Information Facility","cc by 4.0","Canadian Biodiversity Information Facility"
"Euphyes vestris",1955,7,"","1955-07-07","presence",NA,1,49.3246,-96.2932,"ebutterfly","Maxim Larrivée, Jeremy Kerr, Kent McFarland and Katy Prudic","eButterfly","ebutterfly","eButterfly","","eButterfly"
"Phyciodes phaon",1955,7,"","1955-07-10","presence",NA,1,26.4615,-80.0728,"ebutterfly","Maxim Larrivée, Jeremy Kerr, Kent McFarland and Katy Prudic","eButterfly","ebutterfly","eButterfly","","eButterfly"
"Anartia jatrophae",1955,7,"","1955-07-10","presence",NA,1,26.4615,-80.0728,"ebutterfly","Maxim Larrivée, Jeremy Kerr, Kent McFarland and Katy Prudic","eButterfly","ebutterfly","eButterfly","","eButterfly"
"Danaus gilippus",1955,7,"","1955-07-10","presence",NA,1,26.4615,-80.0728,"ebutterfly","Maxim Larrivée, Jeremy Kerr, Kent McFarland and Katy Prudic","eButterfly","ebutterfly","eButterfly","","eButterfly"
"Heliconius charithonia",1955,7,"","1955-07-10","presence",NA,1,26.4615,-80.0728,"ebutterfly","Maxim Larrivée, Jeremy Kerr, Kent McFarland and Katy Prudic","eButterfly","ebutterfly","eButterfly","","eButterfly"
"Agraulis vanillae",1955,7,"","1955-07-22","presence",NA,1,25.0768,-80.4603,"ebutterfly","Maxim Larrivée, Jeremy Kerr, Kent McFarland and Katy Prudic","eButterfly","ebutterfly","eButterfly","","eButterfly"
"Nathalis iole",1955,7,"","1955-07-10","presence",NA,1,26.4615,-80.0728,"ebutterfly","Maxim Larrivée, Jeremy Kerr, Kent McFarland and Katy Prudic","eButterfly","ebutterfly","eButterfly","","eButterfly"
"Phoebis sennae",1955,7,"","1955-07-10","presence",NA,1,26.4615,-80.0728,"ebutterfly","Maxim Larrivée, Jeremy Kerr, Kent McFarland and Katy Prudic","eButterfly","ebutterfly","eButterfly","","eButterfly"
"Euphyes vestris",1955,7,"","1955-07-03","presence",NA,1,49.8856,-96.4537,"ebutterfly","Maxim Larrivée, Jeremy Kerr, Kent McFarland and Katy Prudic","eButterfly","ebutterfly","eButterfly","","eButterfly"
"Boloria bellona",1955,7,"","1955-07-19","presence",NA,1,39.4648,-76.7337,"ebutterfly","Maxim Larrivée, Jeremy Kerr, Kent McFarland and Katy Prudic","eButterfly","ebutterfly","eButterfly","","eButterfly"
"Thymelicus lineola",1955,6,"","1955-06-26","presence",NA,1,43.5516,-79.5856,"ebutterfly","Maxim Larrivée, Jeremy Kerr, Kent McFarland and Katy Prudic","eButterfly","ebutterfly","eButterfly","","eButterfly"
"Pontia occidentalis",1955,7,"","1955-07-24","presence",NA,1,68.17,-137,"ebutterfly","Maxim Larrivée, Jeremy Kerr, Kent McFarland and Katy Prudic","eButterfly","ebutterfly","eButterfly","","eButterfly"
