"observed_scientific_name","year_obs","day_obs","time_obs","dwc_event_date","obs_variable","obs_unit","obs_value","lat","lon","original_source","creator","title","publisher","intellectual_rights","license","owner"
"Coenonympha inornata",1959,6,"00:00:00","1959-06-23T00:00:00","presence",NA,1,46.375,-74.5069,"ebutterfly","Maxim Larrivée, Jeremy Kerr, Kent McFarland and Katy Prudic","eButterfly","ebutterfly","eButterfly","","eButterfly"
"Erynnis icelus",1959,6,"00:00:00","1959-06-03T00:00:00","presence",NA,1,46.375,-74.5069,"ebutterfly","Maxim Larrivée, Jeremy Kerr, Kent McFarland and Katy Prudic","eButterfly","ebutterfly","eButterfly","","eButterfly"
"Erynnis icelus",1959,6,"00:00:00","1959-06-26T00:00:00","presence",NA,1,46.375,-74.5069,"ebutterfly","Maxim Larrivée, Jeremy Kerr, Kent McFarland and Katy Prudic","eButterfly","ebutterfly","eButterfly","","eButterfly"
"Pieris rapae",1959,7,"00:00:00","1959-07-08T00:00:00","presence",NA,1,46.375,-74.5069,"ebutterfly","Maxim Larrivée, Jeremy Kerr, Kent McFarland and Katy Prudic","eButterfly","ebutterfly","eButterfly","","eButterfly"
"Limenitis arthemis",1959,7,"00:00:00","1959-07-25T00:00:00","presence",NA,1,46.375,-74.5069,"ebutterfly","Maxim Larrivée, Jeremy Kerr, Kent McFarland and Katy Prudic","eButterfly","ebutterfly","eButterfly","","eButterfly"
"Limenitis arthemis",1959,6,"00:00:00","1959-06-29T00:00:00","presence",NA,1,46.375,-74.5069,"ebutterfly","Maxim Larrivée, Jeremy Kerr, Kent McFarland and Katy Prudic","eButterfly","ebutterfly","eButterfly","","eButterfly"
"Limenitis arthemis",1959,7,"00:00:00","1959-07-10T00:00:00","presence",NA,1,46.375,-74.5069,"ebutterfly","Maxim Larrivée, Jeremy Kerr, Kent McFarland and Katy Prudic","eButterfly","ebutterfly","eButterfly","","eButterfly"
"Limenitis arthemis",1959,6,"00:00:00","1959-06-26T00:00:00","presence",NA,1,46.375,-74.5069,"ebutterfly","Maxim Larrivée, Jeremy Kerr, Kent McFarland and Katy Prudic","eButterfly","ebutterfly","eButterfly","","eButterfly"
"Limenitis arthemis",1959,6,"00:00:00","1959-06-23T00:00:00","presence",NA,1,46.375,-74.5069,"ebutterfly","Maxim Larrivée, Jeremy Kerr, Kent McFarland and Katy Prudic","eButterfly","ebutterfly","eButterfly","","eButterfly"
"Glaucopsyche lygdamus",1959,6,"00:00:00","1959-06-19T00:00:00","presence",NA,1,46.375,-74.5069,"ebutterfly","Maxim Larrivée, Jeremy Kerr, Kent McFarland and Katy Prudic","eButterfly","ebutterfly","eButterfly","","eButterfly"
"Danaus plexippus",1959,8,"00:00:00","1959-08-22T00:00:00","presence",NA,1,46.3906,-75.0296,"ebutterfly","Maxim Larrivée, Jeremy Kerr, Kent McFarland and Katy Prudic","eButterfly","ebutterfly","eButterfly","","eButterfly"
"Lethe anthedon",1959,6,"00:00:00","1959-06-28T00:00:00","presence",NA,1,45.7754,-74.0049,"ebutterfly","Maxim Larrivée, Jeremy Kerr, Kent McFarland and Katy Prudic","eButterfly","ebutterfly","eButterfly","","eButterfly"
"Lethe eurydice",1959,6,"00:00:00","1959-06-26T00:00:00","presence",NA,1,45.7754,-74.0049,"ebutterfly","Maxim Larrivée, Jeremy Kerr, Kent McFarland and Katy Prudic","eButterfly","ebutterfly","eButterfly","","eButterfly"
"Celastrina lucia",1959,5,"00:00:00","1959-05-29T00:00:00","presence",NA,1,46.375,-74.5069,"ebutterfly","Maxim Larrivée, Jeremy Kerr, Kent McFarland and Katy Prudic","eButterfly","ebutterfly","eButterfly","","eButterfly"
"Celastrina lucia",1959,6,"00:00:00","1959-06-11T00:00:00","presence",NA,1,46.375,-74.5069,"ebutterfly","Maxim Larrivée, Jeremy Kerr, Kent McFarland and Katy Prudic","eButterfly","ebutterfly","eButterfly","","eButterfly"
"Euphydryas phaeton",1959,7,"00:00:00","1959-07-05T00:00:00","presence",NA,1,46.375,-74.5069,"ebutterfly","Maxim Larrivée, Jeremy Kerr, Kent McFarland and Katy Prudic","eButterfly","ebutterfly","eButterfly","","eButterfly"
"Euphydryas phaeton",1959,7,"00:00:00","1959-07-08T00:00:00","presence",NA,1,46.375,-74.5069,"ebutterfly","Maxim Larrivée, Jeremy Kerr, Kent McFarland and Katy Prudic","eButterfly","ebutterfly","eButterfly","","eButterfly"
"Polygonia comma",1959,8,"00:00:00","1959-08-28T00:00:00","presence",NA,1,46.3906,-75.0296,"ebutterfly","Maxim Larrivée, Jeremy Kerr, Kent McFarland and Katy Prudic","eButterfly","ebutterfly","eButterfly","","eButterfly"
"Vanessa atalanta",1959,6,"00:00:00","1959-06-23T00:00:00","presence",NA,1,46.375,-74.5069,"ebutterfly","Maxim Larrivée, Jeremy Kerr, Kent McFarland and Katy Prudic","eButterfly","ebutterfly","eButterfly","","eButterfly"
"Polites peckius",1959,7,"00:00:00","1959-07-25T00:00:00","presence",NA,1,46.2601,-73.6942,"ebutterfly","Maxim Larrivée, Jeremy Kerr, Kent McFarland and Katy Prudic","eButterfly","ebutterfly","eButterfly","","eButterfly"
"Polites peckius",1959,7,"00:00:00","1959-07-12T00:00:00","presence",NA,1,46.375,-74.5069,"ebutterfly","Maxim Larrivée, Jeremy Kerr, Kent McFarland and Katy Prudic","eButterfly","ebutterfly","eButterfly","","eButterfly"
"Polites peckius",1959,7,"00:00:00","1959-07-14T00:00:00","presence",NA,1,46.375,-74.5069,"ebutterfly","Maxim Larrivée, Jeremy Kerr, Kent McFarland and Katy Prudic","eButterfly","ebutterfly","eButterfly","","eButterfly"
"Lycaena phlaeas",1959,7,"00:00:00","1959-07-25T00:00:00","presence",NA,1,46.2601,-73.6942,"ebutterfly","Maxim Larrivée, Jeremy Kerr, Kent McFarland and Katy Prudic","eButterfly","ebutterfly","eButterfly","","eButterfly"
"Limenitis arthemis",1959,6,"00:00:00","1959-06-26T00:00:00","presence",NA,1,46.375,-74.5069,"ebutterfly","Maxim Larrivée, Jeremy Kerr, Kent McFarland and Katy Prudic","eButterfly","ebutterfly","eButterfly","","eButterfly"
"Polygonia gracilis",1959,7,"00:00:00","1959-07-25T00:00:00","presence",NA,1,46.2601,-73.6942,"ebutterfly","Maxim Larrivée, Jeremy Kerr, Kent McFarland and Katy Prudic","eButterfly","ebutterfly","eButterfly","","eButterfly"
"Celastrina neglecta",1959,7,"00:00:00","1959-07-26T00:00:00","presence",NA,1,45.5017,-73.5673,"ebutterfly","Maxim Larrivée, Jeremy Kerr, Kent McFarland and Katy Prudic","eButterfly","ebutterfly","eButterfly","","eButterfly"
"Polites mystic",1959,6,"00:00:00","1959-06-26T00:00:00","presence",NA,1,45.7754,-74.0049,"ebutterfly","Maxim Larrivée, Jeremy Kerr, Kent McFarland and Katy Prudic","eButterfly","ebutterfly","eButterfly","","eButterfly"
"Carterocephalus palaemon",1959,6,"00:00:00","1959-06-18T00:00:00","presence",NA,1,46.375,-74.5069,"ebutterfly","Maxim Larrivée, Jeremy Kerr, Kent McFarland and Katy Prudic","eButterfly","ebutterfly","eButterfly","","eButterfly"
"Ancyloxypha numitor",1959,8,"","1959-08-23","presence",NA,1,45.3933,-73.9551,"ebutterfly","Maxim Larrivée, Jeremy Kerr, Kent McFarland and Katy Prudic","eButterfly","ebutterfly","eButterfly","","eButterfly"
"Ancyloxypha numitor",1959,8,"","1959-08-22","presence",NA,1,45.3933,-73.9551,"ebutterfly","Maxim Larrivée, Jeremy Kerr, Kent McFarland and Katy Prudic","eButterfly","ebutterfly","eButterfly","","eButterfly"
"Epargyreus clarus",1959,7,"","1959-07-09","presence",NA,1,45.4954,-74.0284,"ebutterfly","Maxim Larrivée, Jeremy Kerr, Kent McFarland and Katy Prudic","eButterfly","ebutterfly","eButterfly","","eButterfly"
"Polygonia progne",1959,7,"","1959-07-11","presence",NA,1,47.2007,-69.6847,"ebutterfly","Maxim Larrivée, Jeremy Kerr, Kent McFarland and Katy Prudic","eButterfly","ebutterfly","eButterfly","","eButterfly"
"Plebejus idas",1959,7,"","1959-07-11","presence",NA,1,47.1609,-70.3155,"ebutterfly","Maxim Larrivée, Jeremy Kerr, Kent McFarland and Katy Prudic","eButterfly","ebutterfly","eButterfly","","eButterfly"
"Cupido comyntas",1959,8,"","1959-08-29","presence",NA,1,46.5872,-71.2112,"ebutterfly","Maxim Larrivée, Jeremy Kerr, Kent McFarland and Katy Prudic","eButterfly","ebutterfly","eButterfly","","eButterfly"
"Amblyscirtes hegon",1959,7,"","1959-07-07","presence",NA,1,46.7938,-71.3519,"ebutterfly","Maxim Larrivée, Jeremy Kerr, Kent McFarland and Katy Prudic","eButterfly","ebutterfly","eButterfly","","eButterfly"
"Euphyes vestris",1959,7,"","1959-07-07","presence",NA,1,46.2483,-72.0022,"ebutterfly","Maxim Larrivée, Jeremy Kerr, Kent McFarland and Katy Prudic","eButterfly","ebutterfly","eButterfly","","eButterfly"
"Coenonympha inornata",1959,5,"","1959-05-31","presence",NA,1,45.9931,-73.2985,"ebutterfly","Maxim Larrivée, Jeremy Kerr, Kent McFarland and Katy Prudic","eButterfly","ebutterfly","eButterfly","","eButterfly"
"Pieris rapae",1959,7,"","1959-07-12","presence",NA,1,46.8665,-71.6399,"ebutterfly","Maxim Larrivée, Jeremy Kerr, Kent McFarland and Katy Prudic","eButterfly","ebutterfly","eButterfly","","eButterfly"
"Chlosyne nycteis",1959,6,"","1959-06-25","presence",NA,1,48.1095,-75.3605,"ebutterfly","Maxim Larrivée, Jeremy Kerr, Kent McFarland and Katy Prudic","eButterfly","ebutterfly","eButterfly","","eButterfly"
"Speyeria cybele",1959,7,"","1959-07-09","presence",NA,1,46.65,-71.5667,"ebutterfly","Maxim Larrivée, Jeremy Kerr, Kent McFarland and Katy Prudic","eButterfly","ebutterfly","eButterfly","","eButterfly"
"Celastrina lucia",1959,7,"","1959-07-11","presence",NA,1,46.7146,-71.2605,"ebutterfly","Maxim Larrivée, Jeremy Kerr, Kent McFarland and Katy Prudic","eButterfly","ebutterfly","eButterfly","","eButterfly"
"Glaucopsyche lygdamus",1959,7,"","1959-07-11","presence",NA,1,46.3704,-71.8831,"ebutterfly","Maxim Larrivée, Jeremy Kerr, Kent McFarland and Katy Prudic","eButterfly","ebutterfly","eButterfly","","eButterfly"
"Amblyscirtes hegon",1959,6,"","1959-06-15","presence",NA,1,46.6136,-71.5124,"ebutterfly","Maxim Larrivée, Jeremy Kerr, Kent McFarland and Katy Prudic","eButterfly","ebutterfly","eButterfly","","eButterfly"
"Carterocephalus palaemon",1959,7,"00:00:00","1959-07-04T00:00:00","presence",NA,1,46.375,-74.5069,"ebutterfly","Maxim Larrivée, Jeremy Kerr, Kent McFarland and Katy Prudic","eButterfly","ebutterfly","eButterfly","","eButterfly"
"Carterocephalus palaemon",1959,6,"00:00:00","1959-06-04T00:00:00","presence",NA,1,46.375,-74.5069,"ebutterfly","Maxim Larrivée, Jeremy Kerr, Kent McFarland and Katy Prudic","eButterfly","ebutterfly","eButterfly","","eButterfly"
"Carterocephalus palaemon",1959,6,"00:00:00","1959-06-25T00:00:00","presence",NA,1,46.375,-74.5069,"ebutterfly","Maxim Larrivée, Jeremy Kerr, Kent McFarland and Katy Prudic","eButterfly","ebutterfly","eButterfly","","eButterfly"
"Carterocephalus palaemon",1959,6,"00:00:00","1959-06-11T00:00:00","presence",NA,1,46.375,-74.5069,"ebutterfly","Maxim Larrivée, Jeremy Kerr, Kent McFarland and Katy Prudic","eButterfly","ebutterfly","eButterfly","","eButterfly"
"Carterocephalus palaemon",1959,6,"00:00:00","1959-06-20T00:00:00","presence",NA,1,46.375,-74.5069,"ebutterfly","Maxim Larrivée, Jeremy Kerr, Kent McFarland and Katy Prudic","eButterfly","ebutterfly","eButterfly","","eButterfly"
"Papilio canadensis",1959,6,"00:00:00","1959-06-03T00:00:00","presence",NA,1,46.375,-74.5069,"ebutterfly","Maxim Larrivée, Jeremy Kerr, Kent McFarland and Katy Prudic","eButterfly","ebutterfly","eButterfly","","eButterfly"
"Papilio canadensis",1959,5,"00:00:00","1959-05-27T00:00:00","presence",NA,1,46.375,-74.5069,"ebutterfly","Maxim Larrivée, Jeremy Kerr, Kent McFarland and Katy Prudic","eButterfly","ebutterfly","eButterfly","","eButterfly"
"Papilio canadensis",1959,5,"00:00:00","1959-05-28T00:00:00","presence",NA,1,46.375,-74.5069,"ebutterfly","Maxim Larrivée, Jeremy Kerr, Kent McFarland and Katy Prudic","eButterfly","ebutterfly","eButterfly","","eButterfly"
"Papilio canadensis",1959,6,"00:00:00","1959-06-26T00:00:00","presence",NA,1,46.375,-74.5069,"ebutterfly","Maxim Larrivée, Jeremy Kerr, Kent McFarland and Katy Prudic","eButterfly","ebutterfly","eButterfly","","eButterfly"
"Phyciodes cocyta",1959,6,"00:00:00","1959-06-26T00:00:00","presence",NA,1,45.7754,-74.0049,"ebutterfly","Maxim Larrivée, Jeremy Kerr, Kent McFarland and Katy Prudic","eButterfly","ebutterfly","eButterfly","","eButterfly"
"Speyeria atlantis",1959,6,"00:00:00","1959-06-26T00:00:00","presence",NA,1,46.375,-74.5069,"ebutterfly","Maxim Larrivée, Jeremy Kerr, Kent McFarland and Katy Prudic","eButterfly","ebutterfly","eButterfly","","eButterfly"
"Chlosyne harrisii",1959,6,"00:00:00","1959-06-27T00:00:00","presence",NA,1,45.7754,-74.0049,"ebutterfly","Maxim Larrivée, Jeremy Kerr, Kent McFarland and Katy Prudic","eButterfly","ebutterfly","eButterfly","","eButterfly"
"Polygonia faunus",1959,5,"00:00:00","1959-05-31T00:00:00","presence",NA,1,46.375,-74.5069,"ebutterfly","Maxim Larrivée, Jeremy Kerr, Kent McFarland and Katy Prudic","eButterfly","ebutterfly","eButterfly","","eButterfly"
"Polygonia faunus",1959,5,"00:00:00","1959-05-28T00:00:00","presence",NA,1,46.375,-74.5069,"ebutterfly","Maxim Larrivée, Jeremy Kerr, Kent McFarland and Katy Prudic","eButterfly","ebutterfly","eButterfly","","eButterfly"
"Polygonia faunus",1959,8,"00:00:00","1959-08-26T00:00:00","presence",NA,1,46.3906,-75.0296,"ebutterfly","Maxim Larrivée, Jeremy Kerr, Kent McFarland and Katy Prudic","eButterfly","ebutterfly","eButterfly","","eButterfly"
"Polygonia faunus",1959,6,"00:00:00","1959-06-03T00:00:00","presence",NA,1,46.375,-74.5069,"ebutterfly","Maxim Larrivée, Jeremy Kerr, Kent McFarland and Katy Prudic","eButterfly","ebutterfly","eButterfly","","eButterfly"
"Polygonia faunus",1959,7,"00:00:00","1959-07-25T00:00:00","presence",NA,1,46.2601,-73.6942,"ebutterfly","Maxim Larrivée, Jeremy Kerr, Kent McFarland and Katy Prudic","eButterfly","ebutterfly","eButterfly","","eButterfly"
"Polygonia faunus",1959,6,"00:00:00","1959-06-20T00:00:00","presence",NA,1,46.375,-74.5069,"ebutterfly","Maxim Larrivée, Jeremy Kerr, Kent McFarland and Katy Prudic","eButterfly","ebutterfly","eButterfly","","eButterfly"
"Colias interior",1959,6,"00:00:00","1959-06-12T00:00:00","presence",NA,1,46.375,-74.5069,"ebutterfly","Maxim Larrivée, Jeremy Kerr, Kent McFarland and Katy Prudic","eButterfly","ebutterfly","eButterfly","","eButterfly"
"Colias interior",1959,7,"00:00:00","1959-07-25T00:00:00","presence",NA,1,46.2601,-73.6942,"ebutterfly","Maxim Larrivée, Jeremy Kerr, Kent McFarland and Katy Prudic","eButterfly","ebutterfly","eButterfly","","eButterfly"
"Pieris oleracea",1959,5,"00:00:00","1959-05-28T00:00:00","presence",NA,1,46.375,-74.5069,"ebutterfly","Maxim Larrivée, Jeremy Kerr, Kent McFarland and Katy Prudic","eButterfly","ebutterfly","eButterfly","","eButterfly"
"Pieris oleracea",1959,7,"00:00:00","1959-07-13T00:00:00","presence",NA,1,46.375,-74.5069,"ebutterfly","Maxim Larrivée, Jeremy Kerr, Kent McFarland and Katy Prudic","eButterfly","ebutterfly","eButterfly","","eButterfly"
"Pieris oleracea",1959,6,"00:00:00","1959-06-19T00:00:00","presence",NA,1,46.375,-74.5069,"ebutterfly","Maxim Larrivée, Jeremy Kerr, Kent McFarland and Katy Prudic","eButterfly","ebutterfly","eButterfly","","eButterfly"
"Pieris oleracea",1959,6,"00:00:00","1959-06-02T00:00:00","presence",NA,1,46.375,-74.5069,"ebutterfly","Maxim Larrivée, Jeremy Kerr, Kent McFarland and Katy Prudic","eButterfly","ebutterfly","eButterfly","","eButterfly"
"Celastrina lucia",1959,6,"00:00:00","1959-06-12T00:00:00","presence",NA,1,46.375,-74.5069,"ebutterfly","Maxim Larrivée, Jeremy Kerr, Kent McFarland and Katy Prudic","eButterfly","ebutterfly","eButterfly","","eButterfly"
"Boloria eunomia",1959,6,"00:00:00","1959-06-05T00:00:00","presence",NA,1,46.375,-74.5069,"ebutterfly","Maxim Larrivée, Jeremy Kerr, Kent McFarland and Katy Prudic","eButterfly","ebutterfly","eButterfly","","eButterfly"
"Papilio canadensis",1959,6,"00:00:00","1959-06-20T00:00:00","presence",NA,1,46.375,-74.5069,"ebutterfly","Maxim Larrivée, Jeremy Kerr, Kent McFarland and Katy Prudic","eButterfly","ebutterfly","eButterfly","","eButterfly"
"Speyeria atlantis",1959,7,"00:00:00","1959-07-05T00:00:00","presence",NA,1,46.375,-74.5069,"ebutterfly","Maxim Larrivée, Jeremy Kerr, Kent McFarland and Katy Prudic","eButterfly","ebutterfly","eButterfly","","eButterfly"
"Phyciodes cocyta",1959,6,"00:00:00","1959-06-23T00:00:00","presence",NA,1,46.375,-74.5069,"ebutterfly","Maxim Larrivée, Jeremy Kerr, Kent McFarland and Katy Prudic","eButterfly","ebutterfly","eButterfly","","eButterfly"
"Poanes hobomok",1959,5,"00:00:00","1959-05-31T00:00:00","presence",NA,1,46.375,-74.5069,"ebutterfly","Maxim Larrivée, Jeremy Kerr, Kent McFarland and Katy Prudic","eButterfly","ebutterfly","eButterfly","","eButterfly"
"Poanes hobomok",1959,6,"00:00:00","1959-06-23T00:00:00","presence",NA,1,46.375,-74.5069,"ebutterfly","Maxim Larrivée, Jeremy Kerr, Kent McFarland and Katy Prudic","eButterfly","ebutterfly","eButterfly","","eButterfly"
"Polygonia interrogationis",1959,8,"00:00:00","1959-08-19T00:00:00","presence",NA,1,45.4792,-74.3023,"ebutterfly","Maxim Larrivée, Jeremy Kerr, Kent McFarland and Katy Prudic","eButterfly","ebutterfly","eButterfly","","eButterfly"
"Glaucopsyche lygdamus",1959,6,"00:00:00","1959-06-19T00:00:00","occurrence",NA,1,46.375039,-74.506946,"gbif","GBIF","eButterfly Surveys","Vermont Center for Ecostudies","Vermont Center for Ecostudies","cc by nc 4.0","Vermont Center for Ecostudies"
"Polygonia comma",1959,8,"00:00:00","1959-08-28T00:00:00","occurrence",NA,1,46.39059,-75.029563,"gbif","GBIF","eButterfly Surveys","Vermont Center for Ecostudies","Vermont Center for Ecostudies","cc by nc 4.0","Vermont Center for Ecostudies"
"Polygonia faunus",1959,6,"00:00:00","1959-06-20T00:00:00","occurrence",NA,1,46.375039,-74.506946,"gbif","GBIF","eButterfly Surveys","Vermont Center for Ecostudies","Vermont Center for Ecostudies","cc by nc 4.0","Vermont Center for Ecostudies"
"Polygonia gracilis",1959,7,"00:00:00","1959-07-25T00:00:00","occurrence",NA,1,46.260125,-73.694209,"gbif","GBIF","eButterfly Surveys","Vermont Center for Ecostudies","Vermont Center for Ecostudies","cc by nc 4.0","Vermont Center for Ecostudies"
"Papilio canadensis",1959,6,"00:00:00","1959-06-26T00:00:00","abundance",NA,3,46.375039,-74.506946,"gbif","GBIF","eButterfly Surveys","Vermont Center for Ecostudies","Vermont Center for Ecostudies","cc by nc 4.0","Vermont Center for Ecostudies"
"Celastrina lucia",1959,6,"00:00:00","1959-06-11T00:00:00","occurrence",NA,1,46.375039,-74.506946,"gbif","GBIF","eButterfly Surveys","Vermont Center for Ecostudies","Vermont Center for Ecostudies","cc by nc 4.0","Vermont Center for Ecostudies"
"Boloria selene",1959,6,"00:00:00","1959-06-19T00:00:00","abundance",NA,2,46.375039,-74.506946,"gbif","GBIF","eButterfly Surveys","Vermont Center for Ecostudies","Vermont Center for Ecostudies","cc by nc 4.0","Vermont Center for Ecostudies"
"Boloria selene",1959,8,"00:00:00","1959-08-22T00:00:00","occurrence",NA,1,46.39059,-75.029563,"gbif","GBIF","eButterfly Surveys","Vermont Center for Ecostudies","Vermont Center for Ecostudies","cc by nc 4.0","Vermont Center for Ecostudies"
"Phyciodes cocyta",1959,6,"00:00:00","1959-06-26T00:00:00","abundance",NA,3,45.775357,-74.004948,"gbif","GBIF","eButterfly Surveys","Vermont Center for Ecostudies","Vermont Center for Ecostudies","cc by nc 4.0","Vermont Center for Ecostudies"
"Boloria eunomia",1959,6,"00:00:00","1959-06-05T00:00:00","occurrence",NA,1,46.375039,-74.506946,"gbif","GBIF","eButterfly Surveys","Vermont Center for Ecostudies","Vermont Center for Ecostudies","cc by nc 4.0","Vermont Center for Ecostudies"
"Lethe eurydice",1959,6,"00:00:00","1959-06-26T00:00:00","occurrence",NA,1,45.775357,-74.004948,"gbif","GBIF","eButterfly Surveys","Vermont Center for Ecostudies","Vermont Center for Ecostudies","cc by nc 4.0","Vermont Center for Ecostudies"
"Coenonympha tullia",1959,6,"00:00:00","1959-06-23T00:00:00","abundance",NA,3,46.375039,-74.506946,"gbif","GBIF","eButterfly Surveys","Vermont Center for Ecostudies","Vermont Center for Ecostudies","cc by nc 4.0","Vermont Center for Ecostudies"
"Polygonia progne",1959,7,"00:00:00","1959-07-11T00:00:00","occurrence",NA,1,47.181815,-70.217071,"gbif","GBIF","eButterfly Surveys","Vermont Center for Ecostudies","Vermont Center for Ecostudies","cc by nc 4.0","Vermont Center for Ecostudies"
"Nymphalis l-album",1959,8,"00:00:00","1959-08-21T00:00:00","occurrence",NA,1,46.39059,-75.029563,"gbif","GBIF","eButterfly Surveys","Vermont Center for Ecostudies","Vermont Center for Ecostudies","cc by nc 4.0","Vermont Center for Ecostudies"
"Erynnis icelus",1959,6,"00:00:00","1959-06-03T00:00:00","occurrence",NA,1,46.375039,-74.506946,"gbif","GBIF","eButterfly Surveys","Vermont Center for Ecostudies","Vermont Center for Ecostudies","cc by nc 4.0","Vermont Center for Ecostudies"
"Carterocephalus palaemon",1959,6,"00:00:00","1959-06-25T00:00:00","occurrence",NA,1,46.375039,-74.506946,"gbif","GBIF","eButterfly Surveys","Vermont Center for Ecostudies","Vermont Center for Ecostudies","cc by nc 4.0","Vermont Center for Ecostudies"
"Pieris oleracea",1959,6,"00:00:00","1959-06-02T00:00:00","abundance",NA,2,46.375039,-74.506946,"gbif","GBIF","eButterfly Surveys","Vermont Center for Ecostudies","Vermont Center for Ecostudies","cc by nc 4.0","Vermont Center for Ecostudies"
"Boloria selene",1959,6,"00:00:00","1959-06-26T00:00:00","abundance",NA,4,46.375039,-74.506946,"gbif","GBIF","eButterfly Surveys","Vermont Center for Ecostudies","Vermont Center for Ecostudies","cc by nc 4.0","Vermont Center for Ecostudies"
"Boloria selene",1959,6,"00:00:00","1959-06-08T00:00:00","occurrence",NA,1,46.375039,-74.506946,"gbif","GBIF","eButterfly Surveys","Vermont Center for Ecostudies","Vermont Center for Ecostudies","cc by nc 4.0","Vermont Center for Ecostudies"
"Amblyscirtes vialis",1959,7,"00:00:00","1959-07-07T00:00:00","occurrence",NA,1,46.7829,-71.286,"gbif","GBIF","eButterfly Surveys","Vermont Center for Ecostudies","Vermont Center for Ecostudies","cc by nc 4.0","Vermont Center for Ecostudies"
"Polygonia faunus",1959,7,"00:00:00","1959-07-25T00:00:00","abundance",NA,3,46.260125,-73.694209,"gbif","GBIF","eButterfly Surveys","Vermont Center for Ecostudies","Vermont Center for Ecostudies","cc by nc 4.0","Vermont Center for Ecostudies"
"Carterocephalus palaemon",1959,6,"00:00:00","1959-06-20T00:00:00","occurrence",NA,1,46.375039,-74.506946,"gbif","GBIF","eButterfly Surveys","Vermont Center for Ecostudies","Vermont Center for Ecostudies","cc by nc 4.0","Vermont Center for Ecostudies"
"Poanes hobomok",1959,6,"00:00:00","1959-06-23T00:00:00","occurrence",NA,1,46.375039,-74.506946,"gbif","GBIF","eButterfly Surveys","Vermont Center for Ecostudies","Vermont Center for Ecostudies","cc by nc 4.0","Vermont Center for Ecostudies"
"Papilio canadensis",1959,5,"00:00:00","1959-05-27T00:00:00","occurrence",NA,1,46.375039,-74.506946,"gbif","GBIF","eButterfly Surveys","Vermont Center for Ecostudies","Vermont Center for Ecostudies","cc by nc 4.0","Vermont Center for Ecostudies"
"Pieris oleracea",1959,7,"00:00:00","1959-07-13T00:00:00","occurrence",NA,1,46.375039,-74.506946,"gbif","GBIF","eButterfly Surveys","Vermont Center for Ecostudies","Vermont Center for Ecostudies","cc by nc 4.0","Vermont Center for Ecostudies"
"Colias interior",1959,6,"00:00:00","1959-06-12T00:00:00","occurrence",NA,1,46.375039,-74.506946,"gbif","GBIF","eButterfly Surveys","Vermont Center for Ecostudies","Vermont Center for Ecostudies","cc by nc 4.0","Vermont Center for Ecostudies"
"Speyeria atlantis",1959,7,"00:00:00","1959-07-05T00:00:00","occurrence",NA,1,46.375039,-74.506946,"gbif","GBIF","eButterfly Surveys","Vermont Center for Ecostudies","Vermont Center for Ecostudies","cc by nc 4.0","Vermont Center for Ecostudies"
"Boloria selene",1959,8,"00:00:00","1959-08-28T00:00:00","occurrence",NA,1,46.39059,-75.029563,"gbif","GBIF","eButterfly Surveys","Vermont Center for Ecostudies","Vermont Center for Ecostudies","cc by nc 4.0","Vermont Center for Ecostudies"
"Limenitis arthemis",1959,6,"00:00:00","1959-06-26T00:00:00","occurrence",NA,1,46.375039,-74.506946,"gbif","GBIF","eButterfly Surveys","Vermont Center for Ecostudies","Vermont Center for Ecostudies","cc by nc 4.0","Vermont Center for Ecostudies"
"Limenitis arthemis",1959,7,"00:00:00","1959-07-10T00:00:00","occurrence",NA,1,46.375039,-74.506946,"gbif","GBIF","eButterfly Surveys","Vermont Center for Ecostudies","Vermont Center for Ecostudies","cc by nc 4.0","Vermont Center for Ecostudies"
"Euphyes vestris",1959,7,"00:00:00","1959-07-07T00:00:00","occurrence",NA,1,46.7829,-71.286,"gbif","GBIF","eButterfly Surveys","Vermont Center for Ecostudies","Vermont Center for Ecostudies","cc by nc 4.0","Vermont Center for Ecostudies"
"Epargyreus clarus",1959,7,"00:00:00","1959-07-09T00:00:00","occurrence",NA,1,46.7829,-71.286,"gbif","GBIF","eButterfly Surveys","Vermont Center for Ecostudies","Vermont Center for Ecostudies","cc by nc 4.0","Vermont Center for Ecostudies"
"Polygonia interrogationis",1959,8,"00:00:00","1959-08-19T00:00:00","occurrence",NA,1,45.479233,-74.302298,"gbif","GBIF","eButterfly Surveys","Vermont Center for Ecostudies","Vermont Center for Ecostudies","cc by nc 4.0","Vermont Center for Ecostudies"
"Polygonia faunus",1959,5,"00:00:00","1959-05-31T00:00:00","occurrence",NA,1,46.375039,-74.506946,"gbif","GBIF","eButterfly Surveys","Vermont Center for Ecostudies","Vermont Center for Ecostudies","cc by nc 4.0","Vermont Center for Ecostudies"
"Erynnis icelus",1959,6,"00:00:00","1959-06-26T00:00:00","abundance",NA,4,46.375039,-74.506946,"gbif","GBIF","eButterfly Surveys","Vermont Center for Ecostudies","Vermont Center for Ecostudies","cc by nc 4.0","Vermont Center for Ecostudies"
"Celastrina neglecta",1959,7,"00:00:00","1959-07-26T00:00:00","abundance",NA,2,45.501689,-73.567256,"gbif","GBIF","eButterfly Surveys","Vermont Center for Ecostudies","Vermont Center for Ecostudies","cc by nc 4.0","Vermont Center for Ecostudies"
"Chlosyne harrisii",1959,6,"00:00:00","1959-06-27T00:00:00","occurrence",NA,1,45.775357,-74.004948,"gbif","GBIF","eButterfly Surveys","Vermont Center for Ecostudies","Vermont Center for Ecostudies","cc by nc 4.0","Vermont Center for Ecostudies"
"Chlosyne nycteis",1959,6,"00:00:00","1959-06-25T00:00:00","occurrence",NA,1,48.109475,-75.36053,"gbif","GBIF","eButterfly Surveys","Vermont Center for Ecostudies","Vermont Center for Ecostudies","cc by nc 4.0","Vermont Center for Ecostudies"
"Phyciodes cocyta",1959,6,"00:00:00","1959-06-26T00:00:00","abundance",NA,2,46.7829,-71.286,"gbif","GBIF","eButterfly Surveys","Vermont Center for Ecostudies","Vermont Center for Ecostudies","cc by nc 4.0","Vermont Center for Ecostudies"
"Lepidoptera",1959,7,"00:00:00","1959-07-06T00:00:00","occurrence",NA,1,46.7829,-71.286,"gbif","GBIF","eButterfly Surveys","Vermont Center for Ecostudies","Vermont Center for Ecostudies","cc by nc 4.0","Vermont Center for Ecostudies"
"Polygonia faunus",1959,8,"00:00:00","1959-08-26T00:00:00","occurrence",NA,1,46.39059,-75.029563,"gbif","GBIF","eButterfly Surveys","Vermont Center for Ecostudies","Vermont Center for Ecostudies","cc by nc 4.0","Vermont Center for Ecostudies"
"Polygonia faunus",1959,5,"00:00:00","1959-05-31T00:00:00","occurrence",NA,1,46.375039,-74.506946,"gbif","GBIF","eButterfly Surveys","Vermont Center for Ecostudies","Vermont Center for Ecostudies","cc by nc 4.0","Vermont Center for Ecostudies"
"Lepidoptera",1959,5,"00:00:00","1959-05-31T00:00:00","occurrence",NA,1,46.375039,-74.506946,"gbif","GBIF","eButterfly Surveys","Vermont Center for Ecostudies","Vermont Center for Ecostudies","cc by nc 4.0","Vermont Center for Ecostudies"
"Carterocephalus palaemon",1959,6,"00:00:00","1959-06-11T00:00:00","occurrence",NA,1,46.375039,-74.506946,"gbif","GBIF","eButterfly Surveys","Vermont Center for Ecostudies","Vermont Center for Ecostudies","cc by nc 4.0","Vermont Center for Ecostudies"
"Polites peckius",1959,7,"00:00:00","1959-07-25T00:00:00","occurrence",NA,1,46.260125,-73.694209,"gbif","GBIF","eButterfly Surveys","Vermont Center for Ecostudies","Vermont Center for Ecostudies","cc by nc 4.0","Vermont Center for Ecostudies"
"Polites peckius",1959,7,"00:00:00","1959-07-14T00:00:00","occurrence",NA,1,46.375039,-74.506946,"gbif","GBIF","eButterfly Surveys","Vermont Center for Ecostudies","Vermont Center for Ecostudies","cc by nc 4.0","Vermont Center for Ecostudies"
"Papilio canadensis",1959,5,"00:00:00","1959-05-28T00:00:00","occurrence",NA,1,46.375039,-74.506946,"gbif","GBIF","eButterfly Surveys","Vermont Center for Ecostudies","Vermont Center for Ecostudies","cc by nc 4.0","Vermont Center for Ecostudies"
"Boloria selene",1959,6,"00:00:00","1959-06-03T00:00:00","abundance",NA,2,46.375039,-74.506946,"gbif","GBIF","eButterfly Surveys","Vermont Center for Ecostudies","Vermont Center for Ecostudies","cc by nc 4.0","Vermont Center for Ecostudies"
"Euphydryas phaeton",1959,7,"00:00:00","1959-07-08T00:00:00","abundance",NA,2,46.375039,-74.506946,"gbif","GBIF","eButterfly Surveys","Vermont Center for Ecostudies","Vermont Center for Ecostudies","cc by nc 4.0","Vermont Center for Ecostudies"
"Pieris rapae",1959,7,"00:00:00","1959-07-12T00:00:00","occurrence",NA,1,46.866482,-71.639925,"gbif","GBIF","eButterfly Surveys","Vermont Center for Ecostudies","Vermont Center for Ecostudies","cc by nc 4.0","Vermont Center for Ecostudies"
"Celastrina lucia",1959,7,"00:00:00","1959-07-11T00:00:00","occurrence",NA,1,47.181815,-70.217071,"gbif","GBIF","eButterfly Surveys","Vermont Center for Ecostudies","Vermont Center for Ecostudies","cc by nc 4.0","Vermont Center for Ecostudies"
"Carterocephalus palaemon",1959,6,"00:00:00","1959-06-04T00:00:00","abundance",NA,5,46.375039,-74.506946,"gbif","GBIF","eButterfly Surveys","Vermont Center for Ecostudies","Vermont Center for Ecostudies","cc by nc 4.0","Vermont Center for Ecostudies"
"Polites peckius",1959,7,"00:00:00","1959-07-12T00:00:00","occurrence",NA,1,46.375039,-74.506946,"gbif","GBIF","eButterfly Surveys","Vermont Center for Ecostudies","Vermont Center for Ecostudies","cc by nc 4.0","Vermont Center for Ecostudies"
"Pieris oleracea",1959,6,"00:00:00","1959-06-19T00:00:00","abundance",NA,2,46.375039,-74.506946,"gbif","GBIF","eButterfly Surveys","Vermont Center for Ecostudies","Vermont Center for Ecostudies","cc by nc 4.0","Vermont Center for Ecostudies"
"Lycaena phlaeas",1959,7,"00:00:00","1959-07-25T00:00:00","occurrence",NA,1,46.260125,-73.694209,"gbif","GBIF","eButterfly Surveys","Vermont Center for Ecostudies","Vermont Center for Ecostudies","cc by nc 4.0","Vermont Center for Ecostudies"
"Boloria selene",1959,6,"00:00:00","1959-06-02T00:00:00","occurrence",NA,1,46.375039,-74.506946,"gbif","GBIF","eButterfly Surveys","Vermont Center for Ecostudies","Vermont Center for Ecostudies","cc by nc 4.0","Vermont Center for Ecostudies"
"Polygonia faunus",1959,6,"00:00:00","1959-06-03T00:00:00","abundance",NA,2,46.375039,-74.506946,"gbif","GBIF","eButterfly Surveys","Vermont Center for Ecostudies","Vermont Center for Ecostudies","cc by nc 4.0","Vermont Center for Ecostudies"
"Carterocephalus palaemon",1959,6,"00:00:00","1959-06-18T00:00:00","abundance",NA,3,46.375039,-74.506946,"gbif","GBIF","eButterfly Surveys","Vermont Center for Ecostudies","Vermont Center for Ecostudies","cc by nc 4.0","Vermont Center for Ecostudies"
"Papilio canadensis",1959,6,"00:00:00","1959-06-20T00:00:00","abundance",NA,2,46.375039,-74.506946,"gbif","GBIF","eButterfly Surveys","Vermont Center for Ecostudies","Vermont Center for Ecostudies","cc by nc 4.0","Vermont Center for Ecostudies"
"Papilio canadensis",1959,6,"00:00:00","1959-06-03T00:00:00","abundance",NA,6,46.375039,-74.506946,"gbif","GBIF","eButterfly Surveys","Vermont Center for Ecostudies","Vermont Center for Ecostudies","cc by nc 4.0","Vermont Center for Ecostudies"
"Celastrina lucia",1959,5,"00:00:00","1959-05-29T00:00:00","abundance",NA,3,46.375039,-74.506946,"gbif","GBIF","eButterfly Surveys","Vermont Center for Ecostudies","Vermont Center for Ecostudies","cc by nc 4.0","Vermont Center for Ecostudies"
"Boloria selene",1959,6,"00:00:00","1959-06-18T00:00:00","occurrence",NA,1,46.375039,-74.506946,"gbif","GBIF","eButterfly Surveys","Vermont Center for Ecostudies","Vermont Center for Ecostudies","cc by nc 4.0","Vermont Center for Ecostudies"
"Phyciodes cocyta",1959,6,"00:00:00","1959-06-23T00:00:00","abundance",NA,2,46.375039,-74.506946,"gbif","GBIF","eButterfly Surveys","Vermont Center for Ecostudies","Vermont Center for Ecostudies","cc by nc 4.0","Vermont Center for Ecostudies"
"Coenonympha tullia",1959,5,"00:00:00","1959-05-31T00:00:00","occurrence",NA,1,45.993107,-73.29848,"gbif","GBIF","eButterfly Surveys","Vermont Center for Ecostudies","Vermont Center for Ecostudies","cc by nc 4.0","Vermont Center for Ecostudies"
"Euphyes vestris",1959,7,"00:00:00","1959-07-07T00:00:00","occurrence",NA,1,46.7829,-71.286,"gbif","GBIF","eButterfly Surveys","Vermont Center for Ecostudies","Vermont Center for Ecostudies","cc by nc 4.0","Vermont Center for Ecostudies"
"Celastrina lucia",1959,6,"00:00:00","1959-06-12T00:00:00","occurrence",NA,1,46.375039,-74.506946,"gbif","GBIF","eButterfly Surveys","Vermont Center for Ecostudies","Vermont Center for Ecostudies","cc by nc 4.0","Vermont Center for Ecostudies"
"Boloria selene",1959,6,"00:00:00","1959-06-23T00:00:00","abundance",NA,3,46.375039,-74.506946,"gbif","GBIF","eButterfly Surveys","Vermont Center for Ecostudies","Vermont Center for Ecostudies","cc by nc 4.0","Vermont Center for Ecostudies"
"Speyeria cybele",1959,7,"00:00:00","1959-07-09T00:00:00","occurrence",NA,1,46.7829,-71.286,"gbif","GBIF","eButterfly Surveys","Vermont Center for Ecostudies","Vermont Center for Ecostudies","cc by nc 4.0","Vermont Center for Ecostudies"
"Amblyscirtes hegon",1959,6,"00:00:00","1959-06-15T00:00:00","occurrence",NA,1,46.7829,-71.286,"gbif","GBIF","eButterfly Surveys","Vermont Center for Ecostudies","Vermont Center for Ecostudies","cc by nc 4.0","Vermont Center for Ecostudies"
"Paleacrita merriccata",1959,4,"00:00:00","1959-04-01T00:00:00","occurrence",NA,1,45.366667,-73.933333,"gbif","GBIF","Entomology Division, Yale Peabody Museum","Yale University Peabody Museum","Yale University Peabody Museum","cc0 1.0","Yale University Peabody Museum"
"Eupsilia morrisoni",1959,4,"00:00:00","1959-04-01T00:00:00","occurrence",NA,1,45.366667,-73.933333,"gbif","GBIF","Entomology Division, Yale Peabody Museum","Yale University Peabody Museum","Yale University Peabody Museum","cc0 1.0","Yale University Peabody Museum"
"Coenonympha tullia",1959,5,"00:00:00","1959-05-31T00:00:00","occurrence",NA,1,45.4167,-73.9333,"gbif","GBIF","Lyman Entomological Museum","Canadian Biodiversity Information Facility","Canadian Biodiversity Information Facility","cc0 1.0","Canadian Biodiversity Information Facility"
"Eupsilia vinulenta",1959,4,"00:00:00","1959-04-01T00:00:00","abundance",NA,2,45.366667,-73.933333,"gbif","GBIF","Entomology Division, Yale Peabody Museum","Yale University Peabody Museum","Yale University Peabody Museum","cc0 1.0","Yale University Peabody Museum"
"Vanessa atalanta",1959,6,"00:00:00","1959-06-23T00:00:00","occurrence",NA,1,46.375039,-74.506946,"gbif","GBIF","eButterfly Surveys","Vermont Center for Ecostudies","Vermont Center for Ecostudies","cc by nc 4.0","Vermont Center for Ecostudies"
"Carterocephalus palaemon",1959,7,"00:00:00","1959-07-04T00:00:00","occurrence",NA,1,46.375039,-74.506946,"gbif","GBIF","eButterfly Surveys","Vermont Center for Ecostudies","Vermont Center for Ecostudies","cc by nc 4.0","Vermont Center for Ecostudies"
"Polites mystic",1959,6,"00:00:00","1959-06-26T00:00:00","occurrence",NA,1,45.775357,-74.004948,"gbif","GBIF","eButterfly Surveys","Vermont Center for Ecostudies","Vermont Center for Ecostudies","cc by nc 4.0","Vermont Center for Ecostudies"
"Pieris oleracea",1959,5,"00:00:00","1959-05-28T00:00:00","occurrence",NA,1,46.375039,-74.506946,"gbif","GBIF","eButterfly Surveys","Vermont Center for Ecostudies","Vermont Center for Ecostudies","cc by nc 4.0","Vermont Center for Ecostudies"
"Pieris rapae",1959,7,"00:00:00","1959-07-08T00:00:00","abundance",NA,2,46.375039,-74.506946,"gbif","GBIF","eButterfly Surveys","Vermont Center for Ecostudies","Vermont Center for Ecostudies","cc by nc 4.0","Vermont Center for Ecostudies"
"Limenitis arthemis",1959,6,"00:00:00","1959-06-26T00:00:00","abundance",NA,8,46.375039,-74.506946,"gbif","GBIF","eButterfly Surveys","Vermont Center for Ecostudies","Vermont Center for Ecostudies","cc by nc 4.0","Vermont Center for Ecostudies"
"Limenitis arthemis",1959,6,"00:00:00","1959-06-29T00:00:00","abundance",NA,3,46.375039,-74.506946,"gbif","GBIF","eButterfly Surveys","Vermont Center for Ecostudies","Vermont Center for Ecostudies","cc by nc 4.0","Vermont Center for Ecostudies"
"Lethe anthedon",1959,6,"00:00:00","1959-06-28T00:00:00","occurrence",NA,1,45.775357,-74.004948,"gbif","GBIF","eButterfly Surveys","Vermont Center for Ecostudies","Vermont Center for Ecostudies","cc by nc 4.0","Vermont Center for Ecostudies"
"Cupido comyntas",1959,8,"00:00:00","1959-08-29T00:00:00","occurrence",NA,1,47.181815,-70.217071,"gbif","GBIF","eButterfly Surveys","Vermont Center for Ecostudies","Vermont Center for Ecostudies","cc by nc 4.0","Vermont Center for Ecostudies"
"Polygonia faunus",1959,5,"00:00:00","1959-05-28T00:00:00","abundance",NA,2,46.375039,-74.506946,"gbif","GBIF","eButterfly Surveys","Vermont Center for Ecostudies","Vermont Center for Ecostudies","cc by nc 4.0","Vermont Center for Ecostudies"
"Lepidoptera",1959,8,"00:00:00","1959-08-25T00:00:00","occurrence",NA,1,46.39059,-75.029563,"gbif","GBIF","eButterfly Surveys","Vermont Center for Ecostudies","Vermont Center for Ecostudies","cc by nc 4.0","Vermont Center for Ecostudies"
"Poanes hobomok",1959,5,"00:00:00","1959-05-31T00:00:00","occurrence",NA,1,46.375039,-74.506946,"gbif","GBIF","eButterfly Surveys","Vermont Center for Ecostudies","Vermont Center for Ecostudies","cc by nc 4.0","Vermont Center for Ecostudies"
"Colias interior",1959,7,"00:00:00","1959-07-25T00:00:00","abundance",NA,2,46.260125,-73.694209,"gbif","GBIF","eButterfly Surveys","Vermont Center for Ecostudies","Vermont Center for Ecostudies","cc by nc 4.0","Vermont Center for Ecostudies"
"Speyeria atlantis",1959,6,"00:00:00","1959-06-26T00:00:00","abundance",NA,2,46.375039,-74.506946,"gbif","GBIF","eButterfly Surveys","Vermont Center for Ecostudies","Vermont Center for Ecostudies","cc by nc 4.0","Vermont Center for Ecostudies"
"Euphydryas phaeton",1959,7,"00:00:00","1959-07-05T00:00:00","abundance",NA,2,46.375039,-74.506946,"gbif","GBIF","eButterfly Surveys","Vermont Center for Ecostudies","Vermont Center for Ecostudies","cc by nc 4.0","Vermont Center for Ecostudies"
"Limenitis arthemis",1959,6,"00:00:00","1959-06-23T00:00:00","abundance",NA,2,46.375039,-74.506946,"gbif","GBIF","eButterfly Surveys","Vermont Center for Ecostudies","Vermont Center for Ecostudies","cc by nc 4.0","Vermont Center for Ecostudies"
"Limenitis arthemis",1959,7,"00:00:00","1959-07-25T00:00:00","abundance",NA,2,46.375039,-74.506946,"gbif","GBIF","eButterfly Surveys","Vermont Center for Ecostudies","Vermont Center for Ecostudies","cc by nc 4.0","Vermont Center for Ecostudies"
"Danaus plexippus",1959,8,"00:00:00","1959-08-22T00:00:00","occurrence",NA,1,46.39059,-75.029563,"gbif","GBIF","eButterfly Surveys","Vermont Center for Ecostudies","Vermont Center for Ecostudies","cc by nc 4.0","Vermont Center for Ecostudies"
"Amblyscirtes hegon",1959,7,"00:00:00","1959-07-07T00:00:00","occurrence",NA,1,46.7829,-71.286,"gbif","GBIF","eButterfly Surveys","Vermont Center for Ecostudies","Vermont Center for Ecostudies","cc by nc 4.0","Vermont Center for Ecostudies"
"Glaucopsyche lygdamus",1959,7,"00:00:00","1959-07-11T00:00:00","occurrence",NA,1,47.181815,-70.217071,"gbif","GBIF","eButterfly Surveys","Vermont Center for Ecostudies","Vermont Center for Ecostudies","cc by nc 4.0","Vermont Center for Ecostudies"
"Plebejus idas",1959,7,"00:00:00","1959-07-11T00:00:00","occurrence",NA,1,47.181815,-70.217071,"gbif","GBIF","eButterfly Surveys","Vermont Center for Ecostudies","Vermont Center for Ecostudies","cc by nc 4.0","Vermont Center for Ecostudies"
"Lepidoptera",1959,6,"00:00:00","1959-06-26T00:00:00","occurrence",NA,1,46.7829,-71.286,"gbif","GBIF","eButterfly Surveys","Vermont Center for Ecostudies","Vermont Center for Ecostudies","cc by nc 4.0","Vermont Center for Ecostudies"
"Colias pelidne",1959,8,"00:00:00","1959-08-17T00:00:00","occurrence",NA,1,58.1,-68.4,"gbif","GBIF","Canadian National Collection (CNC) of Insects, Arachnids and Nematodes","Canadian Biodiversity Information Facility","Canadian Biodiversity Information Facility","cc by 4.0","Canadian Biodiversity Information Facility"
"Colias pelidne",1959,8,"00:00:00","1959-08-08T00:00:00","occurrence",NA,1,55.2833,-77.75,"gbif","GBIF","Canadian National Collection (CNC) of Insects, Arachnids and Nematodes","Canadian Biodiversity Information Facility","Canadian Biodiversity Information Facility","cc by 4.0","Canadian Biodiversity Information Facility"
"Pholisora catullus",1959,8,"","1959-08-04","presence",NA,1,36.8529,-75.978,"ebutterfly","Maxim Larrivée, Jeremy Kerr, Kent McFarland and Katy Prudic","eButterfly","ebutterfly","eButterfly","","eButterfly"
"Lycaena dorcas",1959,8,"","1959-08-08","presence",NA,1,47.6184,-65.6513,"ebutterfly","Maxim Larrivée, Jeremy Kerr, Kent McFarland and Katy Prudic","eButterfly","ebutterfly","eButterfly","","eButterfly"
"Hermeuptychia sosybius",1959,8,"","1959-08-16","presence",NA,1,36.8529,-75.978,"ebutterfly","Maxim Larrivée, Jeremy Kerr, Kent McFarland and Katy Prudic","eButterfly","ebutterfly","eButterfly","","eButterfly"
"Polites peckius",1959,7,"","1959-07-04","presence",NA,1,50.0038,-96.8423,"ebutterfly","Maxim Larrivée, Jeremy Kerr, Kent McFarland and Katy Prudic","eButterfly","ebutterfly","eButterfly","","eButterfly"
"Pieris rapae",1959,8,"","1959-08-16","presence",NA,1,36.8529,-75.978,"ebutterfly","Maxim Larrivée, Jeremy Kerr, Kent McFarland and Katy Prudic","eButterfly","ebutterfly","eButterfly","","eButterfly"
"Colias philodice",1959,8,"","1959-08-05","presence",NA,1,43.1514,-79.3928,"ebutterfly","Maxim Larrivée, Jeremy Kerr, Kent McFarland and Katy Prudic","eButterfly","ebutterfly","eButterfly","","eButterfly"
"Phyciodes tharos",1959,8,"","1959-08-09","presence",NA,1,36.8529,-75.978,"ebutterfly","Maxim Larrivée, Jeremy Kerr, Kent McFarland and Katy Prudic","eButterfly","ebutterfly","eButterfly","","eButterfly"
"Vanessa atalanta",1959,7,"","1959-07-20","presence",NA,1,43.1514,-79.3928,"ebutterfly","Maxim Larrivée, Jeremy Kerr, Kent McFarland and Katy Prudic","eButterfly","ebutterfly","eButterfly","","eButterfly"
"Thymelicus lineola",1959,7,"","1959-07-12","presence",NA,1,45.0559,-77.8549,"ebutterfly","Maxim Larrivée, Jeremy Kerr, Kent McFarland and Katy Prudic","eButterfly","ebutterfly","eButterfly","","eButterfly"
"Coenonympha nipisiquit",1959,8,"","1959-08-08","presence",NA,1,47.6184,-65.6513,"ebutterfly","Maxim Larrivée, Jeremy Kerr, Kent McFarland and Katy Prudic","eButterfly","ebutterfly","eButterfly","","eButterfly"
"Colias philodice",1959,7,"","1959-07-24","presence",NA,1,43.1514,-79.3928,"ebutterfly","Maxim Larrivée, Jeremy Kerr, Kent McFarland and Katy Prudic","eButterfly","ebutterfly","eButterfly","","eButterfly"
"Cupido amyntula",1959,6,"","1959-06-08","presence",NA,1,49.9098,-97.2365,"ebutterfly","Maxim Larrivée, Jeremy Kerr, Kent McFarland and Katy Prudic","eButterfly","ebutterfly","eButterfly","","eButterfly"
"Phyciodes cocyta",1959,6,"","1959-06-26","presence",NA,1,43.9943,-77.6984,"ebutterfly","Maxim Larrivée, Jeremy Kerr, Kent McFarland and Katy Prudic","eButterfly","ebutterfly","eButterfly","","eButterfly"
