"observed_scientific_name","year_obs","day_obs","time_obs","dwc_event_date","obs_variable","obs_unit","obs_value","lat","lon","original_source","creator","title","publisher","intellectual_rights","license","owner"
"Papilio glaucus",1961,7,"00:00:00","1961-07-15T00:00:00","presence",NA,1,46.375,-74.5069,"ebutterfly","Maxim Larrivée, Jeremy Kerr, Kent McFarland and Katy Prudic","eButterfly","ebutterfly","eButterfly","","eButterfly"
"Erynnis lucilius",1961,6,"","1961-06-04","presence",NA,1,45.9587,-73.2197,"ebutterfly","Maxim Larrivée, Jeremy Kerr, Kent McFarland and Katy Prudic","eButterfly","ebutterfly","eButterfly","","eButterfly"
"Celastrina lucia",1961,5,"","1961-05-14","presence",NA,1,46.0447,-73.7106,"ebutterfly","Maxim Larrivée, Jeremy Kerr, Kent McFarland and Katy Prudic","eButterfly","ebutterfly","eButterfly","","eButterfly"
"Lethe anthedon",1961,7,"","1961-07-10","presence",NA,1,46.6914,-75.888,"ebutterfly","Maxim Larrivée, Jeremy Kerr, Kent McFarland and Katy Prudic","eButterfly","ebutterfly","eButterfly","","eButterfly"
"Erynnis juvenalis",1961,6,"","1961-06-10","presence",NA,1,45.9931,-73.2985,"ebutterfly","Maxim Larrivée, Jeremy Kerr, Kent McFarland and Katy Prudic","eButterfly","ebutterfly","eButterfly","","eButterfly"
"Colias interior",1961,7,"","1961-07-10","presence",NA,1,46.6914,-75.888,"ebutterfly","Maxim Larrivée, Jeremy Kerr, Kent McFarland and Katy Prudic","eButterfly","ebutterfly","eButterfly","","eButterfly"
"Callophrys augustinus",1961,5,"","1961-05-14","presence",NA,1,46.0447,-73.7106,"ebutterfly","Maxim Larrivée, Jeremy Kerr, Kent McFarland and Katy Prudic","eButterfly","ebutterfly","eButterfly","","eButterfly"
"Colias philodice",1961,6,"","1961-06-03","presence",NA,1,45.5546,-73.7084,"ebutterfly","Maxim Larrivée, Jeremy Kerr, Kent McFarland and Katy Prudic","eButterfly","ebutterfly","eButterfly","","eButterfly"
"Coenonympha inornata",1961,7,"","1961-07-10","presence",NA,1,46.6914,-75.888,"ebutterfly","Maxim Larrivée, Jeremy Kerr, Kent McFarland and Katy Prudic","eButterfly","ebutterfly","eButterfly","","eButterfly"
"Papilio canadensis",1961,6,"","1961-06-04","presence",NA,1,45.9587,-73.2197,"ebutterfly","Maxim Larrivée, Jeremy Kerr, Kent McFarland and Katy Prudic","eButterfly","ebutterfly","eButterfly","","eButterfly"
"Colias philodice",1961,8,"","1961-08-05","presence",NA,1,45.4792,-74.3023,"ebutterfly","Maxim Larrivée, Jeremy Kerr, Kent McFarland and Katy Prudic","eButterfly","ebutterfly","eButterfly","","eButterfly"
"Colias philodice",1961,6,"","1961-06-10","presence",NA,1,45.9931,-73.2985,"ebutterfly","Maxim Larrivée, Jeremy Kerr, Kent McFarland and Katy Prudic","eButterfly","ebutterfly","eButterfly","","eButterfly"
"Callophrys niphon",1961,6,"","1961-06-04","presence",NA,1,45.9587,-73.2197,"ebutterfly","Maxim Larrivée, Jeremy Kerr, Kent McFarland and Katy Prudic","eButterfly","ebutterfly","eButterfly","","eButterfly"
"Colias interior",1961,7,"","1961-07-13","presence",NA,1,46.3972,-75.0244,"ebutterfly","Maxim Larrivée, Jeremy Kerr, Kent McFarland and Katy Prudic","eButterfly","ebutterfly","eButterfly","","eButterfly"
"Colias interior",1961,7,"","1961-07-12","presence",NA,1,46.6914,-75.888,"ebutterfly","Maxim Larrivée, Jeremy Kerr, Kent McFarland and Katy Prudic","eButterfly","ebutterfly","eButterfly","","eButterfly"
"Carterocephalus palaemon",1961,6,"","1961-06-04","presence",NA,1,45.9587,-73.2197,"ebutterfly","Maxim Larrivée, Jeremy Kerr, Kent McFarland and Katy Prudic","eButterfly","ebutterfly","eButterfly","","eButterfly"
"Limenitis arthemis",1961,7,"","1961-07-12","presence",NA,1,46.6914,-75.888,"ebutterfly","Maxim Larrivée, Jeremy Kerr, Kent McFarland and Katy Prudic","eButterfly","ebutterfly","eButterfly","","eButterfly"
"Poanes hobomok",1961,7,"","1961-07-13","presence",NA,1,46.3972,-75.0244,"ebutterfly","Maxim Larrivée, Jeremy Kerr, Kent McFarland and Katy Prudic","eButterfly","ebutterfly","eButterfly","","eButterfly"
"Coenonympha inornata",1961,6,"","1961-06-24","presence",NA,1,45.6667,-73.7567,"ebutterfly","Maxim Larrivée, Jeremy Kerr, Kent McFarland and Katy Prudic","eButterfly","ebutterfly","eButterfly","","eButterfly"
"Colias philodice",1961,6,"","1961-06-04","presence",NA,1,45.9587,-73.2197,"ebutterfly","Maxim Larrivée, Jeremy Kerr, Kent McFarland and Katy Prudic","eButterfly","ebutterfly","eButterfly","","eButterfly"
"Glaucopsyche lygdamus",1961,6,"","1961-06-17","presence",NA,1,46.3972,-75.0244,"ebutterfly","Maxim Larrivée, Jeremy Kerr, Kent McFarland and Katy Prudic","eButterfly","ebutterfly","eButterfly","","eButterfly"
"Celastrina lucia",1961,5,"","1961-05-06","presence",NA,1,45.9587,-73.2197,"ebutterfly","Maxim Larrivée, Jeremy Kerr, Kent McFarland and Katy Prudic","eButterfly","ebutterfly","eButterfly","","eButterfly"
"Limenitis arthemis",1961,6,"","1961-06-24","presence",NA,1,45.6667,-73.7567,"ebutterfly","Maxim Larrivée, Jeremy Kerr, Kent McFarland and Katy Prudic","eButterfly","ebutterfly","eButterfly","","eButterfly"
"Polygonia progne",1961,8,"","1961-08-16","presence",NA,1,46.6136,-71.5124,"ebutterfly","Maxim Larrivée, Jeremy Kerr, Kent McFarland and Katy Prudic","eButterfly","ebutterfly","eButterfly","","eButterfly"
"Colias eurytheme",1961,10,"","1961-10-08","presence",NA,1,45.3169,-72.25,"ebutterfly","Maxim Larrivée, Jeremy Kerr, Kent McFarland and Katy Prudic","eButterfly","ebutterfly","eButterfly","","eButterfly"
"Papilio polyxenes",1961,1,"","1961-01-01","presence",NA,1,46.9759,-70.5544,"ebutterfly","Maxim Larrivée, Jeremy Kerr, Kent McFarland and Katy Prudic","eButterfly","ebutterfly","eButterfly","","eButterfly"
"Satyrium calanus",1961,7,"","1961-07-21","presence",NA,1,46.6968,-71.591,"ebutterfly","Maxim Larrivée, Jeremy Kerr, Kent McFarland and Katy Prudic","eButterfly","ebutterfly","eButterfly","","eButterfly"
"Carterocephalus palaemon",1961,6,"00:00:00","1961-06-25T00:00:00","presence",NA,1,46.375,-74.5069,"ebutterfly","Maxim Larrivée, Jeremy Kerr, Kent McFarland and Katy Prudic","eButterfly","ebutterfly","eButterfly","","eButterfly"
"Papilio canadensis",1961,7,"00:00:00","1961-07-04T00:00:00","presence",NA,1,46.375,-74.5069,"ebutterfly","Maxim Larrivée, Jeremy Kerr, Kent McFarland and Katy Prudic","eButterfly","ebutterfly","eButterfly","","eButterfly"
"Celastrina neglecta",1961,7,"00:00:00","1961-07-03T00:00:00","presence",NA,1,46.375,-74.5069,"ebutterfly","Maxim Larrivée, Jeremy Kerr, Kent McFarland and Katy Prudic","eButterfly","ebutterfly","eButterfly","","eButterfly"
"Danaus plexippus",1961,7,"00:00:00","1961-07-10T00:00:00","presence",NA,1,45.6572,-73.5671,"ebutterfly","Maxim Larrivée, Jeremy Kerr, Kent McFarland and Katy Prudic","eButterfly","ebutterfly","eButterfly","","eButterfly"
"Celastrina lucia",1961,6,"00:00:00","1961-06-04T00:00:00","presence",NA,1,46.375,-74.5069,"ebutterfly","Maxim Larrivée, Jeremy Kerr, Kent McFarland and Katy Prudic","eButterfly","ebutterfly","eButterfly","","eButterfly"
"Carterocephalus palaemon",1961,6,"00:00:00","1961-06-04T00:00:00","abundance",NA,2,45.958702,-73.21967,"gbif","GBIF","eButterfly Surveys","Vermont Center for Ecostudies","Vermont Center for Ecostudies","cc by nc 4.0","Vermont Center for Ecostudies"
"Glaucopsyche lygdamus",1961,6,"00:00:00","1961-06-17T00:00:00","abundance",NA,2,46.397209,-75.024377,"gbif","GBIF","eButterfly Surveys","Vermont Center for Ecostudies","Vermont Center for Ecostudies","cc by nc 4.0","Vermont Center for Ecostudies"
"Limenitis arthemis",1961,7,"00:00:00","1961-07-12T00:00:00","occurrence",NA,1,46.691422,-75.888049,"gbif","GBIF","eButterfly Surveys","Vermont Center for Ecostudies","Vermont Center for Ecostudies","cc by nc 4.0","Vermont Center for Ecostudies"
"Colias interior",1961,7,"00:00:00","1961-07-10T00:00:00","abundance",NA,14,46.691422,-75.888049,"gbif","GBIF","eButterfly Surveys","Vermont Center for Ecostudies","Vermont Center for Ecostudies","cc by nc 4.0","Vermont Center for Ecostudies"
"Limenitis arthemis",1961,6,"00:00:00","1961-06-24T00:00:00","occurrence",NA,1,45.666742,-73.756702,"gbif","GBIF","eButterfly Surveys","Vermont Center for Ecostudies","Vermont Center for Ecostudies","cc by nc 4.0","Vermont Center for Ecostudies"
"Poanes hobomok",1961,7,"00:00:00","1961-07-13T00:00:00","occurrence",NA,1,46.397209,-75.024377,"gbif","GBIF","eButterfly Surveys","Vermont Center for Ecostudies","Vermont Center for Ecostudies","cc by nc 4.0","Vermont Center for Ecostudies"
"Colias interior",1961,7,"00:00:00","1961-07-12T00:00:00","occurrence",NA,1,46.691422,-75.888049,"gbif","GBIF","eButterfly Surveys","Vermont Center for Ecostudies","Vermont Center for Ecostudies","cc by nc 4.0","Vermont Center for Ecostudies"
"Carterocephalus palaemon",1961,6,"00:00:00","1961-06-25T00:00:00","occurrence",NA,1,46.375039,-74.506946,"gbif","GBIF","eButterfly Surveys","Vermont Center for Ecostudies","Vermont Center for Ecostudies","cc by nc 4.0","Vermont Center for Ecostudies"
"Boloria selene",1961,7,"00:00:00","1961-07-04T00:00:00","abundance",NA,4,46.375039,-74.506946,"gbif","GBIF","eButterfly Surveys","Vermont Center for Ecostudies","Vermont Center for Ecostudies","cc by nc 4.0","Vermont Center for Ecostudies"
"Callophrys niphon",1961,6,"00:00:00","1961-06-04T00:00:00","occurrence",NA,1,45.958702,-73.21967,"gbif","GBIF","eButterfly Surveys","Vermont Center for Ecostudies","Vermont Center for Ecostudies","cc by nc 4.0","Vermont Center for Ecostudies"
"Coenonympha tullia",1961,6,"00:00:00","1961-06-24T00:00:00","occurrence",NA,1,45.666742,-73.756702,"gbif","GBIF","eButterfly Surveys","Vermont Center for Ecostudies","Vermont Center for Ecostudies","cc by nc 4.0","Vermont Center for Ecostudies"
"Nymphalis l-album",1961,8,"00:00:00","1961-08-05T00:00:00","occurrence",NA,1,46.375039,-74.506946,"gbif","GBIF","eButterfly Surveys","Vermont Center for Ecostudies","Vermont Center for Ecostudies","cc by nc 4.0","Vermont Center for Ecostudies"
"Celastrina lucia",1961,5,"00:00:00","1961-05-06T00:00:00","abundance",NA,2,45.958702,-73.21967,"gbif","GBIF","eButterfly Surveys","Vermont Center for Ecostudies","Vermont Center for Ecostudies","cc by nc 4.0","Vermont Center for Ecostudies"
"Papilio glaucus",1961,7,"00:00:00","1961-07-15T00:00:00","occurrence",NA,1,46.375039,-74.506946,"gbif","GBIF","eButterfly Surveys","Vermont Center for Ecostudies","Vermont Center for Ecostudies","cc by nc 4.0","Vermont Center for Ecostudies"
"Colias philodice",1961,6,"00:00:00","1961-06-03T00:00:00","occurrence",NA,1,45.554592,-73.70841,"gbif","GBIF","eButterfly Surveys","Vermont Center for Ecostudies","Vermont Center for Ecostudies","cc by nc 4.0","Vermont Center for Ecostudies"
"Callophrys augustinus",1961,5,"00:00:00","1961-05-14T00:00:00","occurrence",NA,1,46.044738,-73.710612,"gbif","GBIF","eButterfly Surveys","Vermont Center for Ecostudies","Vermont Center for Ecostudies","cc by nc 4.0","Vermont Center for Ecostudies"
"Coenonympha tullia",1961,7,"00:00:00","1961-07-10T00:00:00","abundance",NA,2,46.691422,-75.888049,"gbif","GBIF","eButterfly Surveys","Vermont Center for Ecostudies","Vermont Center for Ecostudies","cc by nc 4.0","Vermont Center for Ecostudies"
"Erynnis juvenalis",1961,6,"00:00:00","1961-06-10T00:00:00","occurrence",NA,1,45.993107,-73.29848,"gbif","GBIF","eButterfly Surveys","Vermont Center for Ecostudies","Vermont Center for Ecostudies","cc by nc 4.0","Vermont Center for Ecostudies"
"Polygonia progne",1961,8,"00:00:00","1961-08-16T00:00:00","occurrence",NA,1,46.7829,-71.286,"gbif","GBIF","eButterfly Surveys","Vermont Center for Ecostudies","Vermont Center for Ecostudies","cc by nc 4.0","Vermont Center for Ecostudies"
"Papilio canadensis",1961,7,"00:00:00","1961-07-04T00:00:00","occurrence",NA,1,46.375039,-74.506946,"gbif","GBIF","eButterfly Surveys","Vermont Center for Ecostudies","Vermont Center for Ecostudies","cc by nc 4.0","Vermont Center for Ecostudies"
"Colias philodice",1961,8,"00:00:00","1961-08-05T00:00:00","occurrence",NA,1,45.479233,-74.302298,"gbif","GBIF","eButterfly Surveys","Vermont Center for Ecostudies","Vermont Center for Ecostudies","cc by nc 4.0","Vermont Center for Ecostudies"
"Colias eurytheme",1961,10,"00:00:00","1961-10-08T00:00:00","occurrence",NA,1,45.316944,-72.25,"gbif","GBIF","eButterfly Surveys","Vermont Center for Ecostudies","Vermont Center for Ecostudies","cc by nc 4.0","Vermont Center for Ecostudies"
"Satyrium calanus",1961,7,"00:00:00","1961-07-21T00:00:00","occurrence",NA,1,46.69684,-71.591027,"gbif","GBIF","eButterfly Surveys","Vermont Center for Ecostudies","Vermont Center for Ecostudies","cc by nc 4.0","Vermont Center for Ecostudies"
"Erynnis lucilius",1961,6,"00:00:00","1961-06-04T00:00:00","occurrence",NA,1,45.958702,-73.21967,"gbif","GBIF","eButterfly Surveys","Vermont Center for Ecostudies","Vermont Center for Ecostudies","cc by nc 4.0","Vermont Center for Ecostudies"
"Celastrina lucia",1961,5,"00:00:00","1961-05-14T00:00:00","occurrence",NA,1,46.044738,-73.710612,"gbif","GBIF","eButterfly Surveys","Vermont Center for Ecostudies","Vermont Center for Ecostudies","cc by nc 4.0","Vermont Center for Ecostudies"
"Lethe anthedon",1961,7,"00:00:00","1961-07-10T00:00:00","occurrence",NA,1,46.691422,-75.888049,"gbif","GBIF","eButterfly Surveys","Vermont Center for Ecostudies","Vermont Center for Ecostudies","cc by nc 4.0","Vermont Center for Ecostudies"
"Colias philodice",1961,6,"00:00:00","1961-06-10T00:00:00","occurrence",NA,1,45.993107,-73.29848,"gbif","GBIF","eButterfly Surveys","Vermont Center for Ecostudies","Vermont Center for Ecostudies","cc by nc 4.0","Vermont Center for Ecostudies"
"Papilio polyxenes",1961,1,"00:00:00","1961-01-01T00:00:00","occurrence",NA,1,46.975884,-70.554372,"gbif","GBIF","eButterfly Surveys","Vermont Center for Ecostudies","Vermont Center for Ecostudies","cc by nc 4.0","Vermont Center for Ecostudies"
"Celastrina lucia",1961,6,"00:00:00","1961-06-04T00:00:00","occurrence",NA,1,46.375039,-74.506946,"gbif","GBIF","eButterfly Surveys","Vermont Center for Ecostudies","Vermont Center for Ecostudies","cc by nc 4.0","Vermont Center for Ecostudies"
"Celastrina neglecta",1961,7,"00:00:00","1961-07-03T00:00:00","abundance",NA,14,46.375039,-74.506946,"gbif","GBIF","eButterfly Surveys","Vermont Center for Ecostudies","Vermont Center for Ecostudies","cc by nc 4.0","Vermont Center for Ecostudies"
"Papilio canadensis",1961,6,"00:00:00","1961-06-04T00:00:00","occurrence",NA,1,45.958702,-73.21967,"gbif","GBIF","eButterfly Surveys","Vermont Center for Ecostudies","Vermont Center for Ecostudies","cc by nc 4.0","Vermont Center for Ecostudies"
"Colias interior",1961,7,"00:00:00","1961-07-10T00:00:00","abundance",NA,6,46.691422,-75.888049,"gbif","GBIF","eButterfly Surveys","Vermont Center for Ecostudies","Vermont Center for Ecostudies","cc by nc 4.0","Vermont Center for Ecostudies"
"Nymphalis l-album",1961,7,"00:00:00","1961-07-31T00:00:00","occurrence",NA,1,47.181815,-70.217071,"gbif","GBIF","eButterfly Surveys","Vermont Center for Ecostudies","Vermont Center for Ecostudies","cc by nc 4.0","Vermont Center for Ecostudies"
"Lepidoptera",1961,7,"00:00:00","1961-07-17T00:00:00","occurrence",NA,1,46.69684,-71.591027,"gbif","GBIF","eButterfly Surveys","Vermont Center for Ecostudies","Vermont Center for Ecostudies","cc by nc 4.0","Vermont Center for Ecostudies"
"Callophrys lanoraieensis",1961,6,"00:00:00","1961-06-02T00:00:00","occurrence",NA,1,45.96667,-73.21667,"gbif","GBIF","Entomology Division, Yale Peabody Museum","Yale University Peabody Museum","Yale University Peabody Museum","cc0 1.0","Yale University Peabody Museum"
"Carterocephalus palaemon",1961,6,"00:00:00","1961-06-04T00:00:00","occurrence",NA,1,45.9667,-73.2167,"gbif","GBIF","Lyman Entomological Museum","Canadian Biodiversity Information Facility","Canadian Biodiversity Information Facility","cc0 1.0","Canadian Biodiversity Information Facility"
"Hesperia comma laurentina",1961,8,"00:00:00","1961-08-17T00:00:00","occurrence",NA,1,46.04787,-74.26582,"gbif","GBIF","Museum of Comparative Zoology, Harvard University","Museum of Comparative Zoology, Harvard University","Museum of Comparative Zoology, Harvard University","cc by nc 4.0","Museum of Comparative Zoology, Harvard University"
"Limenitis arthemis",1961,7,"00:00:00","1961-07-12T00:00:00","occurrence",NA,1,46.6167,-75.9,"gbif","GBIF","Lyman Entomological Museum","Canadian Biodiversity Information Facility","Canadian Biodiversity Information Facility","cc0 1.0","Canadian Biodiversity Information Facility"
"Carterocephalus palaemon",1961,6,"00:00:00","1961-06-04T00:00:00","occurrence",NA,1,45.9667,-73.2167,"gbif","GBIF","Lyman Entomological Museum","Canadian Biodiversity Information Facility","Canadian Biodiversity Information Facility","cc0 1.0","Canadian Biodiversity Information Facility"
"Colias philodice",1961,6,"00:00:00","1961-06-10T00:00:00","occurrence",NA,1,45.4167,-73.9333,"gbif","GBIF","Lyman Entomological Museum","Canadian Biodiversity Information Facility","Canadian Biodiversity Information Facility","cc0 1.0","Canadian Biodiversity Information Facility"
"Colias philodice",1961,7,"00:00:00","1961-07-10T00:00:00","occurrence",NA,1,46.6167,-75.9,"gbif","GBIF","Lyman Entomological Museum","Canadian Biodiversity Information Facility","Canadian Biodiversity Information Facility","cc0 1.0","Canadian Biodiversity Information Facility"
"Colias philodice",1961,7,"00:00:00","1961-07-12T00:00:00","occurrence",NA,1,46.6167,-75.9,"gbif","GBIF","Lyman Entomological Museum","Canadian Biodiversity Information Facility","Canadian Biodiversity Information Facility","cc0 1.0","Canadian Biodiversity Information Facility"
"Coenonympha tullia",1961,7,"00:00:00","1961-07-10T00:00:00","occurrence",NA,1,46.6167,-75.9,"gbif","GBIF","Lyman Entomological Museum","Canadian Biodiversity Information Facility","Canadian Biodiversity Information Facility","cc0 1.0","Canadian Biodiversity Information Facility"
"Limenitis arthemis",1961,7,"00:00:00","1961-07-24T00:00:00","occurrence",NA,1,45.6667,-73.75,"gbif","GBIF","Lyman Entomological Museum","Canadian Biodiversity Information Facility","Canadian Biodiversity Information Facility","cc0 1.0","Canadian Biodiversity Information Facility"
"Celastrina ladon",1961,5,"00:00:00","1961-05-14T00:00:00","occurrence",NA,1,46.05,-73.7167,"gbif","GBIF","Lyman Entomological Museum","Canadian Biodiversity Information Facility","Canadian Biodiversity Information Facility","cc0 1.0","Canadian Biodiversity Information Facility"
"Callophrys augustinus",1961,5,"00:00:00","1961-05-14T00:00:00","occurrence",NA,1,46.05,-73.7167,"gbif","GBIF","Lyman Entomological Museum","Canadian Biodiversity Information Facility","Canadian Biodiversity Information Facility","cc0 1.0","Canadian Biodiversity Information Facility"
"Colias interior",1961,7,"00:00:00","1961-07-12T00:00:00","occurrence",NA,1,46.6167,-75.9,"gbif","GBIF","Lyman Entomological Museum","Canadian Biodiversity Information Facility","Canadian Biodiversity Information Facility","cc0 1.0","Canadian Biodiversity Information Facility"
"Colias interior",1961,7,"00:00:00","1961-07-10T00:00:00","occurrence",NA,1,46.6167,-75.9,"gbif","GBIF","Lyman Entomological Museum","Canadian Biodiversity Information Facility","Canadian Biodiversity Information Facility","cc0 1.0","Canadian Biodiversity Information Facility"
"Colias philodice",1961,6,"00:00:00","1961-06-10T00:00:00","occurrence",NA,1,45.4167,-73.9333,"gbif","GBIF","Lyman Entomological Museum","Canadian Biodiversity Information Facility","Canadian Biodiversity Information Facility","cc0 1.0","Canadian Biodiversity Information Facility"
"Colias philodice",1961,6,"00:00:00","1961-06-04T00:00:00","occurrence",NA,1,45.9667,-73.2167,"gbif","GBIF","Lyman Entomological Museum","Canadian Biodiversity Information Facility","Canadian Biodiversity Information Facility","cc0 1.0","Canadian Biodiversity Information Facility"
"Chlosyne harrisii",1961,7,"00:00:00","1961-07-03T00:00:00","occurrence",NA,1,45.9667,-73.2167,"gbif","GBIF","Lyman Entomological Museum","Canadian Biodiversity Information Facility","Canadian Biodiversity Information Facility","cc0 1.0","Canadian Biodiversity Information Facility"
"Erynnis juvenalis",1961,6,"00:00:00","1961-06-10T00:00:00","occurrence",NA,1,45.4167,-73.9333,"gbif","GBIF","Lyman Entomological Museum","Canadian Biodiversity Information Facility","Canadian Biodiversity Information Facility","cc0 1.0","Canadian Biodiversity Information Facility"
"Callophrys niphon",1961,6,"00:00:00","1961-06-04T00:00:00","occurrence",NA,1,45.9667,-73.2167,"gbif","GBIF","Lyman Entomological Museum","Canadian Biodiversity Information Facility","Canadian Biodiversity Information Facility","cc0 1.0","Canadian Biodiversity Information Facility"
"Papilio canadensis",1961,6,"00:00:00","1961-06-04T00:00:00","occurrence",NA,1,45.9667,-73.2167,"gbif","GBIF","Lyman Entomological Museum","Canadian Biodiversity Information Facility","Canadian Biodiversity Information Facility","cc0 1.0","Canadian Biodiversity Information Facility"
"Erynnis lucilius",1961,6,"00:00:00","1961-06-04T00:00:00","occurrence",NA,1,45.9667,-73.2167,"gbif","GBIF","Lyman Entomological Museum","Canadian Biodiversity Information Facility","Canadian Biodiversity Information Facility","cc0 1.0","Canadian Biodiversity Information Facility"
"Polites mystic",1961,7,"00:00:00","1961-07-21T00:00:00","occurrence",NA,1,47.666667,-68.833333,"gbif","GBIF","Entomology Collection at the Natural History Museum of Utah","Natural History Museum of Utah (UMNH)","Natural History Museum of Utah (UMNH)","cc by nc 4.0","Natural History Museum of Utah (UMNH)"
"Hyles lineata",1961,6,"00:00:00","1961-06-01T00:00:00","occurrence",NA,1,45.366667,-73.933333,"gbif","GBIF","Entomology Division, Yale Peabody Museum","Yale University Peabody Museum","Yale University Peabody Museum","cc0 1.0","Yale University Peabody Museum"
"Xestia praevia",1961,8,"00:00:00","1961-08-12T00:00:00","occurrence",NA,1,45.491221,-76.00309,"gbif","GBIF","Entomology Division, Yale Peabody Museum","Yale University Peabody Museum","Yale University Peabody Museum","cc0 1.0","Yale University Peabody Museum"
"Colias philodice",1961,6,"00:00:00","1961-06-04T00:00:00","occurrence",NA,1,45.958702,-73.21967,"gbif","GBIF","eButterfly Surveys","Vermont Center for Ecostudies","Vermont Center for Ecostudies","cc by nc 4.0","Vermont Center for Ecostudies"
"Colias interior",1961,7,"00:00:00","1961-07-13T00:00:00","abundance",NA,2,46.397209,-75.024377,"gbif","GBIF","eButterfly Surveys","Vermont Center for Ecostudies","Vermont Center for Ecostudies","cc by nc 4.0","Vermont Center for Ecostudies"
"Colias interior",1961,7,"00:00:00","1961-07-12T00:00:00","occurrence",NA,1,46.691422,-75.888049,"gbif","GBIF","eButterfly Surveys","Vermont Center for Ecostudies","Vermont Center for Ecostudies","cc by nc 4.0","Vermont Center for Ecostudies"
"Callophrys eryphon",1961,6,"00:00:00","1961-06-01T00:00:00","occurrence",NA,1,48.881683,-72.232114,"gbif","GBIF","eButterfly Surveys","Vermont Center for Ecostudies","Vermont Center for Ecostudies","cc by nc 4.0","Vermont Center for Ecostudies"
"Boloria selene",1961,6,"00:00:00","1961-06-25T00:00:00","abundance",NA,6,46.375039,-74.506946,"gbif","GBIF","eButterfly Surveys","Vermont Center for Ecostudies","Vermont Center for Ecostudies","cc by nc 4.0","Vermont Center for Ecostudies"
"Celastrina lucia",1961,5,"00:00:00","1961-05-06T00:00:00","occurrence",NA,1,45.958702,-73.21967,"gbif","GBIF","eButterfly Surveys","Vermont Center for Ecostudies","Vermont Center for Ecostudies","cc by nc 4.0","Vermont Center for Ecostudies"
"Agriades glandon",1961,7,"00:00:00","1961-07-03T00:00:00","occurrence",NA,1,54.8,-66.8333,"gbif","GBIF","Canadian National Collection (CNC) of Insects, Arachnids and Nematodes","Canadian Biodiversity Information Facility","Canadian Biodiversity Information Facility","cc by 4.0","Canadian Biodiversity Information Facility"
"Plebejus saepiolus",1961,6,"00:00:00","1961-06-04T00:00:00","occurrence",NA,1,46.4,-75.0333,"gbif","GBIF","Canadian National Collection (CNC) of Insects, Arachnids and Nematodes","Canadian Biodiversity Information Facility","Canadian Biodiversity Information Facility","cc by 4.0","Canadian Biodiversity Information Facility"
"Satyrium calanus",1961,7,"00:00:00","1961-07-18T00:00:00","occurrence",NA,1,45.5333,-75.85,"gbif","GBIF","Canadian National Collection (CNC) of Insects, Arachnids and Nematodes","Canadian Biodiversity Information Facility","Canadian Biodiversity Information Facility","cc by 4.0","Canadian Biodiversity Information Facility"
"Limenitis archippus",1961,7,"","1961-07-03","presence",NA,1,45.0769,-64.4945,"ebutterfly","Maxim Larrivée, Jeremy Kerr, Kent McFarland and Katy Prudic","eButterfly","ebutterfly","eButterfly","","eButterfly"
"Lycaena helloides",1961,6,"","1961-06-20","presence",NA,1,49.8075,-97.1366,"ebutterfly","Maxim Larrivée, Jeremy Kerr, Kent McFarland and Katy Prudic","eButterfly","ebutterfly","eButterfly","","eButterfly"
"Papilio polyxenes",1961,7,"","1961-07-16","presence",NA,1,49.9014,-97.2071,"ebutterfly","Maxim Larrivée, Jeremy Kerr, Kent McFarland and Katy Prudic","eButterfly","ebutterfly","eButterfly","","eButterfly"
"Polygonia comma",1961,6,"","1961-06-28","presence",NA,1,49.8075,-97.1366,"ebutterfly","Maxim Larrivée, Jeremy Kerr, Kent McFarland and Katy Prudic","eButterfly","ebutterfly","eButterfly","","eButterfly"
"Cercyonis pegala",1961,7,"","1961-07-16","presence",NA,1,49.9014,-97.2071,"ebutterfly","Maxim Larrivée, Jeremy Kerr, Kent McFarland and Katy Prudic","eButterfly","ebutterfly","eButterfly","","eButterfly"
"Chlosyne harrisii",1961,7,"","1961-07-03","presence",NA,1,45.0769,-64.4945,"ebutterfly","Maxim Larrivée, Jeremy Kerr, Kent McFarland and Katy Prudic","eButterfly","ebutterfly","eButterfly","","eButterfly"
