"observed_scientific_name","year_obs","day_obs","time_obs","dwc_event_date","obs_variable","obs_unit","obs_value","lat","lon","original_source","creator","title","publisher","intellectual_rights","license","owner"
"Thymelicus lineola",1963,7,"00:00:00","1963-07-05T00:00:00","presence",NA,1,45.623,-73.6516,"ebutterfly","Maxim Larrivée, Jeremy Kerr, Kent McFarland and Katy Prudic","eButterfly","ebutterfly","eButterfly","","eButterfly"
"Thymelicus lineola",1963,7,"00:00:00","1963-07-02T00:00:00","presence",NA,1,45.623,-73.6516,"ebutterfly","Maxim Larrivée, Jeremy Kerr, Kent McFarland and Katy Prudic","eButterfly","ebutterfly","eButterfly","","eButterfly"
"Thymelicus lineola",1963,7,"00:00:00","1963-07-11T00:00:00","presence",NA,1,45.623,-73.6516,"ebutterfly","Maxim Larrivée, Jeremy Kerr, Kent McFarland and Katy Prudic","eButterfly","ebutterfly","eButterfly","","eButterfly"
"Thymelicus lineola",1963,7,"00:00:00","1963-07-01T00:00:00","presence",NA,1,45.623,-73.6516,"ebutterfly","Maxim Larrivée, Jeremy Kerr, Kent McFarland and Katy Prudic","eButterfly","ebutterfly","eButterfly","","eButterfly"
"Thymelicus lineola",1963,7,"00:00:00","1963-07-03T00:00:00","presence",NA,1,45.623,-73.6516,"ebutterfly","Maxim Larrivée, Jeremy Kerr, Kent McFarland and Katy Prudic","eButterfly","ebutterfly","eButterfly","","eButterfly"
"Thymelicus lineola",1963,7,"00:00:00","1963-07-04T00:00:00","presence",NA,1,45.623,-73.6516,"ebutterfly","Maxim Larrivée, Jeremy Kerr, Kent McFarland and Katy Prudic","eButterfly","ebutterfly","eButterfly","","eButterfly"
"Colias philodice",1963,6,"00:00:00","1963-06-08T00:00:00","presence",NA,1,45.623,-73.6516,"ebutterfly","Maxim Larrivée, Jeremy Kerr, Kent McFarland and Katy Prudic","eButterfly","ebutterfly","eButterfly","","eButterfly"
"Colias philodice",1963,6,"00:00:00","1963-06-30T00:00:00","presence",NA,1,45.623,-73.6516,"ebutterfly","Maxim Larrivée, Jeremy Kerr, Kent McFarland and Katy Prudic","eButterfly","ebutterfly","eButterfly","","eButterfly"
"Papilio canadensis",1963,6,"00:00:00","1963-06-05T00:00:00","presence",NA,1,45.9938,-73.988,"ebutterfly","Maxim Larrivée, Jeremy Kerr, Kent McFarland and Katy Prudic","eButterfly","ebutterfly","eButterfly","","eButterfly"
"Papilio brevicauda",1963,7,"","1963-07-22","presence",NA,1,48.8532,-66.0385,"ebutterfly","Maxim Larrivée, Jeremy Kerr, Kent McFarland and Katy Prudic","eButterfly","ebutterfly","eButterfly","","eButterfly"
"Speyeria aphrodite",1963,8,"","1963-08-03","presence",NA,1,46.3972,-75.0244,"ebutterfly","Maxim Larrivée, Jeremy Kerr, Kent McFarland and Katy Prudic","eButterfly","ebutterfly","eButterfly","","eButterfly"
"Danaus plexippus",1963,10,"","1963-10-19","presence",NA,1,45.3933,-73.9551,"ebutterfly","Maxim Larrivée, Jeremy Kerr, Kent McFarland and Katy Prudic","eButterfly","ebutterfly","eButterfly","","eButterfly"
"Boloria bellona",1963,6,"","1963-06-02","presence",NA,1,46.3972,-75.0244,"ebutterfly","Maxim Larrivée, Jeremy Kerr, Kent McFarland and Katy Prudic","eButterfly","ebutterfly","eButterfly","","eButterfly"
"Callophrys augustinus",1963,6,"","1963-06-02","presence",NA,1,46.3972,-75.0244,"ebutterfly","Maxim Larrivée, Jeremy Kerr, Kent McFarland and Katy Prudic","eButterfly","ebutterfly","eButterfly","","eButterfly"
"Aglais milberti",1963,10,"","1963-10-01","presence",NA,1,45.9931,-73.2985,"ebutterfly","Maxim Larrivée, Jeremy Kerr, Kent McFarland and Katy Prudic","eButterfly","ebutterfly","eButterfly","","eButterfly"
"Speyeria cybele",1963,1,"","1963-01-01","presence",NA,1,45.3933,-73.9551,"ebutterfly","Maxim Larrivée, Jeremy Kerr, Kent McFarland and Katy Prudic","eButterfly","ebutterfly","eButterfly","","eButterfly"
"Coenonympha inornata",1963,6,"","1963-06-08","presence",NA,1,45.5546,-73.7084,"ebutterfly","Maxim Larrivée, Jeremy Kerr, Kent McFarland and Katy Prudic","eButterfly","ebutterfly","eButterfly","","eButterfly"
"Coenonympha inornata",1963,6,"","1963-06-14","presence",NA,1,46.8618,-72.3955,"ebutterfly","Maxim Larrivée, Jeremy Kerr, Kent McFarland and Katy Prudic","eButterfly","ebutterfly","eButterfly","","eButterfly"
"Thorybes pylades",1963,6,"","1963-06-15","presence",NA,1,46.7351,-71.4587,"ebutterfly","Maxim Larrivée, Jeremy Kerr, Kent McFarland and Katy Prudic","eButterfly","ebutterfly","eButterfly","","eButterfly"
"Pieris oleracea",1963,6,"","1963-06-12","presence",NA,1,47.1229,-70.2056,"ebutterfly","Maxim Larrivée, Jeremy Kerr, Kent McFarland and Katy Prudic","eButterfly","ebutterfly","eButterfly","","eButterfly"
"Erynnis icelus",1963,6,"","1963-06-24","presence",NA,1,46.7351,-71.4587,"ebutterfly","Maxim Larrivée, Jeremy Kerr, Kent McFarland and Katy Prudic","eButterfly","ebutterfly","eButterfly","","eButterfly"
"Poanes hobomok",1963,6,"","1963-06-15","presence",NA,1,46.7351,-71.4587,"ebutterfly","Maxim Larrivée, Jeremy Kerr, Kent McFarland and Katy Prudic","eButterfly","ebutterfly","eButterfly","","eButterfly"
"Erynnis icelus",1963,6,"","1963-06-11","presence",NA,1,46.7199,-71.194,"ebutterfly","Maxim Larrivée, Jeremy Kerr, Kent McFarland and Katy Prudic","eButterfly","ebutterfly","eButterfly","","eButterfly"
"Pieris rapae",1963,9,"","1963-09-06","presence",NA,1,47.2316,-71.2226,"ebutterfly","Maxim Larrivée, Jeremy Kerr, Kent McFarland and Katy Prudic","eButterfly","ebutterfly","eButterfly","","eButterfly"
"Colias interior",1963,7,"","1963-07-02","presence",NA,1,46.4122,-71.2343,"ebutterfly","Maxim Larrivée, Jeremy Kerr, Kent McFarland and Katy Prudic","eButterfly","ebutterfly","eButterfly","","eButterfly"
"Papilio canadensis",1963,6,"","1963-06-15","presence",NA,1,46.7351,-71.4587,"ebutterfly","Maxim Larrivée, Jeremy Kerr, Kent McFarland and Katy Prudic","eButterfly","ebutterfly","eButterfly","","eButterfly"
"Coenonympha inornata",1963,6,"","1963-06-15","presence",NA,1,47.4058,-71.5298,"ebutterfly","Maxim Larrivée, Jeremy Kerr, Kent McFarland and Katy Prudic","eButterfly","ebutterfly","eButterfly","","eButterfly"
"Euphydryas phaeton",1963,6,"","1963-06-24","presence",NA,1,46.7351,-71.4587,"ebutterfly","Maxim Larrivée, Jeremy Kerr, Kent McFarland and Katy Prudic","eButterfly","ebutterfly","eButterfly","","eButterfly"
"Satyrium acadica",1963,7,"","1963-07-20","presence",NA,1,46.7589,-71.107,"ebutterfly","Maxim Larrivée, Jeremy Kerr, Kent McFarland and Katy Prudic","eButterfly","ebutterfly","eButterfly","","eButterfly"
"Celastrina lucia",1963,7,"","1963-07-20","presence",NA,1,46.3704,-71.8831,"ebutterfly","Maxim Larrivée, Jeremy Kerr, Kent McFarland and Katy Prudic","eButterfly","ebutterfly","eButterfly","","eButterfly"
"Glaucopsyche lygdamus",1963,6,"","1963-06-15","presence",NA,1,46.7834,-70.7262,"ebutterfly","Maxim Larrivée, Jeremy Kerr, Kent McFarland and Katy Prudic","eButterfly","ebutterfly","eButterfly","","eButterfly"
"Polygonia interrogationis",1963,9,"","1963-09-19","presence",NA,1,49.0488,-64.4787,"ebutterfly","Maxim Larrivée, Jeremy Kerr, Kent McFarland and Katy Prudic","eButterfly","ebutterfly","eButterfly","","eButterfly"
"Speyeria atlantis",1963,6,"","1963-06-29","presence",NA,1,47.2484,-71.2407,"ebutterfly","Maxim Larrivée, Jeremy Kerr, Kent McFarland and Katy Prudic","eButterfly","ebutterfly","eButterfly","","eButterfly"
"Chlosyne nycteis",1963,6,"","1963-06-15","presence",NA,1,46.7351,-71.4587,"ebutterfly","Maxim Larrivée, Jeremy Kerr, Kent McFarland and Katy Prudic","eButterfly","ebutterfly","eButterfly","","eButterfly"
"Speyeria cybele",1963,7,"","1963-07-01","presence",NA,1,47.2484,-71.2407,"ebutterfly","Maxim Larrivée, Jeremy Kerr, Kent McFarland and Katy Prudic","eButterfly","ebutterfly","eButterfly","","eButterfly"
"Phyciodes cocyta",1963,6,"","1963-06-22","presence",NA,1,46.3654,-71.3747,"ebutterfly","Maxim Larrivée, Jeremy Kerr, Kent McFarland and Katy Prudic","eButterfly","ebutterfly","eButterfly","","eButterfly"
"Lethe eurydice",1963,6,"","1963-06-29","presence",NA,1,46.7351,-71.4587,"ebutterfly","Maxim Larrivée, Jeremy Kerr, Kent McFarland and Katy Prudic","eButterfly","ebutterfly","eButterfly","","eButterfly"
"Boloria bellona",1963,7,"","1963-07-20","presence",NA,1,47.2316,-71.2226,"ebutterfly","Maxim Larrivée, Jeremy Kerr, Kent McFarland and Katy Prudic","eButterfly","ebutterfly","eButterfly","","eButterfly"
"Limenitis archippus",1963,6,"","1963-06-24","presence",NA,1,46.7351,-71.4587,"ebutterfly","Maxim Larrivée, Jeremy Kerr, Kent McFarland and Katy Prudic","eButterfly","ebutterfly","eButterfly","","eButterfly"
"Lethe anthedon",1963,7,"","1963-07-20","presence",NA,1,46.7351,-71.4587,"ebutterfly","Maxim Larrivée, Jeremy Kerr, Kent McFarland and Katy Prudic","eButterfly","ebutterfly","eButterfly","","eButterfly"
"Speyeria atlantis",1963,6,"","1963-06-29","presence",NA,1,47.2316,-71.2226,"ebutterfly","Maxim Larrivée, Jeremy Kerr, Kent McFarland and Katy Prudic","eButterfly","ebutterfly","eButterfly","","eButterfly"
"Coenonympha inornata",1963,6,"","1963-06-15","presence",NA,1,46.7351,-71.4587,"ebutterfly","Maxim Larrivée, Jeremy Kerr, Kent McFarland and Katy Prudic","eButterfly","ebutterfly","eButterfly","","eButterfly"
"Cercyonis pegala",1963,7,"","1963-07-20","presence",NA,1,47.4058,-71.5298,"ebutterfly","Maxim Larrivée, Jeremy Kerr, Kent McFarland and Katy Prudic","eButterfly","ebutterfly","eButterfly","","eButterfly"
"Danaus plexippus",1963,7,"","1963-07-07","presence",NA,1,47.2316,-71.2226,"ebutterfly","Maxim Larrivée, Jeremy Kerr, Kent McFarland and Katy Prudic","eButterfly","ebutterfly","eButterfly","","eButterfly"
"Coenonympha inornata",1963,6,"","1963-06-17","presence",NA,1,46.747,-71.4593,"ebutterfly","Maxim Larrivée, Jeremy Kerr, Kent McFarland and Katy Prudic","eButterfly","ebutterfly","eButterfly","","eButterfly"
"Thymelicus lineola",1963,7,"00:00:00","1963-07-05T00:00:00","occurrence",NA,1,45.622968,-73.651612,"gbif","GBIF","eButterfly Surveys","Vermont Center for Ecostudies","Vermont Center for Ecostudies","cc by nc 4.0","Vermont Center for Ecostudies"
"Pieris oleracea",1963,6,"00:00:00","1963-06-12T00:00:00","occurrence",NA,1,47.122899,-70.205606,"gbif","GBIF","eButterfly Surveys","Vermont Center for Ecostudies","Vermont Center for Ecostudies","cc by nc 4.0","Vermont Center for Ecostudies"
"Coenonympha tullia",1963,6,"00:00:00","1963-06-15T00:00:00","occurrence",NA,1,46.782996,-71.28607,"gbif","GBIF","eButterfly Surveys","Vermont Center for Ecostudies","Vermont Center for Ecostudies","cc by nc 4.0","Vermont Center for Ecostudies"
"Satyrium acadica",1963,7,"00:00:00","1963-07-20T00:00:00","abundance",NA,2,46.782996,-71.28607,"gbif","GBIF","eButterfly Surveys","Vermont Center for Ecostudies","Vermont Center for Ecostudies","cc by nc 4.0","Vermont Center for Ecostudies"
"Speyeria atlantis",1963,6,"00:00:00","1963-06-29T00:00:00","occurrence",NA,1,46.782996,-71.28607,"gbif","GBIF","eButterfly Surveys","Vermont Center for Ecostudies","Vermont Center for Ecostudies","cc by nc 4.0","Vermont Center for Ecostudies"
"Chlosyne harrisii",1963,6,"00:00:00","1963-06-13T00:00:00","occurrence",NA,1,46.782996,-71.28607,"gbif","GBIF","eButterfly Surveys","Vermont Center for Ecostudies","Vermont Center for Ecostudies","cc by nc 4.0","Vermont Center for Ecostudies"
"Lethe eurydice",1963,6,"00:00:00","1963-06-29T00:00:00","abundance",NA,3,46.782996,-71.28607,"gbif","GBIF","eButterfly Surveys","Vermont Center for Ecostudies","Vermont Center for Ecostudies","cc by nc 4.0","Vermont Center for Ecostudies"
"Danaus plexippus",1963,7,"00:00:00","1963-07-07T00:00:00","occurrence",NA,1,46.782996,-71.28607,"gbif","GBIF","eButterfly Surveys","Vermont Center for Ecostudies","Vermont Center for Ecostudies","cc by nc 4.0","Vermont Center for Ecostudies"
"Papilio canadensis",1963,6,"00:00:00","1963-06-15T00:00:00","occurrence",NA,1,46.735138,-71.458701,"gbif","GBIF","eButterfly Surveys","Vermont Center for Ecostudies","Vermont Center for Ecostudies","cc by nc 4.0","Vermont Center for Ecostudies"
"Polites themistocles",1963,6,"00:00:00","1963-06-24T00:00:00","abundance",NA,2,46.782996,-71.28607,"gbif","GBIF","eButterfly Surveys","Vermont Center for Ecostudies","Vermont Center for Ecostudies","cc by nc 4.0","Vermont Center for Ecostudies"
"Glaucopsyche lygdamus",1963,6,"00:00:00","1963-06-15T00:00:00","occurrence",NA,1,46.782996,-71.28607,"gbif","GBIF","eButterfly Surveys","Vermont Center for Ecostudies","Vermont Center for Ecostudies","cc by nc 4.0","Vermont Center for Ecostudies"
"Chlosyne nycteis",1963,6,"00:00:00","1963-06-15T00:00:00","occurrence",NA,1,46.735138,-71.458701,"gbif","GBIF","eButterfly Surveys","Vermont Center for Ecostudies","Vermont Center for Ecostudies","cc by nc 4.0","Vermont Center for Ecostudies"
"Thymelicus lineola",1963,7,"00:00:00","1963-07-02T00:00:00","occurrence",NA,1,45.622968,-73.651612,"gbif","GBIF","eButterfly Surveys","Vermont Center for Ecostudies","Vermont Center for Ecostudies","cc by nc 4.0","Vermont Center for Ecostudies"
"Colias philodice",1963,6,"00:00:00","1963-06-08T00:00:00","occurrence",NA,1,45.622968,-73.651612,"gbif","GBIF","eButterfly Surveys","Vermont Center for Ecostudies","Vermont Center for Ecostudies","cc by nc 4.0","Vermont Center for Ecostudies"
"Callophrys augustinus",1963,6,"00:00:00","1963-06-02T00:00:00","abundance",NA,2,46.397209,-75.024377,"gbif","GBIF","eButterfly Surveys","Vermont Center for Ecostudies","Vermont Center for Ecostudies","cc by nc 4.0","Vermont Center for Ecostudies"
"Poanes hobomok",1963,6,"00:00:00","1963-06-15T00:00:00","occurrence",NA,1,46.735138,-71.458701,"gbif","GBIF","eButterfly Surveys","Vermont Center for Ecostudies","Vermont Center for Ecostudies","cc by nc 4.0","Vermont Center for Ecostudies"
"Coenonympha tullia",1963,6,"00:00:00","1963-06-15T00:00:00","abundance",NA,2,46.735138,-71.458701,"gbif","GBIF","eButterfly Surveys","Vermont Center for Ecostudies","Vermont Center for Ecostudies","cc by nc 4.0","Vermont Center for Ecostudies"
"Thymelicus lineola",1963,7,"00:00:00","1963-07-04T00:00:00","occurrence",NA,1,45.622968,-73.651612,"gbif","GBIF","eButterfly Surveys","Vermont Center for Ecostudies","Vermont Center for Ecostudies","cc by nc 4.0","Vermont Center for Ecostudies"
"Speyeria aphrodite",1963,8,"00:00:00","1963-08-03T00:00:00","abundance",NA,2,46.397209,-75.024377,"gbif","GBIF","eButterfly Surveys","Vermont Center for Ecostudies","Vermont Center for Ecostudies","cc by nc 4.0","Vermont Center for Ecostudies"
"Erynnis icelus",1963,6,"00:00:00","1963-06-24T00:00:00","occurrence",NA,1,46.782996,-71.28607,"gbif","GBIF","eButterfly Surveys","Vermont Center for Ecostudies","Vermont Center for Ecostudies","cc by nc 4.0","Vermont Center for Ecostudies"
"Speyeria cybele",1963,7,"00:00:00","1963-07-01T00:00:00","abundance",NA,3,46.782996,-71.28607,"gbif","GBIF","eButterfly Surveys","Vermont Center for Ecostudies","Vermont Center for Ecostudies","cc by nc 4.0","Vermont Center for Ecostudies"
"Thymelicus lineola",1963,7,"00:00:00","1963-07-03T00:00:00","occurrence",NA,1,45.622968,-73.651612,"gbif","GBIF","eButterfly Surveys","Vermont Center for Ecostudies","Vermont Center for Ecostudies","cc by nc 4.0","Vermont Center for Ecostudies"
"Aglais milberti",1963,10,"00:00:00","1963-10-01T00:00:00","occurrence",NA,1,45.993107,-73.29848,"gbif","GBIF","eButterfly Surveys","Vermont Center for Ecostudies","Vermont Center for Ecostudies","cc by nc 4.0","Vermont Center for Ecostudies"
"Thorybes pylades",1963,6,"00:00:00","1963-06-15T00:00:00","abundance",NA,2,46.735138,-71.458701,"gbif","GBIF","eButterfly Surveys","Vermont Center for Ecostudies","Vermont Center for Ecostudies","cc by nc 4.0","Vermont Center for Ecostudies"
"Polygonia interrogationis",1963,9,"00:00:00","1963-09-19T00:00:00","occurrence",NA,1,46.782996,-71.28607,"gbif","GBIF","eButterfly Surveys","Vermont Center for Ecostudies","Vermont Center for Ecostudies","cc by nc 4.0","Vermont Center for Ecostudies"
"Speyeria atlantis",1963,6,"00:00:00","1963-06-29T00:00:00","abundance",NA,2,46.782996,-71.28607,"gbif","GBIF","eButterfly Surveys","Vermont Center for Ecostudies","Vermont Center for Ecostudies","cc by nc 4.0","Vermont Center for Ecostudies"
"Phyciodes cocyta",1963,6,"00:00:00","1963-06-22T00:00:00","abundance",NA,2,46.782996,-71.28607,"gbif","GBIF","eButterfly Surveys","Vermont Center for Ecostudies","Vermont Center for Ecostudies","cc by nc 4.0","Vermont Center for Ecostudies"
"Limenitis archippus",1963,6,"00:00:00","1963-06-24T00:00:00","abundance",NA,2,46.782996,-71.28607,"gbif","GBIF","eButterfly Surveys","Vermont Center for Ecostudies","Vermont Center for Ecostudies","cc by nc 4.0","Vermont Center for Ecostudies"
"Colias interior",1963,7,"00:00:00","1963-07-02T00:00:00","occurrence",NA,1,46.412214,-71.234315,"gbif","GBIF","eButterfly Surveys","Vermont Center for Ecostudies","Vermont Center for Ecostudies","cc by nc 4.0","Vermont Center for Ecostudies"
"Boloria selene",1963,9,"00:00:00","1963-09-02T00:00:00","occurrence",NA,1,46.412214,-71.234315,"gbif","GBIF","eButterfly Surveys","Vermont Center for Ecostudies","Vermont Center for Ecostudies","cc by nc 4.0","Vermont Center for Ecostudies"
"Coenonympha tullia",1963,6,"00:00:00","1963-06-17T00:00:00","abundance",NA,2,46.747041,-71.459344,"gbif","GBIF","eButterfly Surveys","Vermont Center for Ecostudies","Vermont Center for Ecostudies","cc by nc 4.0","Vermont Center for Ecostudies"
"Thymelicus lineola",1963,7,"00:00:00","1963-07-11T00:00:00","occurrence",NA,1,45.622968,-73.651612,"gbif","GBIF","eButterfly Surveys","Vermont Center for Ecostudies","Vermont Center for Ecostudies","cc by nc 4.0","Vermont Center for Ecostudies"
"Papilio canadensis",1963,6,"00:00:00","1963-06-05T00:00:00","occurrence",NA,1,45.99378,-73.98797,"gbif","GBIF","eButterfly Surveys","Vermont Center for Ecostudies","Vermont Center for Ecostudies","cc by nc 4.0","Vermont Center for Ecostudies"
"Boloria bellona",1963,6,"00:00:00","1963-06-02T00:00:00","occurrence",NA,1,46.397209,-75.024377,"gbif","GBIF","eButterfly Surveys","Vermont Center for Ecostudies","Vermont Center for Ecostudies","cc by nc 4.0","Vermont Center for Ecostudies"
"Coenonympha tullia",1963,6,"00:00:00","1963-06-14T00:00:00","occurrence",NA,1,46.782996,-71.28607,"gbif","GBIF","eButterfly Surveys","Vermont Center for Ecostudies","Vermont Center for Ecostudies","cc by nc 4.0","Vermont Center for Ecostudies"
"Erynnis icelus",1963,6,"00:00:00","1963-06-11T00:00:00","occurrence",NA,1,46.719864,-71.194023,"gbif","GBIF","eButterfly Surveys","Vermont Center for Ecostudies","Vermont Center for Ecostudies","cc by nc 4.0","Vermont Center for Ecostudies"
"Celastrina lucia",1963,7,"00:00:00","1963-07-20T00:00:00","occurrence",NA,1,46.782996,-71.28607,"gbif","GBIF","eButterfly Surveys","Vermont Center for Ecostudies","Vermont Center for Ecostudies","cc by nc 4.0","Vermont Center for Ecostudies"
"Lethe anthedon",1963,7,"00:00:00","1963-07-20T00:00:00","occurrence",NA,1,46.782996,-71.28607,"gbif","GBIF","eButterfly Surveys","Vermont Center for Ecostudies","Vermont Center for Ecostudies","cc by nc 4.0","Vermont Center for Ecostudies"
"Boloria bellona",1963,5,"00:00:00","1963-05-15T00:00:00","occurrence",NA,1,45.5167,-76.2333,"gbif","GBIF","Manitoba Museum of Man and Nature","Canadian Biodiversity Information Facility","Canadian Biodiversity Information Facility","cc by 4.0","Canadian Biodiversity Information Facility"
"Pieris rapae",1963,9,"00:00:00","1963-09-11T00:00:00","occurrence",NA,1,45.4167,-73.9333,"gbif","GBIF","Lyman Entomological Museum","Canadian Biodiversity Information Facility","Canadian Biodiversity Information Facility","cc0 1.0","Canadian Biodiversity Information Facility"
"Papilio brevicauda",1963,7,"00:00:00","1963-07-22T00:00:00","occurrence",NA,1,48.9214,-66.1956,"gbif","GBIF","Lyman Entomological Museum","Canadian Biodiversity Information Facility","Canadian Biodiversity Information Facility","cc0 1.0","Canadian Biodiversity Information Facility"
"Boloria eunomia dawsoni",1963,6,"00:00:00","1963-06-24T00:00:00","occurrence",NA,1,47.661118,-68.858052,"gbif","GBIF","Denver Museum of Nature & Science - Entomology","Denver Museum of Nature & Science","Denver Museum of Nature & Science","cc by nc 4.0","Denver Museum of Nature & Science"
"Boloria eunomia dawsoni",1963,6,"00:00:00","1963-06-26T00:00:00","occurrence",NA,1,47.661118,-68.858052,"gbif","GBIF","Denver Museum of Nature & Science - Entomology","Denver Museum of Nature & Science","Denver Museum of Nature & Science","cc by nc 4.0","Denver Museum of Nature & Science"
"Coenonympha tullia",1963,6,"00:00:00","1963-06-08T00:00:00","abundance",NA,6,45.554592,-73.70841,"gbif","GBIF","eButterfly Surveys","Vermont Center for Ecostudies","Vermont Center for Ecostudies","cc by nc 4.0","Vermont Center for Ecostudies"
"Polites mystic",1963,7,"00:00:00","1963-07-01T00:00:00","abundance",NA,2,46.782996,-71.28607,"gbif","GBIF","eButterfly Surveys","Vermont Center for Ecostudies","Vermont Center for Ecostudies","cc by nc 4.0","Vermont Center for Ecostudies"
"Boloria bellona",1963,7,"00:00:00","1963-07-20T00:00:00","occurrence",NA,1,46.782996,-71.28607,"gbif","GBIF","eButterfly Surveys","Vermont Center for Ecostudies","Vermont Center for Ecostudies","cc by nc 4.0","Vermont Center for Ecostudies"
"Cercyonis pegala",1963,7,"00:00:00","1963-07-20T00:00:00","abundance",NA,3,46.782996,-71.28607,"gbif","GBIF","eButterfly Surveys","Vermont Center for Ecostudies","Vermont Center for Ecostudies","cc by nc 4.0","Vermont Center for Ecostudies"
"Thymelicus lineola",1963,7,"00:00:00","1963-07-01T00:00:00","occurrence",NA,1,45.622968,-73.651612,"gbif","GBIF","eButterfly Surveys","Vermont Center for Ecostudies","Vermont Center for Ecostudies","cc by nc 4.0","Vermont Center for Ecostudies"
"Colias philodice",1963,6,"00:00:00","1963-06-30T00:00:00","occurrence",NA,1,45.622968,-73.651612,"gbif","GBIF","eButterfly Surveys","Vermont Center for Ecostudies","Vermont Center for Ecostudies","cc by nc 4.0","Vermont Center for Ecostudies"
"Papilio brevicauda",1963,7,"00:00:00","1963-07-22T00:00:00","abundance",NA,2,48.85321,-66.038524,"gbif","GBIF","eButterfly Surveys","Vermont Center for Ecostudies","Vermont Center for Ecostudies","cc by nc 4.0","Vermont Center for Ecostudies"
"Pieris rapae",1963,9,"00:00:00","1963-09-06T00:00:00","abundance",NA,3,46.782996,-71.28607,"gbif","GBIF","eButterfly Surveys","Vermont Center for Ecostudies","Vermont Center for Ecostudies","cc by nc 4.0","Vermont Center for Ecostudies"
"Euphydryas phaeton",1963,6,"00:00:00","1963-06-24T00:00:00","abundance",NA,4,46.782996,-71.28607,"gbif","GBIF","eButterfly Surveys","Vermont Center for Ecostudies","Vermont Center for Ecostudies","cc by nc 4.0","Vermont Center for Ecostudies"
"Callophrys henrici",1963,5,"00:00:00","1963-05-05T00:00:00","occurrence",NA,1,45.9833,-73.3,"gbif","GBIF","Canadian National Collection (CNC) of Insects, Arachnids and Nematodes","Canadian Biodiversity Information Facility","Canadian Biodiversity Information Facility","cc by 4.0","Canadian Biodiversity Information Facility"
"Papilio canadensis",1963,7,"00:00:00","1963-07-18T00:00:00","occurrence",NA,1,48.25,-65.9,"gbif","GBIF","Canadian National Collection (CNC) of Insects, Arachnids and Nematodes","Canadian Biodiversity Information Facility","Canadian Biodiversity Information Facility","cc by 4.0","Canadian Biodiversity Information Facility"
"Papilio polyxenes",1963,8,"13:07:00","1963-08-10T13:07:00","presence",NA,1,44.9197,-62.5169,"ebutterfly","Maxim Larrivée, Jeremy Kerr, Kent McFarland and Katy Prudic","eButterfly","ebutterfly","eButterfly","","eButterfly"
"Boloria eunomia",1963,7,"","1963-07-04","presence",NA,1,58.7684,-94.165,"ebutterfly","Maxim Larrivée, Jeremy Kerr, Kent McFarland and Katy Prudic","eButterfly","ebutterfly","eButterfly","","eButterfly"
"Boloria eunomia",1963,7,"","1963-07-13","presence",NA,1,58.7684,-94.165,"ebutterfly","Maxim Larrivée, Jeremy Kerr, Kent McFarland and Katy Prudic","eButterfly","ebutterfly","eButterfly","","eButterfly"
"Boloria polaris",1963,7,"","1963-07-13","presence",NA,1,58.7684,-94.165,"ebutterfly","Maxim Larrivée, Jeremy Kerr, Kent McFarland and Katy Prudic","eButterfly","ebutterfly","eButterfly","","eButterfly"
"Oeneis polixenes",1963,7,"","1963-07-13","presence",NA,1,58.7684,-94.165,"ebutterfly","Maxim Larrivée, Jeremy Kerr, Kent McFarland and Katy Prudic","eButterfly","ebutterfly","eButterfly","","eButterfly"
"Polites mystic",1963,7,"","1963-07-13","presence",NA,1,49.9014,-97.2071,"ebutterfly","Maxim Larrivée, Jeremy Kerr, Kent McFarland and Katy Prudic","eButterfly","ebutterfly","eButterfly","","eButterfly"
"Chlosyne nycteis",1963,6,"","1963-06-23","presence",NA,1,45.0559,-77.8549,"ebutterfly","Maxim Larrivée, Jeremy Kerr, Kent McFarland and Katy Prudic","eButterfly","ebutterfly","eButterfly","","eButterfly"
"Coenonympha inornata",1963,6,"","1963-06-23","presence",NA,1,45.0559,-77.8549,"ebutterfly","Maxim Larrivée, Jeremy Kerr, Kent McFarland and Katy Prudic","eButterfly","ebutterfly","eButterfly","","eButterfly"
"Cercyonis pegala",1963,8,"","1963-08-05","presence",NA,1,42.5295,-83.7802,"ebutterfly","Maxim Larrivée, Jeremy Kerr, Kent McFarland and Katy Prudic","eButterfly","ebutterfly","eButterfly","","eButterfly"
"Lethe eurydice",1963,8,"","1963-08-02","presence",NA,1,44.0098,-77.742,"ebutterfly","Maxim Larrivée, Jeremy Kerr, Kent McFarland and Katy Prudic","eButterfly","ebutterfly","eButterfly","","eButterfly"
"Amblyscirtes vialis",1963,6,"","1963-06-23","presence",NA,1,45.0559,-77.8549,"ebutterfly","Maxim Larrivée, Jeremy Kerr, Kent McFarland and Katy Prudic","eButterfly","ebutterfly","eButterfly","","eButterfly"
"Colias",1963,7,"","1963-07-23","presence",NA,1,68.3607,-133.723,"ebutterfly","Maxim Larrivée, Jeremy Kerr, Kent McFarland and Katy Prudic","eButterfly","ebutterfly","eButterfly","","eButterfly"
"Thymelicus lineola",1963,7,"","1963-07-13","presence",NA,1,44.742,-81.1408,"ebutterfly","Maxim Larrivée, Jeremy Kerr, Kent McFarland and Katy Prudic","eButterfly","ebutterfly","eButterfly","","eButterfly"
"Polites mystic",1963,7,"","1963-07-01","presence",NA,1,42.4771,-83.3792,"ebutterfly","Maxim Larrivée, Jeremy Kerr, Kent McFarland and Katy Prudic","eButterfly","ebutterfly","eButterfly","","eButterfly"
"Polites themistocles",1963,6,"","1963-06-24","presence",NA,1,42.4771,-83.3792,"ebutterfly","Maxim Larrivée, Jeremy Kerr, Kent McFarland and Katy Prudic","eButterfly","ebutterfly","eButterfly","","eButterfly"
"Chlosyne harrisii",1963,6,"","1963-06-13","presence",NA,1,50.4595,-104.6788,"ebutterfly","Maxim Larrivée, Jeremy Kerr, Kent McFarland and Katy Prudic","eButterfly","ebutterfly","eButterfly","","eButterfly"
