"observed_scientific_name","year_obs","day_obs","time_obs","dwc_event_date","obs_variable","obs_unit","obs_value","lat","lon","original_source","creator","title","publisher","intellectual_rights","license","owner"
"Pieris rapae",1966,8,"00:00:00","1966-08-27T00:00:00","presence",NA,1,45.5435,-75.4192,"ebutterfly","Maxim Larrivée, Jeremy Kerr, Kent McFarland and Katy Prudic","eButterfly","ebutterfly","eButterfly","","eButterfly"
"Colias philodice",1966,8,"00:00:00","1966-08-27T00:00:00","presence",NA,1,45.5435,-75.4192,"ebutterfly","Maxim Larrivée, Jeremy Kerr, Kent McFarland and Katy Prudic","eButterfly","ebutterfly","eButterfly","","eButterfly"
"Colias philodice",1966,8,"00:00:00","1966-08-03T00:00:00","presence",NA,1,46.3242,-75.09,"ebutterfly","Maxim Larrivée, Jeremy Kerr, Kent McFarland and Katy Prudic","eButterfly","ebutterfly","eButterfly","","eButterfly"
"Cercyonis pegala",1966,8,"00:00:00","1966-08-10T00:00:00","presence",NA,1,45.8682,-75.5808,"ebutterfly","Maxim Larrivée, Jeremy Kerr, Kent McFarland and Katy Prudic","eButterfly","ebutterfly","eButterfly","","eButterfly"
"Polites peckius",1966,7,"00:00:00","1966-07-07T00:00:00","presence",NA,1,45.931,-74.0248,"ebutterfly","Maxim Larrivée, Jeremy Kerr, Kent McFarland and Katy Prudic","eButterfly","ebutterfly","eButterfly","","eButterfly"
"Speyeria cybele",1966,7,"00:00:00","1966-07-18T00:00:00","presence",NA,1,45.9489,-73.9787,"ebutterfly","Maxim Larrivée, Jeremy Kerr, Kent McFarland and Katy Prudic","eButterfly","ebutterfly","eButterfly","","eButterfly"
"Poanes hobomok",1966,6,"","1966-06-21","presence",NA,1,45.693,-73.6331,"ebutterfly","Maxim Larrivée, Jeremy Kerr, Kent McFarland and Katy Prudic","eButterfly","ebutterfly","eButterfly","","eButterfly"
"Hesperia comma",1966,8,"","1966-08-17","presence",NA,1,45.693,-73.6331,"ebutterfly","Maxim Larrivée, Jeremy Kerr, Kent McFarland and Katy Prudic","eButterfly","ebutterfly","eButterfly","","eButterfly"
"Hesperia comma",1966,7,"","1966-07-09","presence",NA,1,45.693,-73.6331,"ebutterfly","Maxim Larrivée, Jeremy Kerr, Kent McFarland and Katy Prudic","eButterfly","ebutterfly","eButterfly","","eButterfly"
"Aglais milberti",1966,7,"","1966-07-20","presence",NA,1,45.9931,-73.2985,"ebutterfly","Maxim Larrivée, Jeremy Kerr, Kent McFarland and Katy Prudic","eButterfly","ebutterfly","eButterfly","","eButterfly"
"Thymelicus lineola",1966,7,"","1966-07-09","presence",NA,1,45.5546,-73.7084,"ebutterfly","Maxim Larrivée, Jeremy Kerr, Kent McFarland and Katy Prudic","eButterfly","ebutterfly","eButterfly","","eButterfly"
"Vanessa virginiensis",1966,9,"","1966-09-08","presence",NA,1,45.9931,-73.2985,"ebutterfly","Maxim Larrivée, Jeremy Kerr, Kent McFarland and Katy Prudic","eButterfly","ebutterfly","eButterfly","","eButterfly"
"Glaucopsyche lygdamus",1966,6,"","1966-06-19","presence",NA,1,46.3972,-75.0244,"ebutterfly","Maxim Larrivée, Jeremy Kerr, Kent McFarland and Katy Prudic","eButterfly","ebutterfly","eButterfly","","eButterfly"
"Phyciodes cocyta",1966,7,"","1966-07-16","presence",NA,1,45.3933,-73.9551,"ebutterfly","Maxim Larrivée, Jeremy Kerr, Kent McFarland and Katy Prudic","eButterfly","ebutterfly","eButterfly","","eButterfly"
"Colias philodice",1966,7,"","1966-07-24","presence",NA,1,46.1118,-74.5188,"ebutterfly","Maxim Larrivée, Jeremy Kerr, Kent McFarland and Katy Prudic","eButterfly","ebutterfly","eButterfly","","eButterfly"
"Cercyonis pegala",1966,8,"","1966-08-18","presence",NA,1,45.693,-73.6331,"ebutterfly","Maxim Larrivée, Jeremy Kerr, Kent McFarland and Katy Prudic","eButterfly","ebutterfly","eButterfly","","eButterfly"
"Pieris oleracea",1966,6,"","1966-06-12","presence",NA,1,46.1435,-75.5863,"ebutterfly","Maxim Larrivée, Jeremy Kerr, Kent McFarland and Katy Prudic","eButterfly","ebutterfly","eButterfly","","eButterfly"
"Colias interior",1966,7,"","1966-07-24","presence",NA,1,46.1118,-74.5188,"ebutterfly","Maxim Larrivée, Jeremy Kerr, Kent McFarland and Katy Prudic","eButterfly","ebutterfly","eButterfly","","eButterfly"
"Thymelicus lineola",1966,7,"","1966-07-05","presence",NA,1,45.9931,-73.2985,"ebutterfly","Maxim Larrivée, Jeremy Kerr, Kent McFarland and Katy Prudic","eButterfly","ebutterfly","eButterfly","","eButterfly"
"Lycaena phlaeas",1966,6,"","1966-06-26","presence",NA,1,45.8755,-74.0821,"ebutterfly","Maxim Larrivée, Jeremy Kerr, Kent McFarland and Katy Prudic","eButterfly","ebutterfly","eButterfly","","eButterfly"
"Amblyscirtes vialis",1966,6,"","1966-06-02","presence",NA,1,45.8755,-74.0821,"ebutterfly","Maxim Larrivée, Jeremy Kerr, Kent McFarland and Katy Prudic","eButterfly","ebutterfly","eButterfly","","eButterfly"
"Coenonympha inornata",1966,6,"","1966-06-21","presence",NA,1,45.693,-73.6331,"ebutterfly","Maxim Larrivée, Jeremy Kerr, Kent McFarland and Katy Prudic","eButterfly","ebutterfly","eButterfly","","eButterfly"
"Poanes hobomok",1966,7,"","1966-07-17","presence",NA,1,45.693,-73.6331,"ebutterfly","Maxim Larrivée, Jeremy Kerr, Kent McFarland and Katy Prudic","eButterfly","ebutterfly","eButterfly","","eButterfly"
"Colias interior",1966,8,"","1966-08-06","presence",NA,1,46.1118,-74.5188,"ebutterfly","Maxim Larrivée, Jeremy Kerr, Kent McFarland and Katy Prudic","eButterfly","ebutterfly","eButterfly","","eButterfly"
"Polites mystic",1966,6,"","1966-06-26","presence",NA,1,45.8755,-74.0821,"ebutterfly","Maxim Larrivée, Jeremy Kerr, Kent McFarland and Katy Prudic","eButterfly","ebutterfly","eButterfly","","eButterfly"
"Erynnis lucilius",1966,7,"","1966-07-13","presence",NA,1,45.0391,-73.0746,"ebutterfly","Maxim Larrivée, Jeremy Kerr, Kent McFarland and Katy Prudic","eButterfly","ebutterfly","eButterfly","","eButterfly"
"Papilio polyxenes",1966,7,"","1966-07-16","presence",NA,1,45.3664,-73.9846,"ebutterfly","Maxim Larrivée, Jeremy Kerr, Kent McFarland and Katy Prudic","eButterfly","ebutterfly","eButterfly","","eButterfly"
"Carterocephalus palaemon",1966,6,"","1966-06-19","presence",NA,1,46.3972,-75.0244,"ebutterfly","Maxim Larrivée, Jeremy Kerr, Kent McFarland and Katy Prudic","eButterfly","ebutterfly","eButterfly","","eButterfly"
"Phyciodes cocyta",1966,7,"","1966-07-16","presence",NA,1,45.3664,-73.9846,"ebutterfly","Maxim Larrivée, Jeremy Kerr, Kent McFarland and Katy Prudic","eButterfly","ebutterfly","eButterfly","","eButterfly"
"Boloria bellona",1966,8,"","1966-08-06","presence",NA,1,46.1118,-74.5188,"ebutterfly","Maxim Larrivée, Jeremy Kerr, Kent McFarland and Katy Prudic","eButterfly","ebutterfly","eButterfly","","eButterfly"
"Papilio canadensis",1966,6,"","1966-06-12","presence",NA,1,46.1435,-75.5863,"ebutterfly","Maxim Larrivée, Jeremy Kerr, Kent McFarland and Katy Prudic","eButterfly","ebutterfly","eButterfly","","eButterfly"
"Colias philodice",1966,8,"","1966-08-01","presence",NA,1,45.9931,-73.2985,"ebutterfly","Maxim Larrivée, Jeremy Kerr, Kent McFarland and Katy Prudic","eButterfly","ebutterfly","eButterfly","","eButterfly"
"Colias philodice",1966,6,"","1966-06-01","presence",NA,1,45.9931,-73.2985,"ebutterfly","Maxim Larrivée, Jeremy Kerr, Kent McFarland and Katy Prudic","eButterfly","ebutterfly","eButterfly","","eButterfly"
"Nymphalis antiopa",1966,8,"","1966-08-25","presence",NA,1,48.8316,-64.4869,"ebutterfly","Maxim Larrivée, Jeremy Kerr, Kent McFarland and Katy Prudic","eButterfly","ebutterfly","eButterfly","","eButterfly"
"Satyrium liparops",1966,8,"","1966-08-01","presence",NA,1,45.9931,-73.2985,"ebutterfly","Maxim Larrivée, Jeremy Kerr, Kent McFarland and Katy Prudic","eButterfly","ebutterfly","eButterfly","","eButterfly"
"Speyeria atlantis",1966,8,"","1966-08-05","presence",NA,1,47.2007,-69.6847,"ebutterfly","Maxim Larrivée, Jeremy Kerr, Kent McFarland and Katy Prudic","eButterfly","ebutterfly","eButterfly","","eButterfly"
"Hesperia leonardus",1966,8,"","1966-08-01","presence",NA,1,45.9931,-73.2985,"ebutterfly","Maxim Larrivée, Jeremy Kerr, Kent McFarland and Katy Prudic","eButterfly","ebutterfly","eButterfly","","eButterfly"
"Colias philodice",1966,9,"","1966-09-11","presence",NA,1,48.2938,-64.93,"ebutterfly","Maxim Larrivée, Jeremy Kerr, Kent McFarland and Katy Prudic","eButterfly","ebutterfly","eButterfly","","eButterfly"
"Erynnis icelus",1966,6,"","1966-06-12","presence",NA,1,45.693,-73.6331,"ebutterfly","Maxim Larrivée, Jeremy Kerr, Kent McFarland and Katy Prudic","eButterfly","ebutterfly","eButterfly","","eButterfly"
"Erynnis juvenalis",1966,5,"","1966-05-28","presence",NA,1,45.9931,-73.2985,"ebutterfly","Maxim Larrivée, Jeremy Kerr, Kent McFarland and Katy Prudic","eButterfly","ebutterfly","eButterfly","","eButterfly"
"Thorybes pylades",1966,6,"","1966-06-26","presence",NA,1,45.8755,-74.0821,"ebutterfly","Maxim Larrivée, Jeremy Kerr, Kent McFarland and Katy Prudic","eButterfly","ebutterfly","eButterfly","","eButterfly"
"Colias philodice",1966,8,"","1966-08-07","presence",NA,1,45.693,-73.6331,"ebutterfly","Maxim Larrivée, Jeremy Kerr, Kent McFarland and Katy Prudic","eButterfly","ebutterfly","eButterfly","","eButterfly"
"Boloria bellona",1966,7,"","1966-07-16","presence",NA,1,45.3933,-73.9551,"ebutterfly","Maxim Larrivée, Jeremy Kerr, Kent McFarland and Katy Prudic","eButterfly","ebutterfly","eButterfly","","eButterfly"
"Pieris rapae",1966,7,"","1966-07-16","presence",NA,1,45.3664,-73.9846,"ebutterfly","Maxim Larrivée, Jeremy Kerr, Kent McFarland and Katy Prudic","eButterfly","ebutterfly","eButterfly","","eButterfly"
"Polites origenes",1966,7,"","1966-07-05","presence",NA,1,45.9931,-73.2985,"ebutterfly","Maxim Larrivée, Jeremy Kerr, Kent McFarland and Katy Prudic","eButterfly","ebutterfly","eButterfly","","eButterfly"
"Coenonympha inornata",1966,5,"","1966-05-01","presence",NA,1,46.741,-75.1443,"ebutterfly","Maxim Larrivée, Jeremy Kerr, Kent McFarland and Katy Prudic","eButterfly","ebutterfly","eButterfly","","eButterfly"
"Epargyreus clarus",1966,6,"","1966-06-25","presence",NA,1,46.766,-71.3554,"ebutterfly","Maxim Larrivée, Jeremy Kerr, Kent McFarland and Katy Prudic","eButterfly","ebutterfly","eButterfly","","eButterfly"
"Papilio brevicauda",1966,3,"","1966-03-01","presence",NA,1,49.8188,-64.3527,"ebutterfly","Maxim Larrivée, Jeremy Kerr, Kent McFarland and Katy Prudic","eButterfly","ebutterfly","eButterfly","","eButterfly"
"Celastrina lucia",1966,5,"","1966-05-22","presence",NA,1,46.3634,-71.2266,"ebutterfly","Maxim Larrivée, Jeremy Kerr, Kent McFarland and Katy Prudic","eButterfly","ebutterfly","eButterfly","","eButterfly"
"Colias philodice",1966,9,"","1966-09-11","presence",NA,1,47.2316,-71.2226,"ebutterfly","Maxim Larrivée, Jeremy Kerr, Kent McFarland and Katy Prudic","eButterfly","ebutterfly","eButterfly","","eButterfly"
"Satyrium calanus",1966,7,"","1966-07-11","presence",NA,1,46.7135,-71.2706,"ebutterfly","Maxim Larrivée, Jeremy Kerr, Kent McFarland and Katy Prudic","eButterfly","ebutterfly","eButterfly","","eButterfly"
"Callophrys augustinus",1966,5,"","1966-05-22","presence",NA,1,46.3704,-71.8831,"ebutterfly","Maxim Larrivée, Jeremy Kerr, Kent McFarland and Katy Prudic","eButterfly","ebutterfly","eButterfly","","eButterfly"
"Limenitis arthemis",1966,6,"","1966-06-25","presence",NA,1,46.7351,-71.4587,"ebutterfly","Maxim Larrivée, Jeremy Kerr, Kent McFarland and Katy Prudic","eButterfly","ebutterfly","eButterfly","","eButterfly"
"Celastrina lucia",1966,5,"","1966-05-22","presence",NA,1,46.2671,-71.4978,"ebutterfly","Maxim Larrivée, Jeremy Kerr, Kent McFarland and Katy Prudic","eButterfly","ebutterfly","eButterfly","","eButterfly"
"Satyrium calanus",1966,7,"","1966-07-11","presence",NA,1,46.766,-71.3554,"ebutterfly","Maxim Larrivée, Jeremy Kerr, Kent McFarland and Katy Prudic","eButterfly","ebutterfly","eButterfly","","eButterfly"
"Megisto cymela",1966,6,"","1966-06-19","presence",NA,1,46.6404,-71.5907,"ebutterfly","Maxim Larrivée, Jeremy Kerr, Kent McFarland and Katy Prudic","eButterfly","ebutterfly","eButterfly","","eButterfly"
"Satyrium calanus",1966,7,"","1966-07-11","presence",NA,1,46.7135,-71.2706,"ebutterfly","Maxim Larrivée, Jeremy Kerr, Kent McFarland and Katy Prudic","eButterfly","ebutterfly","eButterfly","","eButterfly"
"Lycaena hyllus",1966,8,"","1966-08-28","presence",NA,1,46.766,-71.3554,"ebutterfly","Maxim Larrivée, Jeremy Kerr, Kent McFarland and Katy Prudic","eButterfly","ebutterfly","eButterfly","","eButterfly"
"Speyeria cybele",1966,7,"","1966-07-04","presence",NA,1,47.2484,-71.2407,"ebutterfly","Maxim Larrivée, Jeremy Kerr, Kent McFarland and Katy Prudic","eButterfly","ebutterfly","eButterfly","","eButterfly"
"Satyrium liparops",1966,7,"","1966-07-28","presence",NA,1,46.6952,-71.3855,"ebutterfly","Maxim Larrivée, Jeremy Kerr, Kent McFarland and Katy Prudic","eButterfly","ebutterfly","eButterfly","","eButterfly"
"Callophrys augustinus",1966,5,"","1966-05-22","presence",NA,1,46.8711,-71.6174,"ebutterfly","Maxim Larrivée, Jeremy Kerr, Kent McFarland and Katy Prudic","eButterfly","ebutterfly","eButterfly","","eButterfly"
"Polygonia interrogationis",1966,9,"","1966-09-11","presence",NA,1,49.0488,-64.4787,"ebutterfly","Maxim Larrivée, Jeremy Kerr, Kent McFarland and Katy Prudic","eButterfly","ebutterfly","eButterfly","","eButterfly"
"Megisto cymela",1966,6,"","1966-06-09","presence",NA,1,46.5936,-72.0315,"ebutterfly","Maxim Larrivée, Jeremy Kerr, Kent McFarland and Katy Prudic","eButterfly","ebutterfly","eButterfly","","eButterfly"
"Cercyonis pegala",1966,7,"","1966-07-17","presence",NA,1,45.6658,-72.1479,"ebutterfly","Maxim Larrivée, Jeremy Kerr, Kent McFarland and Katy Prudic","eButterfly","ebutterfly","eButterfly","","eButterfly"
"Limenitis arthemis",1966,6,"","1966-06-26","presence",NA,1,46.8712,-71.3854,"ebutterfly","Maxim Larrivée, Jeremy Kerr, Kent McFarland and Katy Prudic","eButterfly","ebutterfly","eButterfly","","eButterfly"
"Oeneis bore",1966,7,"","1966-07-01","presence",NA,1,48.92,-66.195,"ebutterfly","Maxim Larrivée, Jeremy Kerr, Kent McFarland and Katy Prudic","eButterfly","ebutterfly","eButterfly","","eButterfly"
"Papilio brevicauda",1966,3,"","1966-03-18","presence",NA,1,49.5495,-62.9555,"ebutterfly","Maxim Larrivée, Jeremy Kerr, Kent McFarland and Katy Prudic","eButterfly","ebutterfly","eButterfly","","eButterfly"
"Papilio brevicauda",1966,2,"","1966-02-26","presence",NA,1,49.5495,-62.9555,"ebutterfly","Maxim Larrivée, Jeremy Kerr, Kent McFarland and Katy Prudic","eButterfly","ebutterfly","eButterfly","","eButterfly"
"Papilio canadensis",1966,6,"00:00:00","1966-06-15T00:00:00","presence",NA,1,45.9885,-74.0006,"ebutterfly","Maxim Larrivée, Jeremy Kerr, Kent McFarland and Katy Prudic","eButterfly","ebutterfly","eButterfly","","eButterfly"
"Papilio canadensis",1966,6,"00:00:00","1966-06-07T00:00:00","presence",NA,1,45.931,-74.0248,"ebutterfly","Maxim Larrivée, Jeremy Kerr, Kent McFarland and Katy Prudic","eButterfly","ebutterfly","eButterfly","","eButterfly"
"Nymphalis antiopa",1966,9,"00:00:00","1966-09-07T00:00:00","presence",NA,1,45.931,-74.0248,"ebutterfly","Maxim Larrivée, Jeremy Kerr, Kent McFarland and Katy Prudic","eButterfly","ebutterfly","eButterfly","","eButterfly"
"Colias philodice",1966,8,"00:00:00","1966-08-26T00:00:00","presence",NA,1,45.5435,-75.4192,"ebutterfly","Maxim Larrivée, Jeremy Kerr, Kent McFarland and Katy Prudic","eButterfly","ebutterfly","eButterfly","","eButterfly"
"Speyeria atlantis",1966,8,"00:00:00","1966-08-10T00:00:00","presence",NA,1,45.8682,-75.5808,"ebutterfly","Maxim Larrivée, Jeremy Kerr, Kent McFarland and Katy Prudic","eButterfly","ebutterfly","eButterfly","","eButterfly"
"Phyciodes cocyta",1966,8,"00:00:00","1966-08-27T00:00:00","presence",NA,1,45.5435,-75.4192,"ebutterfly","Maxim Larrivée, Jeremy Kerr, Kent McFarland and Katy Prudic","eButterfly","ebutterfly","eButterfly","","eButterfly"
"Colias eurytheme",1966,8,"00:00:00","1966-08-09T00:00:00","presence",NA,1,45.9885,-74.7127,"ebutterfly","Maxim Larrivée, Jeremy Kerr, Kent McFarland and Katy Prudic","eButterfly","ebutterfly","eButterfly","","eButterfly"
"Colias eurytheme",1966,10,"00:00:00","1966-10-24T00:00:00","presence",NA,1,45.9938,-73.988,"ebutterfly","Maxim Larrivée, Jeremy Kerr, Kent McFarland and Katy Prudic","eButterfly","ebutterfly","eButterfly","","eButterfly"
"Speyeria cybele",1966,7,"00:00:00","1966-07-18T00:00:00","abundance",NA,2,45.948855,-73.978743,"gbif","GBIF","eButterfly Surveys","Vermont Center for Ecostudies","Vermont Center for Ecostudies","cc by nc 4.0","Vermont Center for Ecostudies"
"Polites peckius",1966,7,"00:00:00","1966-07-07T00:00:00","occurrence",NA,1,45.930979,-74.02476,"gbif","GBIF","eButterfly Surveys","Vermont Center for Ecostudies","Vermont Center for Ecostudies","cc by nc 4.0","Vermont Center for Ecostudies"
"Poanes hobomok",1966,6,"00:00:00","1966-06-21T00:00:00","abundance",NA,2,45.692982,-73.63311,"gbif","GBIF","eButterfly Surveys","Vermont Center for Ecostudies","Vermont Center for Ecostudies","cc by nc 4.0","Vermont Center for Ecostudies"
"Colias philodice",1966,7,"00:00:00","1966-07-24T00:00:00","abundance",NA,2,46.111825,-74.518817,"gbif","GBIF","eButterfly Surveys","Vermont Center for Ecostudies","Vermont Center for Ecostudies","cc by nc 4.0","Vermont Center for Ecostudies"
"Satyrium calanus",1966,7,"00:00:00","1966-07-11T00:00:00","occurrence",NA,1,46.713546,-71.270612,"gbif","GBIF","eButterfly Surveys","Vermont Center for Ecostudies","Vermont Center for Ecostudies","cc by nc 4.0","Vermont Center for Ecostudies"
"Speyeria atlantis",1966,8,"00:00:00","1966-08-10T00:00:00","occurrence",NA,1,45.868218,-75.580792,"gbif","GBIF","eButterfly Surveys","Vermont Center for Ecostudies","Vermont Center for Ecostudies","cc by nc 4.0","Vermont Center for Ecostudies"
"Boloria selene",1966,8,"00:00:00","1966-08-10T00:00:00","occurrence",NA,1,45.868218,-75.580792,"gbif","GBIF","eButterfly Surveys","Vermont Center for Ecostudies","Vermont Center for Ecostudies","cc by nc 4.0","Vermont Center for Ecostudies"
"Thymelicus lineola",1966,7,"00:00:00","1966-07-05T00:00:00","occurrence",NA,1,45.993107,-73.29848,"gbif","GBIF","eButterfly Surveys","Vermont Center for Ecostudies","Vermont Center for Ecostudies","cc by nc 4.0","Vermont Center for Ecostudies"
"Pieris rapae",1966,7,"00:00:00","1966-07-16T00:00:00","occurrence",NA,1,45.366389,-73.984621,"gbif","GBIF","eButterfly Surveys","Vermont Center for Ecostudies","Vermont Center for Ecostudies","cc by nc 4.0","Vermont Center for Ecostudies"
"Colias philodice",1966,9,"00:00:00","1966-09-11T00:00:00","occurrence",NA,1,46.782996,-71.28607,"gbif","GBIF","eButterfly Surveys","Vermont Center for Ecostudies","Vermont Center for Ecostudies","cc by nc 4.0","Vermont Center for Ecostudies"
"Colias philodice",1966,9,"00:00:00","1966-09-11T00:00:00","occurrence",NA,1,46.782996,-71.28607,"gbif","GBIF","eButterfly Surveys","Vermont Center for Ecostudies","Vermont Center for Ecostudies","cc by nc 4.0","Vermont Center for Ecostudies"
"Speyeria atlantis",1966,8,"00:00:00","1966-08-05T00:00:00","occurrence",NA,1,46.7829,-71.286,"gbif","GBIF","eButterfly Surveys","Vermont Center for Ecostudies","Vermont Center for Ecostudies","cc by nc 4.0","Vermont Center for Ecostudies"
"Colias philodice",1966,8,"00:00:00","1966-08-27T00:00:00","abundance",NA,2,45.543454,-75.41917,"gbif","GBIF","eButterfly Surveys","Vermont Center for Ecostudies","Vermont Center for Ecostudies","cc by nc 4.0","Vermont Center for Ecostudies"
"Cercyonis pegala",1966,8,"00:00:00","1966-08-10T00:00:00","occurrence",NA,1,45.868218,-75.580792,"gbif","GBIF","eButterfly Surveys","Vermont Center for Ecostudies","Vermont Center for Ecostudies","cc by nc 4.0","Vermont Center for Ecostudies"
"Erynnis juvenalis",1966,5,"00:00:00","1966-05-28T00:00:00","occurrence",NA,1,45.993107,-73.29848,"gbif","GBIF","eButterfly Surveys","Vermont Center for Ecostudies","Vermont Center for Ecostudies","cc by nc 4.0","Vermont Center for Ecostudies"
"Polites mystic",1966,6,"00:00:00","1966-06-26T00:00:00","occurrence",NA,1,45.875457,-74.082091,"gbif","GBIF","eButterfly Surveys","Vermont Center for Ecostudies","Vermont Center for Ecostudies","cc by nc 4.0","Vermont Center for Ecostudies"
"Hesperia comma",1966,7,"00:00:00","1966-07-09T00:00:00","occurrence",NA,1,45.692982,-73.63311,"gbif","GBIF","eButterfly Surveys","Vermont Center for Ecostudies","Vermont Center for Ecostudies","cc by nc 4.0","Vermont Center for Ecostudies"
"Colias philodice",1966,8,"00:00:00","1966-08-01T00:00:00","abundance",NA,4,45.993107,-73.29848,"gbif","GBIF","eButterfly Surveys","Vermont Center for Ecostudies","Vermont Center for Ecostudies","cc by nc 4.0","Vermont Center for Ecostudies"
"Boloria selene",1966,6,"00:00:00","1966-06-27T00:00:00","abundance",NA,2,45.486564,-70.903816,"gbif","GBIF","eButterfly Surveys","Vermont Center for Ecostudies","Vermont Center for Ecostudies","cc by nc 4.0","Vermont Center for Ecostudies"
"Callophrys augustinus",1966,5,"00:00:00","1966-05-22T00:00:00","occurrence",NA,1,46.782996,-71.28607,"gbif","GBIF","eButterfly Surveys","Vermont Center for Ecostudies","Vermont Center for Ecostudies","cc by nc 4.0","Vermont Center for Ecostudies"
"Celastrina lucia",1966,5,"00:00:00","1966-05-22T00:00:00","occurrence",NA,1,46.782996,-71.28607,"gbif","GBIF","eButterfly Surveys","Vermont Center for Ecostudies","Vermont Center for Ecostudies","cc by nc 4.0","Vermont Center for Ecostudies"
"Colias philodice",1966,8,"00:00:00","1966-08-03T00:00:00","occurrence",NA,1,46.324244,-75.089951,"gbif","GBIF","eButterfly Surveys","Vermont Center for Ecostudies","Vermont Center for Ecostudies","cc by nc 4.0","Vermont Center for Ecostudies"
"Colias interior",1966,8,"00:00:00","1966-08-06T00:00:00","occurrence",NA,1,46.111825,-74.518817,"gbif","GBIF","eButterfly Surveys","Vermont Center for Ecostudies","Vermont Center for Ecostudies","cc by nc 4.0","Vermont Center for Ecostudies"
"Boloria bellona",1966,8,"00:00:00","1966-08-06T00:00:00","occurrence",NA,1,46.111825,-74.518817,"gbif","GBIF","eButterfly Surveys","Vermont Center for Ecostudies","Vermont Center for Ecostudies","cc by nc 4.0","Vermont Center for Ecostudies"
"Vanessa virginiensis",1966,9,"00:00:00","1966-09-08T00:00:00","occurrence",NA,1,45.993107,-73.29848,"gbif","GBIF","eButterfly Surveys","Vermont Center for Ecostudies","Vermont Center for Ecostudies","cc by nc 4.0","Vermont Center for Ecostudies"
"Hesperia leonardus",1966,8,"00:00:00","1966-08-01T00:00:00","occurrence",NA,1,45.993107,-73.29848,"gbif","GBIF","eButterfly Surveys","Vermont Center for Ecostudies","Vermont Center for Ecostudies","cc by nc 4.0","Vermont Center for Ecostudies"
"Papilio brevicauda",1966,3,"00:00:00","1966-03-01T00:00:00","abundance",NA,6,49.818815,-64.352681,"gbif","GBIF","eButterfly Surveys","Vermont Center for Ecostudies","Vermont Center for Ecostudies","cc by nc 4.0","Vermont Center for Ecostudies"
"Satyrium calanus",1966,7,"00:00:00","1966-07-11T00:00:00","occurrence",NA,1,46.782996,-71.28607,"gbif","GBIF","eButterfly Surveys","Vermont Center for Ecostudies","Vermont Center for Ecostudies","cc by nc 4.0","Vermont Center for Ecostudies"
"Satyrium liparops",1966,7,"00:00:00","1966-07-28T00:00:00","occurrence",NA,1,46.695242,-71.385497,"gbif","GBIF","eButterfly Surveys","Vermont Center for Ecostudies","Vermont Center for Ecostudies","cc by nc 4.0","Vermont Center for Ecostudies"
"Cercyonis pegala",1966,7,"00:00:00","1966-07-17T00:00:00","occurrence",NA,1,45.665822,-72.147921,"gbif","GBIF","eButterfly Surveys","Vermont Center for Ecostudies","Vermont Center for Ecostudies","cc by nc 4.0","Vermont Center for Ecostudies"
"Limenitis arthemis",1966,6,"00:00:00","1966-06-26T00:00:00","occurrence",NA,1,46.7829,-71.286,"gbif","GBIF","eButterfly Surveys","Vermont Center for Ecostudies","Vermont Center for Ecostudies","cc by nc 4.0","Vermont Center for Ecostudies"
"Oeneis bore",1966,7,"00:00:00","1966-07-01T00:00:00","abundance",NA,2,48.92,-66.195,"gbif","GBIF","eButterfly Surveys","Vermont Center for Ecostudies","Vermont Center for Ecostudies","cc by nc 4.0","Vermont Center for Ecostudies"
"Papilio brevicauda",1966,3,"00:00:00","1966-03-18T00:00:00","occurrence",NA,1,49.549519,-62.955532,"gbif","GBIF","eButterfly Surveys","Vermont Center for Ecostudies","Vermont Center for Ecostudies","cc by nc 4.0","Vermont Center for Ecostudies"
"Lycaena hyllus",1966,8,"00:00:00","1966-08-28T00:00:00","occurrence",NA,1,46.813878,-71.207981,"gbif","GBIF","eButterfly Surveys","Vermont Center for Ecostudies","Vermont Center for Ecostudies","cc by nc 4.0","Vermont Center for Ecostudies"
"Nymphalis antiopa",1966,9,"00:00:00","1966-09-07T00:00:00","occurrence",NA,1,45.930979,-74.02476,"gbif","GBIF","eButterfly Surveys","Vermont Center for Ecostudies","Vermont Center for Ecostudies","cc by nc 4.0","Vermont Center for Ecostudies"
"Amblyscirtes vialis",1966,6,"00:00:00","1966-06-02T00:00:00","occurrence",NA,1,45.875457,-74.082091,"gbif","GBIF","eButterfly Surveys","Vermont Center for Ecostudies","Vermont Center for Ecostudies","cc by nc 4.0","Vermont Center for Ecostudies"
"Carterocephalus palaemon",1966,6,"00:00:00","1966-06-19T00:00:00","occurrence",NA,1,46.397209,-75.024377,"gbif","GBIF","eButterfly Surveys","Vermont Center for Ecostudies","Vermont Center for Ecostudies","cc by nc 4.0","Vermont Center for Ecostudies"
"Colias philodice",1966,8,"00:00:00","1966-08-07T00:00:00","occurrence",NA,1,45.692982,-73.63311,"gbif","GBIF","eButterfly Surveys","Vermont Center for Ecostudies","Vermont Center for Ecostudies","cc by nc 4.0","Vermont Center for Ecostudies"
"Pieris oleracea",1966,6,"00:00:00","1966-06-12T00:00:00","occurrence",NA,1,46.143549,-75.58634,"gbif","GBIF","eButterfly Surveys","Vermont Center for Ecostudies","Vermont Center for Ecostudies","cc by nc 4.0","Vermont Center for Ecostudies"
"Callophrys augustinus",1966,5,"00:00:00","1966-05-22T00:00:00","abundance",NA,4,46.782996,-71.28607,"gbif","GBIF","eButterfly Surveys","Vermont Center for Ecostudies","Vermont Center for Ecostudies","cc by nc 4.0","Vermont Center for Ecostudies"
"Aglais milberti",1966,7,"00:00:00","1966-07-20T00:00:00","abundance",NA,2,45.993107,-73.29848,"gbif","GBIF","eButterfly Surveys","Vermont Center for Ecostudies","Vermont Center for Ecostudies","cc by nc 4.0","Vermont Center for Ecostudies"
"Papilio canadensis",1966,6,"00:00:00","1966-06-12T00:00:00","occurrence",NA,1,46.143549,-75.58634,"gbif","GBIF","eButterfly Surveys","Vermont Center for Ecostudies","Vermont Center for Ecostudies","cc by nc 4.0","Vermont Center for Ecostudies"
"Nymphalis l-album",1966,10,"00:00:00","1966-10-11T00:00:00","occurrence",NA,1,45.868218,-75.580792,"gbif","GBIF","eButterfly Surveys","Vermont Center for Ecostudies","Vermont Center for Ecostudies","cc by nc 4.0","Vermont Center for Ecostudies"
"Nymphalis l-album",1966,10,"00:00:00","1966-10-24T00:00:00","occurrence",NA,1,45.930979,-74.02476,"gbif","GBIF","eButterfly Surveys","Vermont Center for Ecostudies","Vermont Center for Ecostudies","cc by nc 4.0","Vermont Center for Ecostudies"
"Pieris rapae",1966,8,"00:00:00","1966-08-27T00:00:00","abundance",NA,3,45.543454,-75.41917,"gbif","GBIF","eButterfly Surveys","Vermont Center for Ecostudies","Vermont Center for Ecostudies","cc by nc 4.0","Vermont Center for Ecostudies"
"Glaucopsyche lygdamus",1966,6,"00:00:00","1966-06-19T00:00:00","occurrence",NA,1,46.397209,-75.024377,"gbif","GBIF","eButterfly Surveys","Vermont Center for Ecostudies","Vermont Center for Ecostudies","cc by nc 4.0","Vermont Center for Ecostudies"
"Hesperia comma",1966,8,"00:00:00","1966-08-17T00:00:00","occurrence",NA,1,45.692982,-73.63311,"gbif","GBIF","eButterfly Surveys","Vermont Center for Ecostudies","Vermont Center for Ecostudies","cc by nc 4.0","Vermont Center for Ecostudies"
"Erynnis icelus",1966,6,"00:00:00","1966-06-12T00:00:00","abundance",NA,2,45.692982,-73.63311,"gbif","GBIF","eButterfly Surveys","Vermont Center for Ecostudies","Vermont Center for Ecostudies","cc by nc 4.0","Vermont Center for Ecostudies"
"Coenonympha tullia",1966,5,"00:00:00","1966-05-01T00:00:00","occurrence",NA,1,46.741042,-75.14428,"gbif","GBIF","eButterfly Surveys","Vermont Center for Ecostudies","Vermont Center for Ecostudies","cc by nc 4.0","Vermont Center for Ecostudies"
"Colias philodice",1966,6,"00:00:00","1966-06-01T00:00:00","occurrence",NA,1,45.993107,-73.29848,"gbif","GBIF","eButterfly Surveys","Vermont Center for Ecostudies","Vermont Center for Ecostudies","cc by nc 4.0","Vermont Center for Ecostudies"
"Lycaena hyllus",1966,8,"00:00:00","1966-08-28T00:00:00","abundance",NA,6,46.813878,-71.207981,"gbif","GBIF","eButterfly Surveys","Vermont Center for Ecostudies","Vermont Center for Ecostudies","cc by nc 4.0","Vermont Center for Ecostudies"
"Polygonia interrogationis",1966,9,"00:00:00","1966-09-11T00:00:00","occurrence",NA,1,46.782996,-71.28607,"gbif","GBIF","eButterfly Surveys","Vermont Center for Ecostudies","Vermont Center for Ecostudies","cc by nc 4.0","Vermont Center for Ecostudies"
"Speyeria cybele",1966,7,"00:00:00","1966-07-04T00:00:00","occurrence",NA,1,46.782996,-71.28607,"gbif","GBIF","eButterfly Surveys","Vermont Center for Ecostudies","Vermont Center for Ecostudies","cc by nc 4.0","Vermont Center for Ecostudies"
"Limenitis arthemis",1966,6,"00:00:00","1966-06-25T00:00:00","occurrence",NA,1,46.782996,-71.28607,"gbif","GBIF","eButterfly Surveys","Vermont Center for Ecostudies","Vermont Center for Ecostudies","cc by nc 4.0","Vermont Center for Ecostudies"
"Colias philodice",1966,8,"00:00:00","1966-08-26T00:00:00","occurrence",NA,1,45.543454,-75.41917,"gbif","GBIF","eButterfly Surveys","Vermont Center for Ecostudies","Vermont Center for Ecostudies","cc by nc 4.0","Vermont Center for Ecostudies"
"Colias eurytheme",1966,8,"00:00:00","1966-08-09T00:00:00","occurrence",NA,1,45.988456,-74.712738,"gbif","GBIF","eButterfly Surveys","Vermont Center for Ecostudies","Vermont Center for Ecostudies","cc by nc 4.0","Vermont Center for Ecostudies"
"Coenonympha tullia",1966,6,"00:00:00","1966-06-21T00:00:00","abundance",NA,2,45.692982,-73.63311,"gbif","GBIF","eButterfly Surveys","Vermont Center for Ecostudies","Vermont Center for Ecostudies","cc by nc 4.0","Vermont Center for Ecostudies"
"Papilio polyxenes",1966,7,"00:00:00","1966-07-16T00:00:00","occurrence",NA,1,45.366389,-73.984621,"gbif","GBIF","eButterfly Surveys","Vermont Center for Ecostudies","Vermont Center for Ecostudies","cc by nc 4.0","Vermont Center for Ecostudies"
"Colias interior",1966,7,"00:00:00","1966-07-24T00:00:00","abundance",NA,2,46.111825,-74.518817,"gbif","GBIF","eButterfly Surveys","Vermont Center for Ecostudies","Vermont Center for Ecostudies","cc by nc 4.0","Vermont Center for Ecostudies"
"Cercyonis pegala",1966,8,"00:00:00","1966-08-18T00:00:00","occurrence",NA,1,45.692982,-73.63311,"gbif","GBIF","eButterfly Surveys","Vermont Center for Ecostudies","Vermont Center for Ecostudies","cc by nc 4.0","Vermont Center for Ecostudies"
"Nymphalis antiopa",1966,8,"00:00:00","1966-08-25T00:00:00","occurrence",NA,1,48.831635,-64.486902,"gbif","GBIF","eButterfly Surveys","Vermont Center for Ecostudies","Vermont Center for Ecostudies","cc by nc 4.0","Vermont Center for Ecostudies"
"Nemapogon ophrionella",1966,7,"00:00:00","1966-07-06T00:00:00","occurrence",NA,1,45.441,-75.76,"gbif","GBIF","NMNH Material Samples (USNM)","National Museum of Natural History, Smithsonian Institution","National Museum of Natural History, Smithsonian Institution","cc0 1.0","National Museum of Natural History, Smithsonian Institution"
"Boloria eunomia",1966,6,"00:00:00","1966-06-19T00:00:00","occurrence",NA,1,47.662449,-68.867612,"gbif","GBIF","Entomology Division, Yale Peabody Museum","Yale University Peabody Museum","Yale University Peabody Museum","cc0 1.0","Yale University Peabody Museum"
"Pieris rapae",1966,8,"00:00:00","1966-08-29T00:00:00","occurrence",NA,1,45.384499,-71.059799,"gbif","GBIF","Entomology Division, Yale Peabody Museum","Yale University Peabody Museum","Yale University Peabody Museum","cc0 1.0","Yale University Peabody Museum"
"Pieris rapae",1966,8,"00:00:00","1966-08-28T00:00:00","occurrence",NA,1,45.506144,-75.812141,"gbif","GBIF","Canadian National Collection of Insects, Arachnids, and Nematodes (CNC)","Agriculture and Agri-Food Canada","Agriculture and Agri-Food Canada","cc by 4.0","Agriculture and Agri-Food Canada"
"Pieris rapae",1966,8,"00:00:00","1966-08-28T00:00:00","occurrence",NA,1,45.506144,-75.812141,"gbif","GBIF","Canadian National Collection of Insects, Arachnids, and Nematodes (CNC)","Agriculture and Agri-Food Canada","Agriculture and Agri-Food Canada","cc by 4.0","Agriculture and Agri-Food Canada"
"Pieris rapae",1966,8,"00:00:00","1966-08-28T00:00:00","occurrence",NA,1,45.506144,-75.812141,"gbif","GBIF","Canadian National Collection of Insects, Arachnids, and Nematodes (CNC)","Agriculture and Agri-Food Canada","Agriculture and Agri-Food Canada","cc by 4.0","Agriculture and Agri-Food Canada"
"Pieris rapae",1966,8,"00:00:00","1966-08-28T00:00:00","occurrence",NA,1,45.506144,-75.812141,"gbif","GBIF","Canadian National Collection of Insects, Arachnids, and Nematodes (CNC)","Agriculture and Agri-Food Canada","Agriculture and Agri-Food Canada","cc by 4.0","Agriculture and Agri-Food Canada"
"Pieris rapae",1966,8,"00:00:00","1966-08-28T00:00:00","occurrence",NA,1,45.467412,-75.79751,"gbif","GBIF","Canadian National Collection of Insects, Arachnids, and Nematodes (CNC)","Agriculture and Agri-Food Canada","Agriculture and Agri-Food Canada","cc by 4.0","Agriculture and Agri-Food Canada"
"Thorybes pylades",1966,6,"00:00:00","1966-06-26T00:00:00","occurrence",NA,1,45.8667,-74.0833,"gbif","GBIF","Lyman Entomological Museum","Canadian Biodiversity Information Facility","Canadian Biodiversity Information Facility","cc0 1.0","Canadian Biodiversity Information Facility"
"Lycaena phlaeas",1966,6,"00:00:00","1966-06-26T00:00:00","occurrence",NA,1,45.8667,-74.0833,"gbif","GBIF","Lyman Entomological Museum","Canadian Biodiversity Information Facility","Canadian Biodiversity Information Facility","cc0 1.0","Canadian Biodiversity Information Facility"
"Papilio canadensis",1966,6,"00:00:00","1966-06-12T00:00:00","occurrence",NA,1,46.0833,-75.6167,"gbif","GBIF","Lyman Entomological Museum","Canadian Biodiversity Information Facility","Canadian Biodiversity Information Facility","cc0 1.0","Canadian Biodiversity Information Facility"
"Phyciodes cocyta",1966,7,"00:00:00","1966-07-16T00:00:00","occurrence",NA,1,45.3833,-73.9833,"gbif","GBIF","Lyman Entomological Museum","Canadian Biodiversity Information Facility","Canadian Biodiversity Information Facility","cc0 1.0","Canadian Biodiversity Information Facility"
"Papilio polyxenes",1966,7,"00:00:00","1966-07-16T00:00:00","occurrence",NA,1,45.3833,-73.9833,"gbif","GBIF","Lyman Entomological Museum","Canadian Biodiversity Information Facility","Canadian Biodiversity Information Facility","cc0 1.0","Canadian Biodiversity Information Facility"
"Colias philodice",1966,8,"00:00:00","1966-08-01T00:00:00","occurrence",NA,1,45.4167,-73.9333,"gbif","GBIF","Lyman Entomological Museum","Canadian Biodiversity Information Facility","Canadian Biodiversity Information Facility","cc0 1.0","Canadian Biodiversity Information Facility"
"Pieris rapae",1966,7,"00:00:00","1966-07-16T00:00:00","occurrence",NA,1,45.3833,-73.9833,"gbif","GBIF","Lyman Entomological Museum","Canadian Biodiversity Information Facility","Canadian Biodiversity Information Facility","cc0 1.0","Canadian Biodiversity Information Facility"
"Colias philodice",1966,9,"00:00:00","1966-09-01T00:00:00","occurrence",NA,1,45.4167,-73.9333,"gbif","GBIF","Lyman Entomological Museum","Canadian Biodiversity Information Facility","Canadian Biodiversity Information Facility","cc0 1.0","Canadian Biodiversity Information Facility"
"Colias philodice",1966,8,"00:00:00","1966-08-01T00:00:00","occurrence",NA,1,45.4167,-73.9333,"gbif","GBIF","Lyman Entomological Museum","Canadian Biodiversity Information Facility","Canadian Biodiversity Information Facility","cc0 1.0","Canadian Biodiversity Information Facility"
"Nymphalis milberti",1966,7,"00:00:00","1966-07-20T00:00:00","occurrence",NA,1,45.4167,-73.9333,"gbif","GBIF","Lyman Entomological Museum","Canadian Biodiversity Information Facility","Canadian Biodiversity Information Facility","cc0 1.0","Canadian Biodiversity Information Facility"
"Polites origenes",1966,7,"00:00:00","1966-07-05T00:00:00","occurrence",NA,1,45.4167,-73.9333,"gbif","GBIF","Lyman Entomological Museum","Canadian Biodiversity Information Facility","Canadian Biodiversity Information Facility","cc0 1.0","Canadian Biodiversity Information Facility"
"Polites mystic",1966,6,"00:00:00","1966-06-26T00:00:00","occurrence",NA,1,45.8667,-74.0833,"gbif","GBIF","Lyman Entomological Museum","Canadian Biodiversity Information Facility","Canadian Biodiversity Information Facility","cc0 1.0","Canadian Biodiversity Information Facility"
"Vanessa virginiensis",1966,9,"00:00:00","1966-09-08T00:00:00","occurrence",NA,1,45.4167,-73.9333,"gbif","GBIF","Lyman Entomological Museum","Canadian Biodiversity Information Facility","Canadian Biodiversity Information Facility","cc0 1.0","Canadian Biodiversity Information Facility"
"Boloria bellona",1966,8,"00:00:00","1966-08-01T00:00:00","occurrence",NA,1,45.455,-74.2942,"gbif","GBIF","Lyman Entomological Museum","Canadian Biodiversity Information Facility","Canadian Biodiversity Information Facility","cc0 1.0","Canadian Biodiversity Information Facility"
"Hesperia leonardus",1966,8,"00:00:00","1966-08-01T00:00:00","occurrence",NA,1,45.8667,-74.0833,"gbif","GBIF","Lyman Entomological Museum","Canadian Biodiversity Information Facility","Canadian Biodiversity Information Facility","cc0 1.0","Canadian Biodiversity Information Facility"
"Hesperia leonardus",1966,8,"00:00:00","1966-08-01T00:00:00","occurrence",NA,1,45.4167,-73.9333,"gbif","GBIF","Lyman Entomological Museum","Canadian Biodiversity Information Facility","Canadian Biodiversity Information Facility","cc0 1.0","Canadian Biodiversity Information Facility"
"Coenonympha tullia",1966,5,"00:00:00","1966-05-01T00:00:00","occurrence",NA,1,46.7167,-75.15,"gbif","GBIF","Lyman Entomological Museum","Canadian Biodiversity Information Facility","Canadian Biodiversity Information Facility","cc0 1.0","Canadian Biodiversity Information Facility"
"Nymphalis antiopa",1966,8,"00:00:00","1966-08-01T00:00:00","occurrence",NA,1,48.8333,-64.5,"gbif","GBIF","Lyman Entomological Museum","Canadian Biodiversity Information Facility","Canadian Biodiversity Information Facility","cc0 1.0","Canadian Biodiversity Information Facility"
"Nymphalis milberti",1966,7,"00:00:00","1966-07-20T00:00:00","occurrence",NA,1,45.4167,-73.9333,"gbif","GBIF","Lyman Entomological Museum","Canadian Biodiversity Information Facility","Canadian Biodiversity Information Facility","cc0 1.0","Canadian Biodiversity Information Facility"
"Colias philodice",1966,8,"00:00:00","1966-08-01T00:00:00","occurrence",NA,1,45.4167,-73.9333,"gbif","GBIF","Lyman Entomological Museum","Canadian Biodiversity Information Facility","Canadian Biodiversity Information Facility","cc0 1.0","Canadian Biodiversity Information Facility"
"Thymelicus lineola",1966,7,"00:00:00","1966-07-05T00:00:00","occurrence",NA,1,45.4167,-73.9333,"gbif","GBIF","Lyman Entomological Museum","Canadian Biodiversity Information Facility","Canadian Biodiversity Information Facility","cc0 1.0","Canadian Biodiversity Information Facility"
"Erynnis juvenalis",1966,5,"00:00:00","1966-05-28T00:00:00","occurrence",NA,1,45.4167,-73.9333,"gbif","GBIF","Lyman Entomological Museum","Canadian Biodiversity Information Facility","Canadian Biodiversity Information Facility","cc0 1.0","Canadian Biodiversity Information Facility"
"Satyrium liparops",1966,8,"00:00:00","1966-08-01T00:00:00","occurrence",NA,1,45.4167,-73.9333,"gbif","GBIF","Lyman Entomological Museum","Canadian Biodiversity Information Facility","Canadian Biodiversity Information Facility","cc0 1.0","Canadian Biodiversity Information Facility"
"Poanes hobomok",1966,5,"00:00:00","1966-05-01T00:00:00","occurrence",NA,1,46.7167,-75.15,"gbif","GBIF","Lyman Entomological Museum","Canadian Biodiversity Information Facility","Canadian Biodiversity Information Facility","cc0 1.0","Canadian Biodiversity Information Facility"
"Amblyscirtes vialis",1966,6,"00:00:00","1966-06-02T00:00:00","occurrence",NA,1,45.8667,-74.0833,"gbif","GBIF","Lyman Entomological Museum","Canadian Biodiversity Information Facility","Canadian Biodiversity Information Facility","cc0 1.0","Canadian Biodiversity Information Facility"
"Erynnis lucilius",1966,7,"00:00:00","1966-07-13T00:00:00","occurrence",NA,1,45.0333,-73.0833,"gbif","GBIF","Lyman Entomological Museum","Canadian Biodiversity Information Facility","Canadian Biodiversity Information Facility","cc0 1.0","Canadian Biodiversity Information Facility"
"Boloria eunomia dawsoni",1966,6,"00:00:00","1966-06-19T00:00:00","occurrence",NA,1,47.666667,-68.833333,"gbif","GBIF","The Albert J. Cook Arthropod Research Collection","A.J. Cook Arthropod Research Collection","A.J. Cook Arthropod Research Collection","cc0 1.0","A.J. Cook Arthropod Research Collection"
"Boloria eunomia dawsoni",1966,6,"00:00:00","1966-06-19T00:00:00","occurrence",NA,1,47.666667,-68.833333,"gbif","GBIF","The Albert J. Cook Arthropod Research Collection","A.J. Cook Arthropod Research Collection","A.J. Cook Arthropod Research Collection","cc0 1.0","A.J. Cook Arthropod Research Collection"
"Oeneis jutta",1966,6,"00:00:00","1966-06-19T00:00:00","occurrence",NA,1,47.666667,-68.833333,"gbif","GBIF","The Albert J. Cook Arthropod Research Collection","A.J. Cook Arthropod Research Collection","A.J. Cook Arthropod Research Collection","cc0 1.0","A.J. Cook Arthropod Research Collection"
"Boloria eunomia dawsoni",1966,6,"00:00:00","1966-06-19T00:00:00","occurrence",NA,1,47.666667,-68.833333,"gbif","GBIF","The Albert J. Cook Arthropod Research Collection","A.J. Cook Arthropod Research Collection","A.J. Cook Arthropod Research Collection","cc0 1.0","A.J. Cook Arthropod Research Collection"
"Oeneis jutta",1966,6,"00:00:00","1966-06-19T00:00:00","occurrence",NA,1,47.666667,-68.833333,"gbif","GBIF","The Albert J. Cook Arthropod Research Collection","A.J. Cook Arthropod Research Collection","A.J. Cook Arthropod Research Collection","cc0 1.0","A.J. Cook Arthropod Research Collection"
"Boloria eunomia dawsoni",1966,6,"00:00:00","1966-06-19T00:00:00","occurrence",NA,1,47.666667,-68.833333,"gbif","GBIF","The Albert J. Cook Arthropod Research Collection","A.J. Cook Arthropod Research Collection","A.J. Cook Arthropod Research Collection","cc0 1.0","A.J. Cook Arthropod Research Collection"
"Oeneis jutta",1966,6,"00:00:00","1966-06-19T00:00:00","occurrence",NA,1,47.666667,-68.833333,"gbif","GBIF","The Albert J. Cook Arthropod Research Collection","A.J. Cook Arthropod Research Collection","A.J. Cook Arthropod Research Collection","cc0 1.0","A.J. Cook Arthropod Research Collection"
"Amblyscirtes vialis",1966,6,"00:00:00","1966-06-12T00:00:00","occurrence",NA,1,45.951111,-77.270278,"gbif","GBIF","C.P. Gillette Museum of Arthropod Diversity","Colorado State University, C.P. Gillette Museum of Arthropod Diversity","Colorado State University, C.P. Gillette Museum of Arthropod Diversity","cc0 1.0","Colorado State University, C.P. Gillette Museum of Arthropod Diversity"
"Nemapogon ophrionella",1966,7,"00:00:00","1966-07-06T00:00:00","occurrence",NA,1,45.441,-75.76,"gbif","GBIF","NMNH Extant Specimen Records (USNM, US)","National Museum of Natural History, Smithsonian Institution","National Museum of Natural History, Smithsonian Institution","cc0 1.0","National Museum of Natural History, Smithsonian Institution"
"Papilio canadensis",1966,6,"00:00:00","1966-06-07T00:00:00","occurrence",NA,1,45.930979,-74.02476,"gbif","GBIF","eButterfly Surveys","Vermont Center for Ecostudies","Vermont Center for Ecostudies","cc by nc 4.0","Vermont Center for Ecostudies"
"Colias eurytheme",1966,10,"00:00:00","1966-10-24T00:00:00","occurrence",NA,1,45.99378,-73.98797,"gbif","GBIF","eButterfly Surveys","Vermont Center for Ecostudies","Vermont Center for Ecostudies","cc by nc 4.0","Vermont Center for Ecostudies"
"Phyciodes cocyta",1966,8,"00:00:00","1966-08-27T00:00:00","occurrence",NA,1,45.543454,-75.41917,"gbif","GBIF","eButterfly Surveys","Vermont Center for Ecostudies","Vermont Center for Ecostudies","cc by nc 4.0","Vermont Center for Ecostudies"
"Polites origenes",1966,7,"00:00:00","1966-07-05T00:00:00","occurrence",NA,1,45.993107,-73.29848,"gbif","GBIF","eButterfly Surveys","Vermont Center for Ecostudies","Vermont Center for Ecostudies","cc by nc 4.0","Vermont Center for Ecostudies"
"Thorybes pylades",1966,6,"00:00:00","1966-06-26T00:00:00","occurrence",NA,1,45.875457,-74.082091,"gbif","GBIF","eButterfly Surveys","Vermont Center for Ecostudies","Vermont Center for Ecostudies","cc by nc 4.0","Vermont Center for Ecostudies"
"Erynnis lucilius",1966,7,"00:00:00","1966-07-13T00:00:00","occurrence",NA,1,45.03915,-73.074646,"gbif","GBIF","eButterfly Surveys","Vermont Center for Ecostudies","Vermont Center for Ecostudies","cc by nc 4.0","Vermont Center for Ecostudies"
"Phyciodes cocyta",1966,7,"00:00:00","1966-07-16T00:00:00","occurrence",NA,1,45.366389,-73.984621,"gbif","GBIF","eButterfly Surveys","Vermont Center for Ecostudies","Vermont Center for Ecostudies","cc by nc 4.0","Vermont Center for Ecostudies"
"Thymelicus lineola",1966,7,"00:00:00","1966-07-09T00:00:00","abundance",NA,6,45.554592,-73.70841,"gbif","GBIF","eButterfly Surveys","Vermont Center for Ecostudies","Vermont Center for Ecostudies","cc by nc 4.0","Vermont Center for Ecostudies"
"Epargyreus clarus",1966,6,"00:00:00","1966-06-25T00:00:00","occurrence",NA,1,46.782996,-71.28607,"gbif","GBIF","eButterfly Surveys","Vermont Center for Ecostudies","Vermont Center for Ecostudies","cc by nc 4.0","Vermont Center for Ecostudies"
"Satyrium calanus",1966,7,"00:00:00","1966-07-11T00:00:00","occurrence",NA,1,46.713546,-71.270612,"gbif","GBIF","eButterfly Surveys","Vermont Center for Ecostudies","Vermont Center for Ecostudies","cc by nc 4.0","Vermont Center for Ecostudies"
"Megisto cymela",1966,6,"00:00:00","1966-06-19T00:00:00","occurrence",NA,1,46.640423,-71.59069,"gbif","GBIF","eButterfly Surveys","Vermont Center for Ecostudies","Vermont Center for Ecostudies","cc by nc 4.0","Vermont Center for Ecostudies"
"Megisto cymela",1966,6,"00:00:00","1966-06-09T00:00:00","abundance",NA,3,46.59355,-72.031462,"gbif","GBIF","eButterfly Surveys","Vermont Center for Ecostudies","Vermont Center for Ecostudies","cc by nc 4.0","Vermont Center for Ecostudies"
"Polygonia comma",1966,10,"00:00:00","1966-10-08T00:00:00","occurrence",NA,1,45.6383,-75.9308,"gbif","GBIF","New Brunswick Museum Collection","Canadian Biodiversity Information Facility","Canadian Biodiversity Information Facility","cc by 4.0","Canadian Biodiversity Information Facility"
"Satyrodes eurydice",1966,7,"00:00:00","1966-07-22T00:00:00","occurrence",NA,1,45.6383,-75.9308,"gbif","GBIF","New Brunswick Museum Collection","Canadian Biodiversity Information Facility","Canadian Biodiversity Information Facility","cc by 4.0","Canadian Biodiversity Information Facility"
"Polygonia comma",1966,8,"00:00:00","1966-08-28T00:00:00","occurrence",NA,1,45.6383,-75.9308,"gbif","GBIF","New Brunswick Museum Collection","Canadian Biodiversity Information Facility","Canadian Biodiversity Information Facility","cc by 4.0","Canadian Biodiversity Information Facility"
"Limenitis arthemis",1966,7,"00:00:00","1966-07-09T00:00:00","occurrence",NA,1,45.6383,-75.9308,"gbif","GBIF","New Brunswick Museum Collection","Canadian Biodiversity Information Facility","Canadian Biodiversity Information Facility","cc by 4.0","Canadian Biodiversity Information Facility"
"Speyeria aphrodite",1966,7,"00:00:00","1966-07-20T00:00:00","occurrence",NA,1,45.6383,-75.9308,"gbif","GBIF","New Brunswick Museum Collection","Canadian Biodiversity Information Facility","Canadian Biodiversity Information Facility","cc by 4.0","Canadian Biodiversity Information Facility"
"Euphyes vestris",1966,7,"00:00:00","1966-07-22T00:00:00","occurrence",NA,1,45.6383,-75.9308,"gbif","GBIF","New Brunswick Museum Collection","Canadian Biodiversity Information Facility","Canadian Biodiversity Information Facility","cc by 4.0","Canadian Biodiversity Information Facility"
"Danaus plexippus",1966,8,"00:00:00","1966-08-15T00:00:00","occurrence",NA,1,45.6383,-75.9308,"gbif","GBIF","New Brunswick Museum Collection","Canadian Biodiversity Information Facility","Canadian Biodiversity Information Facility","cc by 4.0","Canadian Biodiversity Information Facility"
"Nymphalis milberti",1966,7,"00:00:00","1966-07-22T00:00:00","occurrence",NA,1,45.6383,-75.9308,"gbif","GBIF","New Brunswick Museum Collection","Canadian Biodiversity Information Facility","Canadian Biodiversity Information Facility","cc by 4.0","Canadian Biodiversity Information Facility"
"Colias philodice",1966,7,"00:00:00","1966-07-22T00:00:00","occurrence",NA,1,45.6383,-75.9308,"gbif","GBIF","New Brunswick Museum Collection","Canadian Biodiversity Information Facility","Canadian Biodiversity Information Facility","cc by 4.0","Canadian Biodiversity Information Facility"
"Colias philodice",1966,8,"00:00:00","1966-08-28T00:00:00","occurrence",NA,1,45.6383,-75.9308,"gbif","GBIF","New Brunswick Museum Collection","Canadian Biodiversity Information Facility","Canadian Biodiversity Information Facility","cc by 4.0","Canadian Biodiversity Information Facility"
"Speyeria cybele",1966,8,"00:00:00","1966-08-08T00:00:00","occurrence",NA,1,45.6383,-75.9308,"gbif","GBIF","New Brunswick Museum Collection","Canadian Biodiversity Information Facility","Canadian Biodiversity Information Facility","cc by 4.0","Canadian Biodiversity Information Facility"
"Speyeria cybele",1966,7,"00:00:00","1966-07-09T00:00:00","occurrence",NA,1,45.6383,-75.9308,"gbif","GBIF","New Brunswick Museum Collection","Canadian Biodiversity Information Facility","Canadian Biodiversity Information Facility","cc by 4.0","Canadian Biodiversity Information Facility"
"Polites origenes",1966,7,"00:00:00","1966-07-09T00:00:00","occurrence",NA,1,45.6383,-75.9308,"gbif","GBIF","New Brunswick Museum Collection","Canadian Biodiversity Information Facility","Canadian Biodiversity Information Facility","cc by 4.0","Canadian Biodiversity Information Facility"
"Polites origenes",1966,7,"00:00:00","1966-07-02T00:00:00","occurrence",NA,1,45.6383,-75.9308,"gbif","GBIF","New Brunswick Museum Collection","Canadian Biodiversity Information Facility","Canadian Biodiversity Information Facility","cc by 4.0","Canadian Biodiversity Information Facility"
"Colias eurytheme",1966,8,"00:00:00","1966-08-28T00:00:00","occurrence",NA,1,45.6383,-75.9308,"gbif","GBIF","New Brunswick Museum Collection","Canadian Biodiversity Information Facility","Canadian Biodiversity Information Facility","cc by 4.0","Canadian Biodiversity Information Facility"
"Colias eurytheme",1966,7,"00:00:00","1966-07-30T00:00:00","occurrence",NA,1,45.6383,-75.9308,"gbif","GBIF","New Brunswick Museum Collection","Canadian Biodiversity Information Facility","Canadian Biodiversity Information Facility","cc by 4.0","Canadian Biodiversity Information Facility"
"Pieris rapae",1966,7,"00:00:00","1966-07-02T00:00:00","occurrence",NA,1,45.6383,-75.9308,"gbif","GBIF","New Brunswick Museum Collection","Canadian Biodiversity Information Facility","Canadian Biodiversity Information Facility","cc by 4.0","Canadian Biodiversity Information Facility"
"Vanessa cardui",1966,8,"00:00:00","1966-08-28T00:00:00","occurrence",NA,1,45.6383,-75.9308,"gbif","GBIF","New Brunswick Museum Collection","Canadian Biodiversity Information Facility","Canadian Biodiversity Information Facility","cc by 4.0","Canadian Biodiversity Information Facility"
"Vanessa cardui",1966,7,"00:00:00","1966-07-31T00:00:00","occurrence",NA,1,45.6383,-75.9308,"gbif","GBIF","New Brunswick Museum Collection","Canadian Biodiversity Information Facility","Canadian Biodiversity Information Facility","cc by 4.0","Canadian Biodiversity Information Facility"
"Satyrium titus",1966,7,"00:00:00","1966-07-02T00:00:00","occurrence",NA,1,45.6383,-75.9308,"gbif","GBIF","New Brunswick Museum Collection","Canadian Biodiversity Information Facility","Canadian Biodiversity Information Facility","cc by 4.0","Canadian Biodiversity Information Facility"
"Polygonia progne",1966,7,"00:00:00","1966-07-22T00:00:00","occurrence",NA,1,45.6383,-75.9308,"gbif","GBIF","New Brunswick Museum Collection","Canadian Biodiversity Information Facility","Canadian Biodiversity Information Facility","cc by 4.0","Canadian Biodiversity Information Facility"
"Polygonia progne",1966,8,"00:00:00","1966-08-20T00:00:00","occurrence",NA,1,45.6383,-75.9308,"gbif","GBIF","New Brunswick Museum Collection","Canadian Biodiversity Information Facility","Canadian Biodiversity Information Facility","cc by 4.0","Canadian Biodiversity Information Facility"
"Vanessa atalanta",1966,7,"00:00:00","1966-07-31T00:00:00","occurrence",NA,1,45.6383,-75.9308,"gbif","GBIF","New Brunswick Museum Collection","Canadian Biodiversity Information Facility","Canadian Biodiversity Information Facility","cc by 4.0","Canadian Biodiversity Information Facility"
"Vanessa atalanta",1966,7,"00:00:00","1966-07-22T00:00:00","occurrence",NA,1,45.6383,-75.9308,"gbif","GBIF","New Brunswick Museum Collection","Canadian Biodiversity Information Facility","Canadian Biodiversity Information Facility","cc by 4.0","Canadian Biodiversity Information Facility"
"Boloria bellona",1966,7,"00:00:00","1966-07-22T00:00:00","occurrence",NA,1,45.6383,-75.9308,"gbif","GBIF","New Brunswick Museum Collection","Canadian Biodiversity Information Facility","Canadian Biodiversity Information Facility","cc by 4.0","Canadian Biodiversity Information Facility"
"Thorybes pylades",1966,7,"00:00:00","1966-07-09T00:00:00","occurrence",NA,1,45.6383,-75.9308,"gbif","GBIF","New Brunswick Museum Collection","Canadian Biodiversity Information Facility","Canadian Biodiversity Information Facility","cc by 4.0","Canadian Biodiversity Information Facility"
"Papilio canadensis",1966,6,"00:00:00","1966-06-15T00:00:00","occurrence",NA,1,45.988464,-74.000625,"gbif","GBIF","eButterfly Surveys","Vermont Center for Ecostudies","Vermont Center for Ecostudies","cc by nc 4.0","Vermont Center for Ecostudies"
"Lycaena phlaeas",1966,6,"00:00:00","1966-06-26T00:00:00","occurrence",NA,1,45.875457,-74.082091,"gbif","GBIF","eButterfly Surveys","Vermont Center for Ecostudies","Vermont Center for Ecostudies","cc by nc 4.0","Vermont Center for Ecostudies"
"Poanes hobomok",1966,7,"00:00:00","1966-07-17T00:00:00","occurrence",NA,1,45.692982,-73.63311,"gbif","GBIF","eButterfly Surveys","Vermont Center for Ecostudies","Vermont Center for Ecostudies","cc by nc 4.0","Vermont Center for Ecostudies"
"Satyrium liparops",1966,8,"00:00:00","1966-08-01T00:00:00","occurrence",NA,1,45.993107,-73.29848,"gbif","GBIF","eButterfly Surveys","Vermont Center for Ecostudies","Vermont Center for Ecostudies","cc by nc 4.0","Vermont Center for Ecostudies"
"Celastrina lucia",1966,5,"00:00:00","1966-05-22T00:00:00","occurrence",NA,1,46.782996,-71.28607,"gbif","GBIF","eButterfly Surveys","Vermont Center for Ecostudies","Vermont Center for Ecostudies","cc by nc 4.0","Vermont Center for Ecostudies"
"Papilio brevicauda",1966,2,"00:00:00","1966-02-26T00:00:00","occurrence",NA,1,49.549519,-62.955532,"gbif","GBIF","eButterfly Surveys","Vermont Center for Ecostudies","Vermont Center for Ecostudies","cc by nc 4.0","Vermont Center for Ecostudies"
"Boloria bellona",1966,6,"00:00:00","1966-06-30T00:00:00","occurrence",NA,1,53.2167,-77.45,"gbif","GBIF","Canadian National Collection (CNC) of Insects, Arachnids and Nematodes","Canadian Biodiversity Information Facility","Canadian Biodiversity Information Facility","cc by 4.0","Canadian Biodiversity Information Facility"
"Boloria bellona",1966,6,"00:00:00","1966-06-30T00:00:00","occurrence",NA,1,52.3833,-77.1333,"gbif","GBIF","Canadian National Collection (CNC) of Insects, Arachnids and Nematodes","Canadian Biodiversity Information Facility","Canadian Biodiversity Information Facility","cc by 4.0","Canadian Biodiversity Information Facility"
"Coenonympha tullia mcisaaci",1966,6,"00:00:00","1966-06-18T00:00:00","occurrence",NA,1,46.5,-75.1333,"gbif","GBIF","Canadian National Collection (CNC) of Insects, Arachnids and Nematodes","Canadian Biodiversity Information Facility","Canadian Biodiversity Information Facility","cc by 4.0","Canadian Biodiversity Information Facility"
"Coenonympha tullia mcisaaci",1966,6,"00:00:00","1966-06-18T00:00:00","occurrence",NA,1,46.5,-75.1333,"gbif","GBIF","Canadian National Collection (CNC) of Insects, Arachnids and Nematodes","Canadian Biodiversity Information Facility","Canadian Biodiversity Information Facility","cc by 4.0","Canadian Biodiversity Information Facility"
"Coenonympha tullia mcisaaci",1966,6,"00:00:00","1966-06-18T00:00:00","occurrence",NA,1,46.5,-75.1333,"gbif","GBIF","Canadian National Collection (CNC) of Insects, Arachnids and Nematodes","Canadian Biodiversity Information Facility","Canadian Biodiversity Information Facility","cc by 4.0","Canadian Biodiversity Information Facility"
"Coenonympha tullia mcisaaci",1966,6,"00:00:00","1966-06-18T00:00:00","occurrence",NA,1,46.5,-75.1333,"gbif","GBIF","Canadian National Collection (CNC) of Insects, Arachnids and Nematodes","Canadian Biodiversity Information Facility","Canadian Biodiversity Information Facility","cc by 4.0","Canadian Biodiversity Information Facility"
"Nymphalis vaualbum",1966,7,"00:00:00","1966-07-14T00:00:00","occurrence",NA,1,46.1667,-75.5,"gbif","GBIF","Canadian National Collection (CNC) of Insects, Arachnids and Nematodes","Canadian Biodiversity Information Facility","Canadian Biodiversity Information Facility","cc by 4.0","Canadian Biodiversity Information Facility"
"Cercyonis pegala nephele",1966,7,"00:00:00","1966-07-07T00:00:00","occurrence",NA,1,46.5,-75.1333,"gbif","GBIF","Canadian National Collection (CNC) of Insects, Arachnids and Nematodes","Canadian Biodiversity Information Facility","Canadian Biodiversity Information Facility","cc by 4.0","Canadian Biodiversity Information Facility"
"Speyeria aphrodite",1966,7,"00:00:00","1966-07-14T00:00:00","occurrence",NA,1,46.1667,-75.5,"gbif","GBIF","Canadian National Collection (CNC) of Insects, Arachnids and Nematodes","Canadian Biodiversity Information Facility","Canadian Biodiversity Information Facility","cc by 4.0","Canadian Biodiversity Information Facility"
"Thorybes pylades",1966,7,"00:00:00","1966-07-09T00:00:00","occurrence",NA,1,45.64,-75.93,"gbif","GBIF","New Brunswick Museum - Insects","New Brunswick Museum","New Brunswick Museum","cc by nc 4.0","New Brunswick Museum"
"Euphyes vestris",1966,7,"00:00:00","1966-07-22T00:00:00","occurrence",NA,1,45.64,-75.93,"gbif","GBIF","New Brunswick Museum - Insects","New Brunswick Museum","New Brunswick Museum","cc by nc 4.0","New Brunswick Museum"
"Colias eurytheme",1966,7,"00:00:00","1966-07-30T00:00:00","occurrence",NA,1,45.64,-75.93,"gbif","GBIF","New Brunswick Museum - Insects","New Brunswick Museum","New Brunswick Museum","cc by nc 4.0","New Brunswick Museum"
"Oeneis polixenes",1966,7,"","1966-07-11","presence",NA,1,66.1466,-65.7012,"ebutterfly","Maxim Larrivée, Jeremy Kerr, Kent McFarland and Katy Prudic","eButterfly","ebutterfly","eButterfly","","eButterfly"
"Boloria freija",1966,7,"","1966-07-13","presence",NA,1,66.1466,-65.7012,"ebutterfly","Maxim Larrivée, Jeremy Kerr, Kent McFarland and Katy Prudic","eButterfly","ebutterfly","eButterfly","","eButterfly"
"Oeneis polixenes",1966,7,"","1966-07-14","presence",NA,1,66.1466,-65.7012,"ebutterfly","Maxim Larrivée, Jeremy Kerr, Kent McFarland and Katy Prudic","eButterfly","ebutterfly","eButterfly","","eButterfly"
"Oeneis polixenes",1966,6,"","1966-06-25","presence",NA,1,66.1466,-65.7012,"ebutterfly","Maxim Larrivée, Jeremy Kerr, Kent McFarland and Katy Prudic","eButterfly","ebutterfly","eButterfly","","eButterfly"
"Cupido comyntas",1966,7,"","1966-07-07","presence",NA,1,42.8473,-80.9867,"ebutterfly","Maxim Larrivée, Jeremy Kerr, Kent McFarland and Katy Prudic","eButterfly","ebutterfly","eButterfly","","eButterfly"
"Oeneis polixenes",1966,7,"","1966-07-13","presence",NA,1,66.1466,-65.7012,"ebutterfly","Maxim Larrivée, Jeremy Kerr, Kent McFarland and Katy Prudic","eButterfly","ebutterfly","eButterfly","","eButterfly"
"Oeneis polixenes",1966,7,"","1966-07-15","presence",NA,1,66.1466,-65.7012,"ebutterfly","Maxim Larrivée, Jeremy Kerr, Kent McFarland and Katy Prudic","eButterfly","ebutterfly","eButterfly","","eButterfly"
"Pontia occidentalis",1966,8,"","1966-08-24","presence",NA,1,50.424,-103.277,"ebutterfly","Maxim Larrivée, Jeremy Kerr, Kent McFarland and Katy Prudic","eButterfly","ebutterfly","eButterfly","","eButterfly"
"Oeneis melissa",1966,7,"","1966-07-14","presence",NA,1,66.1466,-65.7012,"ebutterfly","Maxim Larrivée, Jeremy Kerr, Kent McFarland and Katy Prudic","eButterfly","ebutterfly","eButterfly","","eButterfly"
"Speyeria cybele",1966,8,"","1966-08-02","presence",NA,1,38.4694,-78.8829,"ebutterfly","Maxim Larrivée, Jeremy Kerr, Kent McFarland and Katy Prudic","eButterfly","ebutterfly","eButterfly","","eButterfly"
"Cercyonis pegala",1966,8,"","1966-08-24","presence",NA,1,50.424,-103.277,"ebutterfly","Maxim Larrivée, Jeremy Kerr, Kent McFarland and Katy Prudic","eButterfly","ebutterfly","eButterfly","","eButterfly"
"Oeneis polixenes",1966,7,"","1966-07-12","presence",NA,1,66.1466,-65.7012,"ebutterfly","Maxim Larrivée, Jeremy Kerr, Kent McFarland and Katy Prudic","eButterfly","ebutterfly","eButterfly","","eButterfly"
"Phyciodes tharos",1966,8,"","1966-08-02","presence",NA,1,38.4694,-78.8829,"ebutterfly","Maxim Larrivée, Jeremy Kerr, Kent McFarland and Katy Prudic","eButterfly","ebutterfly","eButterfly","","eButterfly"
"Cercyonis pegala",1966,8,"","1966-08-24","presence",NA,1,46.5221,-80.953,"ebutterfly","Maxim Larrivée, Jeremy Kerr, Kent McFarland and Katy Prudic","eButterfly","ebutterfly","eButterfly","","eButterfly"
"Thymelicus lineola",1966,8,"","1966-08-24","presence",NA,1,46.5221,-80.953,"ebutterfly","Maxim Larrivée, Jeremy Kerr, Kent McFarland and Katy Prudic","eButterfly","ebutterfly","eButterfly","","eButterfly"
