"observed_scientific_name","year_obs","day_obs","time_obs","dwc_event_date","obs_variable","obs_unit","obs_value","lat","lon","original_source","creator","title","publisher","intellectual_rights","license","owner"
"Colias philodice",1993,8,"12:00:00","1993-08-22T12:00:00","presence",NA,1,45.6037,-73.6905,"ebutterfly","Maxim Larrivée, Jeremy Kerr, Kent McFarland and Katy Prudic","eButterfly","ebutterfly","eButterfly","","eButterfly"
"Pieris rapae",1993,6,"12:00:00","1993-06-02T12:00:00","presence",NA,1,45.6066,-73.7124,"ebutterfly","Maxim Larrivée, Jeremy Kerr, Kent McFarland and Katy Prudic","eButterfly","ebutterfly","eButterfly","","eButterfly"
"Pieris oleracea",1993,6,"12:00:00","1993-06-20T12:00:00","presence",NA,1,45.8941,-74.1579,"ebutterfly","Maxim Larrivée, Jeremy Kerr, Kent McFarland and Katy Prudic","eButterfly","ebutterfly","eButterfly","","eButterfly"
"Euphydryas phaeton",1993,6,"12:00:00","1993-06-20T12:00:00","presence",NA,1,45.6037,-73.6905,"ebutterfly","Maxim Larrivée, Jeremy Kerr, Kent McFarland and Katy Prudic","eButterfly","ebutterfly","eButterfly","","eButterfly"
"Nymphalis antiopa",1993,4,"12:00:00","1993-04-24T12:00:00","presence",NA,1,45.6037,-73.6905,"ebutterfly","Maxim Larrivée, Jeremy Kerr, Kent McFarland and Katy Prudic","eButterfly","ebutterfly","eButterfly","","eButterfly"
"Polygonia interrogationis",1993,7,"12:00:00","1993-07-28T12:00:00","presence",NA,1,45.6066,-73.7124,"ebutterfly","Maxim Larrivée, Jeremy Kerr, Kent McFarland and Katy Prudic","eButterfly","ebutterfly","eButterfly","","eButterfly"
"Polygonia interrogationis",1993,7,"12:00:00","1993-07-22T12:00:00","presence",NA,1,45.6066,-73.7124,"ebutterfly","Maxim Larrivée, Jeremy Kerr, Kent McFarland and Katy Prudic","eButterfly","ebutterfly","eButterfly","","eButterfly"
"Epargyreus clarus",1993,7,"12:00:00","1993-07-15T12:00:00","presence",NA,1,45.6037,-73.6905,"ebutterfly","Maxim Larrivée, Jeremy Kerr, Kent McFarland and Katy Prudic","eButterfly","ebutterfly","eButterfly","","eButterfly"
"Euphyes vestris",1993,7,"12:00:00","1993-07-20T12:00:00","presence",NA,1,45.6037,-73.6905,"ebutterfly","Maxim Larrivée, Jeremy Kerr, Kent McFarland and Katy Prudic","eButterfly","ebutterfly","eButterfly","","eButterfly"
"Papilio polyxenes",1993,6,"12:00:00","1993-06-15T12:00:00","presence",NA,1,45.6041,-73.6587,"ebutterfly","Maxim Larrivée, Jeremy Kerr, Kent McFarland and Katy Prudic","eButterfly","ebutterfly","eButterfly","","eButterfly"
"Papilio polyxenes",1993,6,"12:00:00","1993-06-25T12:00:00","presence",NA,1,45.6041,-73.6587,"ebutterfly","Maxim Larrivée, Jeremy Kerr, Kent McFarland and Katy Prudic","eButterfly","ebutterfly","eButterfly","","eButterfly"
"Papilio polyxenes",1993,7,"12:00:00","1993-07-10T12:00:00","presence",NA,1,45.6041,-73.6587,"ebutterfly","Maxim Larrivée, Jeremy Kerr, Kent McFarland and Katy Prudic","eButterfly","ebutterfly","eButterfly","","eButterfly"
"Aglais milberti",1993,8,"12:00:00","1993-08-15T12:00:00","presence",NA,1,46.3591,-73.3525,"ebutterfly","Maxim Larrivée, Jeremy Kerr, Kent McFarland and Katy Prudic","eButterfly","ebutterfly","eButterfly","","eButterfly"
"Limenitis arthemis",1993,6,"12:00:00","1993-06-22T12:00:00","presence",NA,1,45.6037,-73.6905,"ebutterfly","Maxim Larrivée, Jeremy Kerr, Kent McFarland and Katy Prudic","eButterfly","ebutterfly","eButterfly","","eButterfly"
"Colias eurytheme",1993,8,"12:00:00","1993-08-05T12:00:00","presence",NA,1,45.6066,-73.7124,"ebutterfly","Maxim Larrivée, Jeremy Kerr, Kent McFarland and Katy Prudic","eButterfly","ebutterfly","eButterfly","","eButterfly"
"Limenitis arthemis",1993,6,"","1993-06-01","presence",NA,1,45.4954,-74.0284,"ebutterfly","Maxim Larrivée, Jeremy Kerr, Kent McFarland and Katy Prudic","eButterfly","ebutterfly","eButterfly","","eButterfly"
"Erynnis icelus",1993,5,"","1993-05-22","presence",NA,1,46.9083,-71.375,"ebutterfly","Maxim Larrivée, Jeremy Kerr, Kent McFarland and Katy Prudic","eButterfly","ebutterfly","eButterfly","","eButterfly"
"Speyeria atlantis",1993,8,"","1993-08-04","presence",NA,1,48.144,-69.2475,"ebutterfly","Maxim Larrivée, Jeremy Kerr, Kent McFarland and Katy Prudic","eButterfly","ebutterfly","eButterfly","","eButterfly"
"Aglais milberti",1993,9,"","1993-09-21","presence",NA,1,45.9931,-73.2985,"ebutterfly","Maxim Larrivée, Jeremy Kerr, Kent McFarland and Katy Prudic","eButterfly","ebutterfly","eButterfly","","eButterfly"
"Thymelicus lineola",1993,4,"","1993-04-01","presence",NA,1,46.8253,-71.3803,"ebutterfly","Maxim Larrivée, Jeremy Kerr, Kent McFarland and Katy Prudic","eButterfly","ebutterfly","eButterfly","","eButterfly"
"Thymelicus lineola",1993,7,"","1993-07-02","presence",NA,1,45.6066,-73.7124,"ebutterfly","Maxim Larrivée, Jeremy Kerr, Kent McFarland and Katy Prudic","eButterfly","ebutterfly","eButterfly","","eButterfly"
"Callophrys niphon",1993,3,"","1993-03-15","presence",NA,1,45.9861,-73.7262,"ebutterfly","Maxim Larrivée, Jeremy Kerr, Kent McFarland and Katy Prudic","eButterfly","ebutterfly","eButterfly","","eButterfly"
"Coenonympha inornata",1993,8,"","1993-08-04","presence",NA,1,48.144,-69.2475,"ebutterfly","Maxim Larrivée, Jeremy Kerr, Kent McFarland and Katy Prudic","eButterfly","ebutterfly","eButterfly","","eButterfly"
"Danaus plexippus",1993,8,"","1993-08-04","presence",NA,1,48.144,-69.2475,"ebutterfly","Maxim Larrivée, Jeremy Kerr, Kent McFarland and Katy Prudic","eButterfly","ebutterfly","eButterfly","","eButterfly"
"Aglais milberti",1993,8,"","1993-08-04","presence",NA,1,48.144,-69.2475,"ebutterfly","Maxim Larrivée, Jeremy Kerr, Kent McFarland and Katy Prudic","eButterfly","ebutterfly","eButterfly","","eButterfly"
"Lethe anthedon",1993,8,"","1993-08-04","presence",NA,1,48.144,-69.2475,"ebutterfly","Maxim Larrivée, Jeremy Kerr, Kent McFarland and Katy Prudic","eButterfly","ebutterfly","eButterfly","","eButterfly"
"Speyeria aphrodite",1993,8,"","1993-08-04","presence",NA,1,48.144,-69.2475,"ebutterfly","Maxim Larrivée, Jeremy Kerr, Kent McFarland and Katy Prudic","eButterfly","ebutterfly","eButterfly","","eButterfly"
"Speyeria atlantis",1993,8,"","1993-08-04","presence",NA,1,48.144,-69.2475,"ebutterfly","Maxim Larrivée, Jeremy Kerr, Kent McFarland and Katy Prudic","eButterfly","ebutterfly","eButterfly","","eButterfly"
"Vanessa atalanta",1993,8,"","1993-08-04","presence",NA,1,48.144,-69.2475,"ebutterfly","Maxim Larrivée, Jeremy Kerr, Kent McFarland and Katy Prudic","eButterfly","ebutterfly","eButterfly","","eButterfly"
"Lycaena hyllus",1993,8,"12:00:00","1993-08-24T12:00:00","presence",NA,1,45.1865,-73.4051,"ebutterfly","Maxim Larrivée, Jeremy Kerr, Kent McFarland and Katy Prudic","eButterfly","ebutterfly","eButterfly","","eButterfly"
"Colias eurytheme",1993,9,"12:00:00","1993-09-10T12:00:00","presence",NA,1,45.6066,-73.7124,"ebutterfly","Maxim Larrivée, Jeremy Kerr, Kent McFarland and Katy Prudic","eButterfly","ebutterfly","eButterfly","","eButterfly"
"Satyrium acadica",1993,7,"12:00:00","1993-07-10T12:00:00","presence",NA,1,45.6037,-73.6905,"ebutterfly","Maxim Larrivée, Jeremy Kerr, Kent McFarland and Katy Prudic","eButterfly","ebutterfly","eButterfly","","eButterfly"
"Limenitis archippus",1993,8,"12:00:00","1993-08-22T12:00:00","presence",NA,1,45.6037,-73.6905,"ebutterfly","Maxim Larrivée, Jeremy Kerr, Kent McFarland and Katy Prudic","eButterfly","ebutterfly","eButterfly","","eButterfly"
"Poanes hobomok",1993,6,"12:00:00","1993-06-20T12:00:00","presence",NA,1,45.6037,-73.6905,"ebutterfly","Maxim Larrivée, Jeremy Kerr, Kent McFarland and Katy Prudic","eButterfly","ebutterfly","eButterfly","","eButterfly"
"Poanes hobomok",1993,6,"12:00:00","1993-06-08T12:00:00","presence",NA,1,45.6041,-73.6587,"ebutterfly","Maxim Larrivée, Jeremy Kerr, Kent McFarland and Katy Prudic","eButterfly","ebutterfly","eButterfly","","eButterfly"
"Coleophora",1993,8,"00:00:00","1993-08-15T00:00:00","occurrence",NA,1,45.5,-75.9,"gbif","GBIF","International Barcode of Life project (iBOL)","The International Barcode of Life Consortium","The International Barcode of Life Consortium","cc by 4.0","The International Barcode of Life Consortium"
"Callophrys fotis",1993,5,"00:00:00","1993-05-09T00:00:00","occurrence",NA,1,46.48,-72.59,"gbif","GBIF","International Barcode of Life project (iBOL)","The International Barcode of Life Consortium","The International Barcode of Life Consortium","cc by 4.0","The International Barcode of Life Consortium"
"Coleophora",1993,8,"00:00:00","1993-08-12T00:00:00","occurrence",NA,1,46.089,-74.279,"gbif","GBIF","International Barcode of Life project (iBOL)","The International Barcode of Life Consortium","The International Barcode of Life Consortium","cc by 4.0","The International Barcode of Life Consortium"
"Coleophora",1993,8,"00:00:00","1993-08-19T00:00:00","occurrence",NA,1,45.53,-75.99,"gbif","GBIF","International Barcode of Life project (iBOL)","The International Barcode of Life Consortium","The International Barcode of Life Consortium","cc by 4.0","The International Barcode of Life Consortium"
"Callophrys fotis",1993,5,"00:00:00","1993-05-09T00:00:00","occurrence",NA,1,46.48,-72.59,"gbif","GBIF","International Barcode of Life project (iBOL)","The International Barcode of Life Consortium","The International Barcode of Life Consortium","cc by 4.0","The International Barcode of Life Consortium"
"Callophrys fotis",1993,5,"00:00:00","1993-05-09T00:00:00","occurrence",NA,1,46.48,-72.59,"gbif","GBIF","International Barcode of Life project (iBOL)","The International Barcode of Life Consortium","The International Barcode of Life Consortium","cc by 4.0","The International Barcode of Life Consortium"
"Lycaena hyllus",1993,8,"12:00:00","1993-08-24T12:00:00","occurrence",NA,1,45.186486,-73.405115,"gbif","GBIF","eButterfly Surveys","Vermont Center for Ecostudies","Vermont Center for Ecostudies","cc by nc 4.0","Vermont Center for Ecostudies"
"Polygonia interrogationis",1993,7,"12:00:00","1993-07-28T12:00:00","occurrence",NA,1,45.606649,-73.712409,"gbif","GBIF","eButterfly Surveys","Vermont Center for Ecostudies","Vermont Center for Ecostudies","cc by nc 4.0","Vermont Center for Ecostudies"
"Colias eurytheme",1993,8,"12:00:00","1993-08-05T12:00:00","occurrence",NA,1,45.606649,-73.712409,"gbif","GBIF","eButterfly Surveys","Vermont Center for Ecostudies","Vermont Center for Ecostudies","cc by nc 4.0","Vermont Center for Ecostudies"
"Lethe",1993,8,"00:00:00","1993-08-04T00:00:00","occurrence",NA,1,48.143963,-69.247501,"gbif","GBIF","eButterfly Surveys","Vermont Center for Ecostudies","Vermont Center for Ecostudies","cc by nc 4.0","Vermont Center for Ecostudies"
"Papilio polyxenes",1993,7,"12:00:00","1993-07-10T12:00:00","occurrence",NA,1,45.60413,-73.658652,"gbif","GBIF","eButterfly Surveys","Vermont Center for Ecostudies","Vermont Center for Ecostudies","cc by nc 4.0","Vermont Center for Ecostudies"
"Aglais milberti",1993,8,"12:00:00","1993-08-15T12:00:00","abundance",NA,4,46.359115,-73.352451,"gbif","GBIF","eButterfly Surveys","Vermont Center for Ecostudies","Vermont Center for Ecostudies","cc by nc 4.0","Vermont Center for Ecostudies"
"Euphydryas phaeton",1993,6,"12:00:00","1993-06-20T12:00:00","occurrence",NA,1,45.603731,-73.690514,"gbif","GBIF","eButterfly Surveys","Vermont Center for Ecostudies","Vermont Center for Ecostudies","cc by nc 4.0","Vermont Center for Ecostudies"
"Euphyes vestris",1993,7,"12:00:00","1993-07-20T12:00:00","occurrence",NA,1,45.603731,-73.690514,"gbif","GBIF","eButterfly Surveys","Vermont Center for Ecostudies","Vermont Center for Ecostudies","cc by nc 4.0","Vermont Center for Ecostudies"
"Thymelicus lineola",1993,7,"00:00:00","1993-07-02T00:00:00","occurrence",NA,1,45.606649,-73.712409,"gbif","GBIF","eButterfly Surveys","Vermont Center for Ecostudies","Vermont Center for Ecostudies","cc by nc 4.0","Vermont Center for Ecostudies"
"Limenitis arthemis",1993,6,"00:00:00","1993-06-01T00:00:00","occurrence",NA,1,45.495401,-74.028414,"gbif","GBIF","eButterfly Surveys","Vermont Center for Ecostudies","Vermont Center for Ecostudies","cc by nc 4.0","Vermont Center for Ecostudies"
"Celastrina lucia",1993,5,"00:00:00","1993-05-22T00:00:00","occurrence",NA,1,46.9083,-71.375,"gbif","GBIF","eButterfly Surveys","Vermont Center for Ecostudies","Vermont Center for Ecostudies","cc by nc 4.0","Vermont Center for Ecostudies"
"Speyeria aphrodite",1993,8,"00:00:00","1993-08-04T00:00:00","abundance",NA,2,48.143963,-69.247501,"gbif","GBIF","eButterfly Surveys","Vermont Center for Ecostudies","Vermont Center for Ecostudies","cc by nc 4.0","Vermont Center for Ecostudies"
"Speyeria atlantis",1993,8,"00:00:00","1993-08-04T00:00:00","abundance",NA,9,48.143963,-69.247501,"gbif","GBIF","eButterfly Surveys","Vermont Center for Ecostudies","Vermont Center for Ecostudies","cc by nc 4.0","Vermont Center for Ecostudies"
"Celastrina lucia",1993,8,"00:00:00","1993-08-10T00:00:00","occurrence",NA,1,46.9083,-71.375,"gbif","GBIF","eButterfly Surveys","Vermont Center for Ecostudies","Vermont Center for Ecostudies","cc by nc 4.0","Vermont Center for Ecostudies"
"Celastrina lucia",1993,5,"00:00:00","1993-05-12T00:00:00","abundance",NA,5,46.8666,-71.3666,"gbif","GBIF","eButterfly Surveys","Vermont Center for Ecostudies","Vermont Center for Ecostudies","cc by nc 4.0","Vermont Center for Ecostudies"
"Papilio polyxenes",1993,6,"12:00:00","1993-06-25T12:00:00","occurrence",NA,1,45.60413,-73.658652,"gbif","GBIF","eButterfly Surveys","Vermont Center for Ecostudies","Vermont Center for Ecostudies","cc by nc 4.0","Vermont Center for Ecostudies"
"Papilio polyxenes",1993,6,"12:00:00","1993-06-15T12:00:00","occurrence",NA,1,45.60413,-73.658652,"gbif","GBIF","eButterfly Surveys","Vermont Center for Ecostudies","Vermont Center for Ecostudies","cc by nc 4.0","Vermont Center for Ecostudies"
"Limenitis archippus",1993,8,"12:00:00","1993-08-22T12:00:00","occurrence",NA,1,45.603731,-73.690514,"gbif","GBIF","eButterfly Surveys","Vermont Center for Ecostudies","Vermont Center for Ecostudies","cc by nc 4.0","Vermont Center for Ecostudies"
"Pieris rapae",1993,6,"12:00:00","1993-06-02T12:00:00","occurrence",NA,1,45.606649,-73.712409,"gbif","GBIF","eButterfly Surveys","Vermont Center for Ecostudies","Vermont Center for Ecostudies","cc by nc 4.0","Vermont Center for Ecostudies"
"Vanessa atalanta",1993,8,"00:00:00","1993-08-04T00:00:00","occurrence",NA,1,48.143963,-69.247501,"gbif","GBIF","eButterfly Surveys","Vermont Center for Ecostudies","Vermont Center for Ecostudies","cc by nc 4.0","Vermont Center for Ecostudies"
"Euphyes vestris",1993,8,"00:00:00","1993-08-04T00:00:00","occurrence",NA,1,48.143963,-69.247501,"gbif","GBIF","eButterfly Surveys","Vermont Center for Ecostudies","Vermont Center for Ecostudies","cc by nc 4.0","Vermont Center for Ecostudies"
"Plebejus idas",1993,7,"00:00:00","1993-07-13T00:00:00","occurrence",NA,1,47.398597,-71.183596,"gbif","GBIF","eButterfly Surveys","Vermont Center for Ecostudies","Vermont Center for Ecostudies","cc by nc 4.0","Vermont Center for Ecostudies"
"Nymphalis antiopa",1993,4,"12:00:00","1993-04-24T12:00:00","occurrence",NA,1,45.603731,-73.690514,"gbif","GBIF","eButterfly Surveys","Vermont Center for Ecostudies","Vermont Center for Ecostudies","cc by nc 4.0","Vermont Center for Ecostudies"
"Pieris oleracea",1993,6,"12:00:00","1993-06-20T12:00:00","occurrence",NA,1,45.894072,-74.157934,"gbif","GBIF","eButterfly Surveys","Vermont Center for Ecostudies","Vermont Center for Ecostudies","cc by nc 4.0","Vermont Center for Ecostudies"
"Satyrium acadica",1993,7,"12:00:00","1993-07-10T12:00:00","occurrence",NA,1,45.603731,-73.690514,"gbif","GBIF","eButterfly Surveys","Vermont Center for Ecostudies","Vermont Center for Ecostudies","cc by nc 4.0","Vermont Center for Ecostudies"
"Poanes hobomok",1993,6,"12:00:00","1993-06-08T12:00:00","occurrence",NA,1,45.60413,-73.658652,"gbif","GBIF","eButterfly Surveys","Vermont Center for Ecostudies","Vermont Center for Ecostudies","cc by nc 4.0","Vermont Center for Ecostudies"
"Aglais milberti",1993,9,"00:00:00","1993-09-21T00:00:00","occurrence",NA,1,45.993107,-73.29848,"gbif","GBIF","eButterfly Surveys","Vermont Center for Ecostudies","Vermont Center for Ecostudies","cc by nc 4.0","Vermont Center for Ecostudies"
"Aglais milberti",1993,8,"00:00:00","1993-08-04T00:00:00","abundance",NA,3,48.143963,-69.247501,"gbif","GBIF","eButterfly Surveys","Vermont Center for Ecostudies","Vermont Center for Ecostudies","cc by nc 4.0","Vermont Center for Ecostudies"
"Lycaena phlaeas",1993,6,"00:00:00","1993-06-25T00:00:00","occurrence",NA,1,46.937554,-71.470228,"gbif","GBIF","eButterfly Surveys","Vermont Center for Ecostudies","Vermont Center for Ecostudies","cc by nc 4.0","Vermont Center for Ecostudies"
"Limenitis arthemis",1993,6,"12:00:00","1993-06-22T12:00:00","occurrence",NA,1,45.603731,-73.690514,"gbif","GBIF","eButterfly Surveys","Vermont Center for Ecostudies","Vermont Center for Ecostudies","cc by nc 4.0","Vermont Center for Ecostudies"
"Polygonia interrogationis",1993,7,"12:00:00","1993-07-22T12:00:00","occurrence",NA,1,45.606649,-73.712409,"gbif","GBIF","eButterfly Surveys","Vermont Center for Ecostudies","Vermont Center for Ecostudies","cc by nc 4.0","Vermont Center for Ecostudies"
"Poanes hobomok",1993,6,"12:00:00","1993-06-20T12:00:00","occurrence",NA,1,45.603731,-73.690514,"gbif","GBIF","eButterfly Surveys","Vermont Center for Ecostudies","Vermont Center for Ecostudies","cc by nc 4.0","Vermont Center for Ecostudies"
"Danaus plexippus",1993,8,"00:00:00","1993-08-04T00:00:00","occurrence",NA,1,48.143963,-69.247501,"gbif","GBIF","eButterfly Surveys","Vermont Center for Ecostudies","Vermont Center for Ecostudies","cc by nc 4.0","Vermont Center for Ecostudies"
"Erynnis icelus",1993,5,"00:00:00","1993-05-22T00:00:00","occurrence",NA,1,46.9083,-71.375,"gbif","GBIF","eButterfly Surveys","Vermont Center for Ecostudies","Vermont Center for Ecostudies","cc by nc 4.0","Vermont Center for Ecostudies"
"Thymelicus lineola",1993,4,"00:00:00","1993-04-01T00:00:00","occurrence",NA,1,46.825264,-71.380331,"gbif","GBIF","eButterfly Surveys","Vermont Center for Ecostudies","Vermont Center for Ecostudies","cc by nc 4.0","Vermont Center for Ecostudies"
"Callophrys niphon",1993,3,"00:00:00","1993-03-15T00:00:00","occurrence",NA,1,45.986107,-73.726225,"gbif","GBIF","eButterfly Surveys","Vermont Center for Ecostudies","Vermont Center for Ecostudies","cc by nc 4.0","Vermont Center for Ecostudies"
"Coenonympha tullia",1993,8,"00:00:00","1993-08-04T00:00:00","abundance",NA,3,48.143963,-69.247501,"gbif","GBIF","eButterfly Surveys","Vermont Center for Ecostudies","Vermont Center for Ecostudies","cc by nc 4.0","Vermont Center for Ecostudies"
"Polites themistocles",1993,6,"00:00:00","1993-06-11T00:00:00","occurrence",NA,1,46.8666,-71.3666,"gbif","GBIF","eButterfly Surveys","Vermont Center for Ecostudies","Vermont Center for Ecostudies","cc by nc 4.0","Vermont Center for Ecostudies"
"Coleophora",1993,8,"00:00:00","1993-08-19T00:00:00","occurrence",NA,1,45.53,-75.99,"gbif","GBIF","International Barcode of Life project (iBOL)","The International Barcode of Life Consortium","The International Barcode of Life Consortium","cc by 4.0","The International Barcode of Life Consortium"
"Coleophora",1993,8,"00:00:00","1993-08-19T00:00:00","occurrence",NA,1,45.53,-75.99,"gbif","GBIF","International Barcode of Life project (iBOL)","The International Barcode of Life Consortium","The International Barcode of Life Consortium","cc by 4.0","The International Barcode of Life Consortium"
"Callophrys fotis",1993,5,"00:00:00","1993-05-09T00:00:00","occurrence",NA,1,46.48,-72.59,"gbif","GBIF","International Barcode of Life project (iBOL)","The International Barcode of Life Consortium","The International Barcode of Life Consortium","cc by 4.0","The International Barcode of Life Consortium"
"Coleophora",1993,8,"00:00:00","1993-08-19T00:00:00","occurrence",NA,1,45.53,-75.99,"gbif","GBIF","International Barcode of Life project (iBOL)","The International Barcode of Life Consortium","The International Barcode of Life Consortium","cc by 4.0","The International Barcode of Life Consortium"
"Coleophora",1993,8,"00:00:00","1993-08-15T00:00:00","occurrence",NA,1,45.5,-75.9,"gbif","GBIF","International Barcode of Life project (iBOL)","The International Barcode of Life Consortium","The International Barcode of Life Consortium","cc by 4.0","The International Barcode of Life Consortium"
"Coleophora",1993,8,"00:00:00","1993-08-12T00:00:00","occurrence",NA,1,46.089,-74.279,"gbif","GBIF","International Barcode of Life project (iBOL)","The International Barcode of Life Consortium","The International Barcode of Life Consortium","cc by 4.0","The International Barcode of Life Consortium"
"Coleophora",1993,8,"00:00:00","1993-08-19T00:00:00","occurrence",NA,1,45.53,-75.99,"gbif","GBIF","International Barcode of Life project (iBOL)","The International Barcode of Life Consortium","The International Barcode of Life Consortium","cc by 4.0","The International Barcode of Life Consortium"
"Coleophora",1993,8,"00:00:00","1993-08-19T00:00:00","occurrence",NA,1,45.53,-75.99,"gbif","GBIF","International Barcode of Life project (iBOL)","The International Barcode of Life Consortium","The International Barcode of Life Consortium","cc by 4.0","The International Barcode of Life Consortium"
"Coleophora persimplexella",1993,7,"00:00:00","1993-07-09T00:00:00","occurrence",NA,1,46.875,-77.25,"gbif","GBIF","International Barcode of Life project (iBOL)","The International Barcode of Life Consortium","The International Barcode of Life Consortium","cc by 4.0","The International Barcode of Life Consortium"
"Coleophora",1993,8,"00:00:00","1993-08-15T00:00:00","occurrence",NA,1,45.5,-75.9,"gbif","GBIF","International Barcode of Life project (iBOL)","The International Barcode of Life Consortium","The International Barcode of Life Consortium","cc by 4.0","The International Barcode of Life Consortium"
"Phyllonorycter",1993,5,"00:00:00","1993-05-23T00:00:00","occurrence",NA,1,45.502,-75.894,"gbif","GBIF","International Barcode of Life project (iBOL)","The International Barcode of Life Consortium","The International Barcode of Life Consortium","cc by 4.0","The International Barcode of Life Consortium"
"Coleophora",1993,8,"00:00:00","1993-08-19T00:00:00","occurrence",NA,1,45.53,-75.99,"gbif","GBIF","International Barcode of Life project (iBOL)","The International Barcode of Life Consortium","The International Barcode of Life Consortium","cc by 4.0","The International Barcode of Life Consortium"
"Coleophora",1993,8,"00:00:00","1993-08-03T00:00:00","occurrence",NA,1,46.567,-72.917,"gbif","GBIF","International Barcode of Life project (iBOL)","The International Barcode of Life Consortium","The International Barcode of Life Consortium","cc by 4.0","The International Barcode of Life Consortium"
"Coleotechnites atrupictella",1993,8,"00:00:00","1993-08-18T00:00:00","occurrence",NA,1,48.805,-79.203,"gbif","GBIF","International Barcode of Life project (iBOL)","The International Barcode of Life Consortium","The International Barcode of Life Consortium","cc by 4.0","The International Barcode of Life Consortium"
"Coleophora",1993,8,"00:00:00","1993-08-19T00:00:00","occurrence",NA,1,45.53,-75.99,"gbif","GBIF","International Barcode of Life project (iBOL)","The International Barcode of Life Consortium","The International Barcode of Life Consortium","cc by 4.0","The International Barcode of Life Consortium"
"Incisalia eryphon",1993,5,"00:00:00","1993-05-06T00:00:00","occurrence",NA,1,46.48,-72.59,"gbif","GBIF","International Barcode of Life project (iBOL)","The International Barcode of Life Consortium","The International Barcode of Life Consortium","cc by 4.0","The International Barcode of Life Consortium"
"Syngrapha montana",1993,5,"00:00:00","1993-05-20T00:00:00","occurrence",NA,1,47.52,-68.546,"gbif","GBIF","University of Alberta E. H. Strickland Entomological Museum (UASM)","University of Alberta Museums","University of Alberta Museums","cc0 1.0","University of Alberta Museums"
"Hypena palparia",1993,6,"00:00:00","1993-06-13T00:00:00","occurrence",NA,1,47.55,-68.65,"gbif","GBIF","University of Alberta E. H. Strickland Entomological Museum (UASM)","University of Alberta Museums","University of Alberta Museums","cc0 1.0","University of Alberta Museums"
"Syngrapha montana",1993,5,"00:00:00","1993-05-20T00:00:00","occurrence",NA,1,47.52,-68.546,"gbif","GBIF","University of Alberta E. H. Strickland Entomological Museum (UASM)","University of Alberta Museums","University of Alberta Museums","cc0 1.0","University of Alberta Museums"
"Aplectoides condita",1993,6,"00:00:00","1993-06-16T00:00:00","occurrence",NA,1,47.55,-68.65,"gbif","GBIF","University of Alberta E. H. Strickland Entomological Museum (UASM)","University of Alberta Museums","University of Alberta Museums","cc0 1.0","University of Alberta Museums"
"Feralia jocosa",1993,5,"00:00:00","1993-05-05T00:00:00","occurrence",NA,1,47.55,-68.65,"gbif","GBIF","University of Alberta E. H. Strickland Entomological Museum (UASM)","University of Alberta Museums","University of Alberta Museums","cc0 1.0","University of Alberta Museums"
"Feralia jocosa",1993,5,"00:00:00","1993-05-05T00:00:00","occurrence",NA,1,47.55,-68.65,"gbif","GBIF","University of Alberta E. H. Strickland Entomological Museum (UASM)","University of Alberta Museums","University of Alberta Museums","cc0 1.0","University of Alberta Museums"
"Syngrapha montana",1993,5,"00:00:00","1993-05-20T00:00:00","occurrence",NA,1,47.52,-68.546,"gbif","GBIF","University of Alberta E. H. Strickland Entomological Museum (UASM)","University of Alberta Museums","University of Alberta Museums","cc0 1.0","University of Alberta Museums"
"Morrisonia latex",1993,6,"00:00:00","1993-06-16T00:00:00","occurrence",NA,1,47.55,-68.65,"gbif","GBIF","University of Alberta E. H. Strickland Entomological Museum (UASM)","University of Alberta Museums","University of Alberta Museums","cc0 1.0","University of Alberta Museums"
"Syngrapha montana",1993,5,"00:00:00","1993-05-20T00:00:00","occurrence",NA,1,47.52,-68.546,"gbif","GBIF","University of Alberta E. H. Strickland Entomological Museum (UASM)","University of Alberta Museums","University of Alberta Museums","cc0 1.0","University of Alberta Museums"
"Syngrapha montana",1993,5,"00:00:00","1993-05-20T00:00:00","occurrence",NA,1,47.52,-68.546,"gbif","GBIF","University of Alberta E. H. Strickland Entomological Museum (UASM)","University of Alberta Museums","University of Alberta Museums","cc0 1.0","University of Alberta Museums"
"Feralia jocosa",1993,5,"00:00:00","1993-05-05T00:00:00","occurrence",NA,1,47.55,-68.65,"gbif","GBIF","University of Alberta E. H. Strickland Entomological Museum (UASM)","University of Alberta Museums","University of Alberta Museums","cc0 1.0","University of Alberta Museums"
"Syngrapha montana",1993,5,"00:00:00","1993-05-20T00:00:00","occurrence",NA,1,47.52,-68.546,"gbif","GBIF","University of Alberta E. H. Strickland Entomological Museum (UASM)","University of Alberta Museums","University of Alberta Museums","cc0 1.0","University of Alberta Museums"
"Aplectoides condita",1993,6,"00:00:00","1993-06-12T00:00:00","occurrence",NA,1,47.55,-68.65,"gbif","GBIF","University of Alberta E. H. Strickland Entomological Museum (UASM)","University of Alberta Museums","University of Alberta Museums","cc0 1.0","University of Alberta Museums"
"Chlosyne harrisii",1993,6,"00:00:00","1993-06-13T00:00:00","occurrence",NA,1,45.5,-73.5833,"gbif","GBIF","Lyman Entomological Museum","Canadian Biodiversity Information Facility","Canadian Biodiversity Information Facility","cc0 1.0","Canadian Biodiversity Information Facility"
"Sinoe chambersi",1993,5,"00:00:00","1993-05-10T00:00:00","occurrence",NA,1,45.439,-75.853,"gbif","GBIF","International Barcode of Life project (iBOL)","The International Barcode of Life Consortium","The International Barcode of Life Consortium","cc by 4.0","The International Barcode of Life Consortium"
"Sinoe chambersi",1993,5,"00:00:00","1993-05-10T00:00:00","occurrence",NA,1,45.439,-75.853,"gbif","GBIF","International Barcode of Life project (iBOL)","The International Barcode of Life Consortium","The International Barcode of Life Consortium","cc by 4.0","The International Barcode of Life Consortium"
"Coleophora",1993,8,"00:00:00","1993-08-19T00:00:00","occurrence",NA,1,45.53,-75.99,"gbif","GBIF","International Barcode of Life project (iBOL)","The International Barcode of Life Consortium","The International Barcode of Life Consortium","cc by 4.0","The International Barcode of Life Consortium"
"Pyrausta borealis",1993,6,"00:00:00","1993-06-14T00:00:00","occurrence",NA,1,47.64,-68.94,"gbif","GBIF","INSDC Sequences","European Nucleotide Archive (EMBL-EBI)","European Nucleotide Archive (EMBL-EBI)","cc by 4.0","European Nucleotide Archive (EMBL-EBI)"
"Coleophora",1993,8,"00:00:00","1993-08-15T00:00:00","occurrence",NA,1,45.5,-75.9,"gbif","GBIF","International Barcode of Life project (iBOL)","The International Barcode of Life Consortium","The International Barcode of Life Consortium","cc by 4.0","The International Barcode of Life Consortium"
"Coleophora",1993,8,"00:00:00","1993-08-19T00:00:00","occurrence",NA,1,45.562,-76.061,"gbif","GBIF","International Barcode of Life project (iBOL)","The International Barcode of Life Consortium","The International Barcode of Life Consortium","cc by 4.0","The International Barcode of Life Consortium"
"Hesperia assiniboia",1993,8,"00:00:00","1993-08-22T00:00:00","occurrence",NA,1,46.751,-71.695,"gbif","GBIF","International Barcode of Life project (iBOL)","The International Barcode of Life Consortium","The International Barcode of Life Consortium","cc by 4.0","The International Barcode of Life Consortium"
"Coleophora",1993,8,"00:00:00","1993-08-19T00:00:00","occurrence",NA,1,45.562,-76.061,"gbif","GBIF","International Barcode of Life project (iBOL)","The International Barcode of Life Consortium","The International Barcode of Life Consortium","cc by 4.0","The International Barcode of Life Consortium"
"Coleophora",1993,8,"00:00:00","1993-08-15T00:00:00","occurrence",NA,1,45.5,-75.9,"gbif","GBIF","International Barcode of Life project (iBOL)","The International Barcode of Life Consortium","The International Barcode of Life Consortium","cc by 4.0","The International Barcode of Life Consortium"
"Mompha terminella",1993,7,"00:00:00","1993-07-07T00:00:00","occurrence",NA,1,46.089,-74.279,"gbif","GBIF","International Barcode of Life project (iBOL)","The International Barcode of Life Consortium","The International Barcode of Life Consortium","cc by 4.0","The International Barcode of Life Consortium"
"Coleophora",1993,8,"00:00:00","1993-08-19T00:00:00","occurrence",NA,1,45.53,-75.99,"gbif","GBIF","International Barcode of Life project (iBOL)","The International Barcode of Life Consortium","The International Barcode of Life Consortium","cc by 4.0","The International Barcode of Life Consortium"
"Coleophora tiliaefoliella",1993,7,"00:00:00","1993-07-08T00:00:00","occurrence",NA,1,46.088,-74.279,"gbif","GBIF","International Barcode of Life project (iBOL)","The International Barcode of Life Consortium","The International Barcode of Life Consortium","cc by 4.0","The International Barcode of Life Consortium"
"Coleophora",1993,8,"00:00:00","1993-08-19T00:00:00","occurrence",NA,1,45.53,-75.99,"gbif","GBIF","International Barcode of Life project (iBOL)","The International Barcode of Life Consortium","The International Barcode of Life Consortium","cc by 4.0","The International Barcode of Life Consortium"
"Callophrys fotis",1993,5,"00:00:00","1993-05-09T00:00:00","occurrence",NA,1,46.48,-72.59,"gbif","GBIF","International Barcode of Life project (iBOL)","The International Barcode of Life Consortium","The International Barcode of Life Consortium","cc by 4.0","The International Barcode of Life Consortium"
"Hesperia assiniboia",1993,8,"00:00:00","1993-08-22T00:00:00","occurrence",NA,1,46.751,-71.695,"gbif","GBIF","International Barcode of Life project (iBOL)","The International Barcode of Life Consortium","The International Barcode of Life Consortium","cc by 4.0","The International Barcode of Life Consortium"
"Coleophora",1993,8,"00:00:00","1993-08-19T00:00:00","occurrence",NA,1,45.53,-75.99,"gbif","GBIF","International Barcode of Life project (iBOL)","The International Barcode of Life Consortium","The International Barcode of Life Consortium","cc by 4.0","The International Barcode of Life Consortium"
"Coleophora affiliatella",1993,6,"00:00:00","1993-06-08T00:00:00","occurrence",NA,1,45.6025,-76.1089,"gbif","GBIF","International Barcode of Life project (iBOL)","The International Barcode of Life Consortium","The International Barcode of Life Consortium","cc by 4.0","The International Barcode of Life Consortium"
"Callophrys fotis",1993,5,"00:00:00","1993-05-09T00:00:00","occurrence",NA,1,46.48,-72.59,"gbif","GBIF","International Barcode of Life project (iBOL)","The International Barcode of Life Consortium","The International Barcode of Life Consortium","cc by 4.0","The International Barcode of Life Consortium"
"Coleophora",1993,8,"00:00:00","1993-08-19T00:00:00","occurrence",NA,1,45.53,-75.99,"gbif","GBIF","International Barcode of Life project (iBOL)","The International Barcode of Life Consortium","The International Barcode of Life Consortium","cc by 4.0","The International Barcode of Life Consortium"
"Coleophora",1993,8,"00:00:00","1993-08-15T00:00:00","occurrence",NA,1,45.49,-75.87,"gbif","GBIF","International Barcode of Life project (iBOL)","The International Barcode of Life Consortium","The International Barcode of Life Consortium","cc by 4.0","The International Barcode of Life Consortium"
"Desmia funeralis",1993,6,"00:00:00","1993-06-14T00:00:00","occurrence",NA,1,47.6445,-68.9358,"gbif","GBIF","International Barcode of Life project (iBOL)","The International Barcode of Life Consortium","The International Barcode of Life Consortium","cc by 4.0","The International Barcode of Life Consortium"
"Hesperia assiniboia",1993,8,"00:00:00","1993-08-22T00:00:00","occurrence",NA,1,46.751,-71.695,"gbif","GBIF","International Barcode of Life project (iBOL)","The International Barcode of Life Consortium","The International Barcode of Life Consortium","cc by 4.0","The International Barcode of Life Consortium"
"Coleophora tiliaefoliella",1993,7,"00:00:00","1993-07-07T00:00:00","occurrence",NA,1,46.088,-74.279,"gbif","GBIF","International Barcode of Life project (iBOL)","The International Barcode of Life Consortium","The International Barcode of Life Consortium","cc by 4.0","The International Barcode of Life Consortium"
"Coleophora cratipennella",1993,7,"00:00:00","1993-07-22T00:00:00","occurrence",NA,1,46.088,-74.279,"gbif","GBIF","International Barcode of Life project (iBOL)","The International Barcode of Life Consortium","The International Barcode of Life Consortium","cc by 4.0","The International Barcode of Life Consortium"
"Coleophora maritella",1993,6,"00:00:00","1993-06-15T00:00:00","occurrence",NA,1,47.159,-70.435,"gbif","GBIF","International Barcode of Life project (iBOL)","The International Barcode of Life Consortium","The International Barcode of Life Consortium","cc by 4.0","The International Barcode of Life Consortium"
"Carpatolechia belangerella",1993,7,"00:00:00","1993-07-20T00:00:00","occurrence",NA,1,48.5,-79.233,"gbif","GBIF","International Barcode of Life project (iBOL)","The International Barcode of Life Consortium","The International Barcode of Life Consortium","cc by 4.0","The International Barcode of Life Consortium"
"Coleophora",1993,8,"00:00:00","1993-08-15T00:00:00","occurrence",NA,1,45.5,-75.9,"gbif","GBIF","International Barcode of Life project (iBOL)","The International Barcode of Life Consortium","The International Barcode of Life Consortium","cc by 4.0","The International Barcode of Life Consortium"
"Callophrys fotis",1993,5,"00:00:00","1993-05-09T00:00:00","occurrence",NA,1,46.48,-72.59,"gbif","GBIF","International Barcode of Life project (iBOL)","The International Barcode of Life Consortium","The International Barcode of Life Consortium","cc by 4.0","The International Barcode of Life Consortium"
"Coleophora",1993,8,"00:00:00","1993-08-15T00:00:00","occurrence",NA,1,45.5,-75.9,"gbif","GBIF","International Barcode of Life project (iBOL)","The International Barcode of Life Consortium","The International Barcode of Life Consortium","cc by 4.0","The International Barcode of Life Consortium"
"Coleophora",1993,8,"00:00:00","1993-08-15T00:00:00","occurrence",NA,1,45.5,-75.9,"gbif","GBIF","International Barcode of Life project (iBOL)","The International Barcode of Life Consortium","The International Barcode of Life Consortium","cc by 4.0","The International Barcode of Life Consortium"
"Dichomeris juncidella",1993,7,"00:00:00","1993-07-09T00:00:00","occurrence",NA,1,46.088,-74.279,"gbif","GBIF","International Barcode of Life project (iBOL)","The International Barcode of Life Consortium","The International Barcode of Life Consortium","cc by 4.0","The International Barcode of Life Consortium"
"Sinoe chambersi",1993,5,"00:00:00","1993-05-06T00:00:00","occurrence",NA,1,45.397,-75.844,"gbif","GBIF","International Barcode of Life project (iBOL)","The International Barcode of Life Consortium","The International Barcode of Life Consortium","cc by 4.0","The International Barcode of Life Consortium"
"Coleophora",1993,6,"00:00:00","1993-06-16T00:00:00","occurrence",NA,1,45.441,-75.856,"gbif","GBIF","International Barcode of Life project (iBOL)","The International Barcode of Life Consortium","The International Barcode of Life Consortium","cc by 4.0","The International Barcode of Life Consortium"
"Coleophora",1993,8,"00:00:00","1993-08-15T00:00:00","occurrence",NA,1,45.49,-75.87,"gbif","GBIF","International Barcode of Life project (iBOL)","The International Barcode of Life Consortium","The International Barcode of Life Consortium","cc by 4.0","The International Barcode of Life Consortium"
"Coleophora",1993,8,"00:00:00","1993-08-19T00:00:00","occurrence",NA,1,45.53,-75.99,"gbif","GBIF","International Barcode of Life project (iBOL)","The International Barcode of Life Consortium","The International Barcode of Life Consortium","cc by 4.0","The International Barcode of Life Consortium"
"Phyciodes cocyta",1993,7,"00:00:00","1993-07-01T00:00:00","occurrence",NA,1,45.53,-75.98,"gbif","GBIF","Peter Hall Observations","Canadian Biodiversity Information Facility","Canadian Biodiversity Information Facility","cc by 4.0","Canadian Biodiversity Information Facility"
"Phyciodes cocyta",1993,7,"00:00:00","1993-07-23T00:00:00","occurrence",NA,1,45.57,-76.1,"gbif","GBIF","Peter Hall Observations","Canadian Biodiversity Information Facility","Canadian Biodiversity Information Facility","cc by 4.0","Canadian Biodiversity Information Facility"
"Pieris oleracea",1993,7,"00:00:00","1993-07-22T00:00:00","occurrence",NA,1,45.58,-76.02,"gbif","GBIF","Peter Hall Observations","Canadian Biodiversity Information Facility","Canadian Biodiversity Information Facility","cc by 4.0","Canadian Biodiversity Information Facility"
"Speyeria atlantis",1993,7,"00:00:00","1993-07-01T00:00:00","occurrence",NA,1,45.53,-75.98,"gbif","GBIF","Peter Hall Observations","Canadian Biodiversity Information Facility","Canadian Biodiversity Information Facility","cc by 4.0","Canadian Biodiversity Information Facility"
"Polites mystic",1993,7,"00:00:00","1993-07-01T00:00:00","occurrence",NA,1,45.53,-75.98,"gbif","GBIF","Peter Hall Observations","Canadian Biodiversity Information Facility","Canadian Biodiversity Information Facility","cc by 4.0","Canadian Biodiversity Information Facility"
"Pieris rapae",1993,7,"00:00:00","1993-07-01T00:00:00","occurrence",NA,1,45.53,-75.98,"gbif","GBIF","Peter Hall Observations","Canadian Biodiversity Information Facility","Canadian Biodiversity Information Facility","cc by 4.0","Canadian Biodiversity Information Facility"
"Hesperia sassacus",1993,7,"00:00:00","1993-07-01T00:00:00","occurrence",NA,1,45.53,-75.98,"gbif","GBIF","Peter Hall Observations","Canadian Biodiversity Information Facility","Canadian Biodiversity Information Facility","cc by 4.0","Canadian Biodiversity Information Facility"
"Danaus plexippus",1993,7,"00:00:00","1993-07-01T00:00:00","occurrence",NA,1,45.53,-75.98,"gbif","GBIF","Peter Hall Observations","Canadian Biodiversity Information Facility","Canadian Biodiversity Information Facility","cc by 4.0","Canadian Biodiversity Information Facility"
"Epargyreus clarus",1993,7,"00:00:00","1993-07-01T00:00:00","occurrence",NA,1,45.53,-75.98,"gbif","GBIF","Peter Hall Observations","Canadian Biodiversity Information Facility","Canadian Biodiversity Information Facility","cc by 4.0","Canadian Biodiversity Information Facility"
"Erynnis lucilius",1993,7,"00:00:00","1993-07-23T00:00:00","occurrence",NA,1,45.57,-76.1,"gbif","GBIF","Peter Hall Observations","Canadian Biodiversity Information Facility","Canadian Biodiversity Information Facility","cc by 4.0","Canadian Biodiversity Information Facility"
"Enodia anthedon",1993,7,"00:00:00","1993-07-23T00:00:00","occurrence",NA,1,45.57,-76.1,"gbif","GBIF","Peter Hall Observations","Canadian Biodiversity Information Facility","Canadian Biodiversity Information Facility","cc by 4.0","Canadian Biodiversity Information Facility"
"Euphyes vestris",1993,7,"00:00:00","1993-07-22T00:00:00","occurrence",NA,1,45.58,-76.02,"gbif","GBIF","Peter Hall Observations","Canadian Biodiversity Information Facility","Canadian Biodiversity Information Facility","cc by 4.0","Canadian Biodiversity Information Facility"
"Colias eurytheme",1993,7,"00:00:00","1993-07-23T00:00:00","occurrence",NA,1,45.57,-76.1,"gbif","GBIF","Peter Hall Observations","Canadian Biodiversity Information Facility","Canadian Biodiversity Information Facility","cc by 4.0","Canadian Biodiversity Information Facility"
"Colias philodice",1993,7,"00:00:00","1993-07-23T00:00:00","occurrence",NA,1,45.57,-76.1,"gbif","GBIF","Peter Hall Observations","Canadian Biodiversity Information Facility","Canadian Biodiversity Information Facility","cc by 4.0","Canadian Biodiversity Information Facility"
"Pieris rapae",1993,7,"00:00:00","1993-07-22T00:00:00","occurrence",NA,1,45.58,-76.02,"gbif","GBIF","Peter Hall Observations","Canadian Biodiversity Information Facility","Canadian Biodiversity Information Facility","cc by 4.0","Canadian Biodiversity Information Facility"
"Speyeria cybele",1993,7,"00:00:00","1993-07-22T00:00:00","occurrence",NA,1,45.58,-76.02,"gbif","GBIF","Peter Hall Observations","Canadian Biodiversity Information Facility","Canadian Biodiversity Information Facility","cc by 4.0","Canadian Biodiversity Information Facility"
"Polites peckius",1993,7,"00:00:00","1993-07-22T00:00:00","occurrence",NA,1,45.58,-76.02,"gbif","GBIF","Peter Hall Observations","Canadian Biodiversity Information Facility","Canadian Biodiversity Information Facility","cc by 4.0","Canadian Biodiversity Information Facility"
"Satyrodes eurydice",1993,7,"00:00:00","1993-07-22T00:00:00","occurrence",NA,1,45.58,-76.02,"gbif","GBIF","Peter Hall Observations","Canadian Biodiversity Information Facility","Canadian Biodiversity Information Facility","cc by 4.0","Canadian Biodiversity Information Facility"
"Polygonia comma",1993,7,"00:00:00","1993-07-22T00:00:00","occurrence",NA,1,45.58,-76.02,"gbif","GBIF","Peter Hall Observations","Canadian Biodiversity Information Facility","Canadian Biodiversity Information Facility","cc by 4.0","Canadian Biodiversity Information Facility"
"Polygonia faunus",1993,7,"00:00:00","1993-07-22T00:00:00","occurrence",NA,1,45.58,-76.02,"gbif","GBIF","Peter Hall Observations","Canadian Biodiversity Information Facility","Canadian Biodiversity Information Facility","cc by 4.0","Canadian Biodiversity Information Facility"
"Wallengrenia egeremet",1993,7,"00:00:00","1993-07-22T00:00:00","occurrence",NA,1,45.58,-76.02,"gbif","GBIF","Peter Hall Observations","Canadian Biodiversity Information Facility","Canadian Biodiversity Information Facility","cc by 4.0","Canadian Biodiversity Information Facility"
"Thymelicus lineola",1993,7,"00:00:00","1993-07-01T00:00:00","occurrence",NA,1,45.53,-75.98,"gbif","GBIF","Peter Hall Observations","Canadian Biodiversity Information Facility","Canadian Biodiversity Information Facility","cc by 4.0","Canadian Biodiversity Information Facility"
"Coenonympha tullia",1993,7,"00:00:00","1993-07-01T00:00:00","occurrence",NA,1,45.53,-75.98,"gbif","GBIF","Peter Hall Observations","Canadian Biodiversity Information Facility","Canadian Biodiversity Information Facility","cc by 4.0","Canadian Biodiversity Information Facility"
"Colias philodice",1993,7,"00:00:00","1993-07-01T00:00:00","occurrence",NA,1,45.53,-75.98,"gbif","GBIF","Peter Hall Observations","Canadian Biodiversity Information Facility","Canadian Biodiversity Information Facility","cc by 4.0","Canadian Biodiversity Information Facility"
"Coleophora",1993,8,"00:00:00","1993-08-19T00:00:00","occurrence",NA,1,45.562,-76.061,"gbif","GBIF","International Barcode of Life project (iBOL)","The International Barcode of Life Consortium","The International Barcode of Life Consortium","cc by 4.0","The International Barcode of Life Consortium"
"Coleophora",1993,8,"00:00:00","1993-08-19T00:00:00","occurrence",NA,1,45.53,-75.99,"gbif","GBIF","International Barcode of Life project (iBOL)","The International Barcode of Life Consortium","The International Barcode of Life Consortium","cc by 4.0","The International Barcode of Life Consortium"
"Coleophora",1993,8,"00:00:00","1993-08-15T00:00:00","occurrence",NA,1,45.5,-75.9,"gbif","GBIF","International Barcode of Life project (iBOL)","The International Barcode of Life Consortium","The International Barcode of Life Consortium","cc by 4.0","The International Barcode of Life Consortium"
"Coleophora",1993,8,"00:00:00","1993-08-19T00:00:00","occurrence",NA,1,45.53,-75.99,"gbif","GBIF","International Barcode of Life project (iBOL)","The International Barcode of Life Consortium","The International Barcode of Life Consortium","cc by 4.0","The International Barcode of Life Consortium"
"Coleophora",1993,8,"00:00:00","1993-08-15T00:00:00","occurrence",NA,1,45.49,-75.87,"gbif","GBIF","International Barcode of Life project (iBOL)","The International Barcode of Life Consortium","The International Barcode of Life Consortium","cc by 4.0","The International Barcode of Life Consortium"
"Coleophora",1993,8,"00:00:00","1993-08-19T00:00:00","occurrence",NA,1,45.53,-75.99,"gbif","GBIF","International Barcode of Life project (iBOL)","The International Barcode of Life Consortium","The International Barcode of Life Consortium","cc by 4.0","The International Barcode of Life Consortium"
"Coleophora",1993,8,"00:00:00","1993-08-19T00:00:00","occurrence",NA,1,45.53,-75.99,"gbif","GBIF","International Barcode of Life project (iBOL)","The International Barcode of Life Consortium","The International Barcode of Life Consortium","cc by 4.0","The International Barcode of Life Consortium"
"Catocala neogama",1993,8,"00:00:00","1993-08-12T00:00:00","occurrence",NA,1,45.25,-73.56,"gbif","GBIF","International Barcode of Life project (iBOL)","The International Barcode of Life Consortium","The International Barcode of Life Consortium","cc by 4.0","The International Barcode of Life Consortium"
"Coleophora",1993,8,"00:00:00","1993-08-15T00:00:00","occurrence",NA,1,45.5,-75.9,"gbif","GBIF","International Barcode of Life project (iBOL)","The International Barcode of Life Consortium","The International Barcode of Life Consortium","cc by 4.0","The International Barcode of Life Consortium"
"Coleophora",1993,8,"00:00:00","1993-08-19T00:00:00","occurrence",NA,1,45.53,-75.99,"gbif","GBIF","International Barcode of Life project (iBOL)","The International Barcode of Life Consortium","The International Barcode of Life Consortium","cc by 4.0","The International Barcode of Life Consortium"
"Coleophora",1993,8,"00:00:00","1993-08-19T00:00:00","occurrence",NA,1,45.53,-75.99,"gbif","GBIF","International Barcode of Life project (iBOL)","The International Barcode of Life Consortium","The International Barcode of Life Consortium","cc by 4.0","The International Barcode of Life Consortium"
"Callophrys fotis",1993,5,"00:00:00","1993-05-09T00:00:00","occurrence",NA,1,46.48,-72.59,"gbif","GBIF","International Barcode of Life project (iBOL)","The International Barcode of Life Consortium","The International Barcode of Life Consortium","cc by 4.0","The International Barcode of Life Consortium"
"Coleophora",1993,8,"00:00:00","1993-08-19T00:00:00","occurrence",NA,1,45.53,-75.99,"gbif","GBIF","International Barcode of Life project (iBOL)","The International Barcode of Life Consortium","The International Barcode of Life Consortium","cc by 4.0","The International Barcode of Life Consortium"
"Hypatopa binotella",1993,7,"00:00:00","1993-07-10T00:00:00","occurrence",NA,1,46.089,-74.279,"gbif","GBIF","International Barcode of Life project (iBOL)","The International Barcode of Life Consortium","The International Barcode of Life Consortium","cc by 4.0","The International Barcode of Life Consortium"
"Coleophora",1993,8,"00:00:00","1993-08-15T00:00:00","occurrence",NA,1,45.5,-75.9,"gbif","GBIF","International Barcode of Life project (iBOL)","The International Barcode of Life Consortium","The International Barcode of Life Consortium","cc by 4.0","The International Barcode of Life Consortium"
"Hesperia assiniboia",1993,8,"00:00:00","1993-08-22T00:00:00","occurrence",NA,1,46.751,-71.695,"gbif","GBIF","International Barcode of Life project (iBOL)","The International Barcode of Life Consortium","The International Barcode of Life Consortium","cc by 4.0","The International Barcode of Life Consortium"
"Coleophora salicivorella",1993,7,"00:00:00","1993-07-06T00:00:00","occurrence",NA,1,46.875,-77.25,"gbif","GBIF","International Barcode of Life project (iBOL)","The International Barcode of Life Consortium","The International Barcode of Life Consortium","cc by 4.0","The International Barcode of Life Consortium"
"Amblyscirtes vialis",1993,6,"00:00:00","1993-06-26T00:00:00","occurrence",NA,1,48.1386,-71.5819,"gbif","GBIF","iNaturalist Research-grade Observations","iNaturalist.org","iNaturalist.org","cc by nc 4.0","iNaturalist.org"
"Coleophora",1993,7,"00:00:00","1993-07-09T00:00:00","occurrence",NA,1,46.088,-74.279,"gbif","GBIF","International Barcode of Life project (iBOL)","The International Barcode of Life Consortium","The International Barcode of Life Consortium","cc by 4.0","The International Barcode of Life Consortium"
"Coleophora",1993,8,"00:00:00","1993-08-19T00:00:00","occurrence",NA,1,45.53,-75.99,"gbif","GBIF","International Barcode of Life project (iBOL)","The International Barcode of Life Consortium","The International Barcode of Life Consortium","cc by 4.0","The International Barcode of Life Consortium"
"Coleophora",1993,8,"00:00:00","1993-08-19T00:00:00","occurrence",NA,1,45.53,-75.99,"gbif","GBIF","International Barcode of Life project (iBOL)","The International Barcode of Life Consortium","The International Barcode of Life Consortium","cc by 4.0","The International Barcode of Life Consortium"
"Sinoe chambersi",1993,5,"00:00:00","1993-05-23T00:00:00","occurrence",NA,1,45.491,-75.867,"gbif","GBIF","International Barcode of Life project (iBOL)","The International Barcode of Life Consortium","The International Barcode of Life Consortium","cc by 4.0","The International Barcode of Life Consortium"
"Coleophora",1993,8,"00:00:00","1993-08-19T00:00:00","occurrence",NA,1,45.562,-76.061,"gbif","GBIF","International Barcode of Life project (iBOL)","The International Barcode of Life Consortium","The International Barcode of Life Consortium","cc by 4.0","The International Barcode of Life Consortium"
"Pyrausta",1993,6,"00:00:00","1993-06-14T00:00:00","occurrence",NA,1,47.6445,-68.9358,"gbif","GBIF","International Barcode of Life project (iBOL)","The International Barcode of Life Consortium","The International Barcode of Life Consortium","cc by 4.0","The International Barcode of Life Consortium"
"Coleophora",1993,8,"00:00:00","1993-08-15T00:00:00","occurrence",NA,1,45.5,-75.9,"gbif","GBIF","International Barcode of Life project (iBOL)","The International Barcode of Life Consortium","The International Barcode of Life Consortium","cc by 4.0","The International Barcode of Life Consortium"
"Coleophora maritella",1993,6,"00:00:00","1993-06-15T00:00:00","occurrence",NA,1,47.159,-70.435,"gbif","GBIF","International Barcode of Life project (iBOL)","The International Barcode of Life Consortium","The International Barcode of Life Consortium","cc by 4.0","The International Barcode of Life Consortium"
"Colias eurytheme",1993,9,"12:00:00","1993-09-10T12:00:00","occurrence",NA,1,45.606649,-73.712409,"gbif","GBIF","eButterfly Surveys","Vermont Center for Ecostudies","Vermont Center for Ecostudies","cc by nc 4.0","Vermont Center for Ecostudies"
"Erynnis icelus",1993,5,"00:00:00","1993-05-22T00:00:00","abundance",NA,2,46.9083,-71.375,"gbif","GBIF","eButterfly Surveys","Vermont Center for Ecostudies","Vermont Center for Ecostudies","cc by nc 4.0","Vermont Center for Ecostudies"
"Erynnis icelus",1993,5,"00:00:00","1993-05-22T00:00:00","occurrence",NA,1,46.9083,-71.375,"gbif","GBIF","eButterfly Surveys","Vermont Center for Ecostudies","Vermont Center for Ecostudies","cc by nc 4.0","Vermont Center for Ecostudies"
"Colias philodice",1993,8,"12:00:00","1993-08-22T12:00:00","occurrence",NA,1,45.603731,-73.690514,"gbif","GBIF","eButterfly Surveys","Vermont Center for Ecostudies","Vermont Center for Ecostudies","cc by nc 4.0","Vermont Center for Ecostudies"
"Epargyreus clarus",1993,7,"12:00:00","1993-07-15T12:00:00","occurrence",NA,1,45.603731,-73.690514,"gbif","GBIF","eButterfly Surveys","Vermont Center for Ecostudies","Vermont Center for Ecostudies","cc by nc 4.0","Vermont Center for Ecostudies"
"Limenitis arthemis arthemis",1993,8,"00:00:00","1993-08-22T00:00:00","occurrence",NA,1,45.95,-75.1,"gbif","GBIF","Ross A. Layberry Observations","Canadian Biodiversity Information Facility","Canadian Biodiversity Information Facility","cc0 1.0","Canadian Biodiversity Information Facility"
"Thymelicus lineola",1993,6,"00:00:00","1993-06-27T00:00:00","occurrence",NA,1,46.0167,-76.45,"gbif","GBIF","Ross A. Layberry Observations","Canadian Biodiversity Information Facility","Canadian Biodiversity Information Facility","cc0 1.0","Canadian Biodiversity Information Facility"
"Erynnis icelus",1993,5,"00:00:00","1993-05-22T00:00:00","occurrence",NA,1,46.9083,-71.375,"gbif","GBIF","eButterfly Surveys","Vermont Center for Ecostudies","Vermont Center for Ecostudies","cc by nc 4.0","Vermont Center for Ecostudies"
"Thymelicus lineola",1993,7,"00:00:00","1993-07-27T00:00:00","occurrence",NA,1,47.9667,-79.25,"gbif","GBIF","Ross A. Layberry Observations","Canadian Biodiversity Information Facility","Canadian Biodiversity Information Facility","cc0 1.0","Canadian Biodiversity Information Facility"
"Danaus plexippus",1993,6,"00:00:00","1993-06-27T00:00:00","occurrence",NA,1,46.0167,-76.45,"gbif","GBIF","Ross A. Layberry Observations","Canadian Biodiversity Information Facility","Canadian Biodiversity Information Facility","cc0 1.0","Canadian Biodiversity Information Facility"
"Speyeria atlantis",1993,8,"00:00:00","1993-08-04T00:00:00","abundance",NA,2,48.143963,-69.247501,"gbif","GBIF","eButterfly Surveys","Vermont Center for Ecostudies","Vermont Center for Ecostudies","cc by nc 4.0","Vermont Center for Ecostudies"
"Plebejus saepiolus",1993,6,"00:00:00","1993-06-27T00:00:00","occurrence",NA,1,48.5167,-79.4333,"gbif","GBIF","Ross A. Layberry Observations","Canadian Biodiversity Information Facility","Canadian Biodiversity Information Facility","cc0 1.0","Canadian Biodiversity Information Facility"
"Plebejus saepiolus",1993,7,"00:00:00","1993-07-27T00:00:00","occurrence",NA,1,47.9667,-79.25,"gbif","GBIF","Ross A. Layberry Observations","Canadian Biodiversity Information Facility","Canadian Biodiversity Information Facility","cc0 1.0","Canadian Biodiversity Information Facility"
"Callophrys fotis",1993,5,"00:00:00","1993-05-09T00:00:00","occurrence",NA,1,46.48,-72.59,"gbif","GBIF","International Barcode of Life project (iBOL)","The International Barcode of Life Consortium","The International Barcode of Life Consortium","cc by 4.0","The International Barcode of Life Consortium"
"Coleophora",1993,8,"00:00:00","1993-08-19T00:00:00","occurrence",NA,1,45.53,-75.99,"gbif","GBIF","International Barcode of Life project (iBOL)","The International Barcode of Life Consortium","The International Barcode of Life Consortium","cc by 4.0","The International Barcode of Life Consortium"
"Plebejus saepiolus",1993,6,"00:00:00","1993-06-27T00:00:00","occurrence",NA,1,48.52,-79.43,"gbif","GBIF","Ross A. Layberry, Collection","Canadian Biodiversity Information Facility","Canadian Biodiversity Information Facility","cc0 1.0","Canadian Biodiversity Information Facility"
"Plebejus saepiolus",1993,6,"00:00:00","1993-06-27T00:00:00","occurrence",NA,1,48.52,-79.43,"gbif","GBIF","Ross A. Layberry, Collection","Canadian Biodiversity Information Facility","Canadian Biodiversity Information Facility","cc0 1.0","Canadian Biodiversity Information Facility"
"Coleophora",1993,8,"00:00:00","1993-08-19T00:00:00","occurrence",NA,1,45.53,-75.99,"gbif","GBIF","International Barcode of Life project (iBOL)","The International Barcode of Life Consortium","The International Barcode of Life Consortium","cc by 4.0","The International Barcode of Life Consortium"
"Coleophora",1993,8,"00:00:00","1993-08-19T00:00:00","occurrence",NA,1,45.53,-75.99,"gbif","GBIF","International Barcode of Life project (iBOL)","The International Barcode of Life Consortium","The International Barcode of Life Consortium","cc by 4.0","The International Barcode of Life Consortium"
"Hypatopa simplicella",1993,7,"00:00:00","1993-07-09T00:00:00","occurrence",NA,1,46.089,-74.279,"gbif","GBIF","International Barcode of Life project (iBOL)","The International Barcode of Life Consortium","The International Barcode of Life Consortium","cc by 4.0","The International Barcode of Life Consortium"
"Callophrys fotis",1993,5,"00:00:00","1993-05-09T00:00:00","occurrence",NA,1,46.48,-72.59,"gbif","GBIF","International Barcode of Life project (iBOL)","The International Barcode of Life Consortium","The International Barcode of Life Consortium","cc by 4.0","The International Barcode of Life Consortium"
"Coleophora",1993,8,"00:00:00","1993-08-15T00:00:00","occurrence",NA,1,45.5,-75.9,"gbif","GBIF","International Barcode of Life project (iBOL)","The International Barcode of Life Consortium","The International Barcode of Life Consortium","cc by 4.0","The International Barcode of Life Consortium"
"Anageshna primordialis",1993,6,"00:00:00","1993-06-25T00:00:00","occurrence",NA,1,47.6445,-68.9358,"gbif","GBIF","International Barcode of Life project (iBOL)","The International Barcode of Life Consortium","The International Barcode of Life Consortium","cc by 4.0","The International Barcode of Life Consortium"
"Dichomeris juncidella",1993,7,"00:00:00","1993-07-10T00:00:00","occurrence",NA,1,46.088,-74.279,"gbif","GBIF","International Barcode of Life project (iBOL)","The International Barcode of Life Consortium","The International Barcode of Life Consortium","cc by 4.0","The International Barcode of Life Consortium"
"Coleophora",1993,8,"00:00:00","1993-08-15T00:00:00","occurrence",NA,1,45.5,-75.9,"gbif","GBIF","International Barcode of Life project (iBOL)","The International Barcode of Life Consortium","The International Barcode of Life Consortium","cc by 4.0","The International Barcode of Life Consortium"
"Catocala retecta",1993,8,"00:00:00","1993-08-12T00:00:00","occurrence",NA,1,45.25,-73.56,"gbif","GBIF","INSDC Sequences","European Nucleotide Archive (EMBL-EBI)","European Nucleotide Archive (EMBL-EBI)","cc by 4.0","European Nucleotide Archive (EMBL-EBI)"
"Coleophora affiliatella",1993,6,"00:00:00","1993-06-08T00:00:00","occurrence",NA,1,45.6,-76.11,"gbif","GBIF","INSDC Sequences","European Nucleotide Archive (EMBL-EBI)","European Nucleotide Archive (EMBL-EBI)","cc by 4.0","European Nucleotide Archive (EMBL-EBI)"
"Callophrys henrici",1993,5,"15:40:00","1993-05-08T15:40:00","presence",NA,1,45.3884,-76.0725,"ebutterfly","Maxim Larrivée, Jeremy Kerr, Kent McFarland and Katy Prudic","eButterfly","ebutterfly","eButterfly","","eButterfly"
"Pontia protodice",1993,5,"12:00:00","1993-05-17T12:00:00","presence",NA,1,27.7731,-82.64,"ebutterfly","Maxim Larrivée, Jeremy Kerr, Kent McFarland and Katy Prudic","eButterfly","ebutterfly","eButterfly","","eButterfly"
"Poanes massasoit",1993,7,"","1993-07-10","presence",NA,1,38.4427,-76.1091,"ebutterfly","Maxim Larrivée, Jeremy Kerr, Kent McFarland and Katy Prudic","eButterfly","ebutterfly","eButterfly","","eButterfly"
"Thorybes bathyllus",1993,8,"","1993-08-10","presence",NA,1,39.0809,-77.4038,"ebutterfly","Maxim Larrivée, Jeremy Kerr, Kent McFarland and Katy Prudic","eButterfly","ebutterfly","eButterfly","","eButterfly"
"Lethe creola",1993,7,"","1993-07-03","presence",NA,1,36.7164,-76.5291,"ebutterfly","Maxim Larrivée, Jeremy Kerr, Kent McFarland and Katy Prudic","eButterfly","ebutterfly","eButterfly","","eButterfly"
"Asterocampa clyton",1993,8,"","1993-08-29","presence",NA,1,37.133,-75.9695,"ebutterfly","Maxim Larrivée, Jeremy Kerr, Kent McFarland and Katy Prudic","eButterfly","ebutterfly","eButterfly","","eButterfly"
"Limenitis arthemis astyanax",1993,8,"","1993-08-28","presence",NA,1,36.6117,-76.5187,"ebutterfly","Maxim Larrivée, Jeremy Kerr, Kent McFarland and Katy Prudic","eButterfly","ebutterfly","eButterfly","","eButterfly"
"Speyeria idalia",1993,6,"","1993-06-27","presence",NA,1,39.7192,-75.8135,"ebutterfly","Maxim Larrivée, Jeremy Kerr, Kent McFarland and Katy Prudic","eButterfly","ebutterfly","eButterfly","","eButterfly"
"Pyrisitia lisa",1993,9,"","1993-09-04","presence",NA,1,39.0275,-76.7576,"ebutterfly","Maxim Larrivée, Jeremy Kerr, Kent McFarland and Katy Prudic","eButterfly","ebutterfly","eButterfly","","eButterfly"
"Lycaena hyllus",1993,7,"","1993-07-10","presence",NA,1,38.4427,-76.1091,"ebutterfly","Maxim Larrivée, Jeremy Kerr, Kent McFarland and Katy Prudic","eButterfly","ebutterfly","eButterfly","","eButterfly"
"Lethe portlandia",1993,7,"","1993-07-03","presence",NA,1,36.7164,-76.5291,"ebutterfly","Maxim Larrivée, Jeremy Kerr, Kent McFarland and Katy Prudic","eButterfly","ebutterfly","eButterfly","","eButterfly"
"Speyeria aphrodite",1993,7,"","1993-07-07","presence",NA,1,39.698,-78.9402,"ebutterfly","Maxim Larrivée, Jeremy Kerr, Kent McFarland and Katy Prudic","eButterfly","ebutterfly","eButterfly","","eButterfly"
"Atlides halesus",1993,7,"","1993-07-03","presence",NA,1,36.7164,-76.5291,"ebutterfly","Maxim Larrivée, Jeremy Kerr, Kent McFarland and Katy Prudic","eButterfly","ebutterfly","eButterfly","","eButterfly"
"Staphylus hayhurstii",1993,8,"","1993-08-16","presence",NA,1,38.9395,-77.1215,"ebutterfly","Maxim Larrivée, Jeremy Kerr, Kent McFarland and Katy Prudic","eButterfly","ebutterfly","eButterfly","","eButterfly"
"Hermeuptychia sosybius",1993,7,"","1993-07-03","presence",NA,1,36.7164,-76.5291,"ebutterfly","Maxim Larrivée, Jeremy Kerr, Kent McFarland and Katy Prudic","eButterfly","ebutterfly","eButterfly","","eButterfly"
"Limenitis arthemis",1993,6,"","1993-06-15","presence",NA,1,39.6829,-78.4556,"ebutterfly","Maxim Larrivée, Jeremy Kerr, Kent McFarland and Katy Prudic","eButterfly","ebutterfly","eButterfly","","eButterfly"
"Callophrys eryphon",1993,6,"01:08:00","1993-06-07T01:08:00","presence",NA,1,47.3388,-65.432,"ebutterfly","Maxim Larrivée, Jeremy Kerr, Kent McFarland and Katy Prudic","eButterfly","ebutterfly","eButterfly","","eButterfly"
"Nathalis iole",1993,5,"12:00:00","1993-05-02T12:00:00","presence",NA,1,27.8229,-82.7283,"ebutterfly","Maxim Larrivée, Jeremy Kerr, Kent McFarland and Katy Prudic","eButterfly","ebutterfly","eButterfly","","eButterfly"
