"observed_scientific_name","year_obs","day_obs","time_obs","dwc_event_date","obs_variable","obs_unit","obs_value","lat","lon","original_source","creator","title","publisher","intellectual_rights","license","owner"
"Danaus plexippus",1995,9,"12:00:00","1995-09-10T12:00:00","presence",NA,1,45.6041,-73.6587,"ebutterfly","Maxim Larrivée, Jeremy Kerr, Kent McFarland and Katy Prudic","eButterfly","ebutterfly","eButterfly","","eButterfly"
"Limenitis archippus",1995,8,"12:00:00","1995-08-15T12:00:00","presence",NA,1,45.6037,-73.6905,"ebutterfly","Maxim Larrivée, Jeremy Kerr, Kent McFarland and Katy Prudic","eButterfly","ebutterfly","eButterfly","","eButterfly"
"Danaus plexippus",1995,9,"12:00:00","1995-09-17T12:00:00","presence",NA,1,45.6041,-73.6587,"ebutterfly","Maxim Larrivée, Jeremy Kerr, Kent McFarland and Katy Prudic","eButterfly","ebutterfly","eButterfly","","eButterfly"
"Satyrium caryaevorus",1995,7,"","1995-07-11","presence",NA,1,48.6177,-64.2832,"ebutterfly","Maxim Larrivée, Jeremy Kerr, Kent McFarland and Katy Prudic","eButterfly","ebutterfly","eButterfly","","eButterfly"
"Erynnis icelus",1995,5,"","1995-05-30","presence",NA,1,46.9083,-71.375,"ebutterfly","Maxim Larrivée, Jeremy Kerr, Kent McFarland and Katy Prudic","eButterfly","ebutterfly","eButterfly","","eButterfly"
"Carterocephalus palaemon",1995,6,"","1995-06-08","presence",NA,1,46.9377,-71.4705,"ebutterfly","Maxim Larrivée, Jeremy Kerr, Kent McFarland and Katy Prudic","eButterfly","ebutterfly","eButterfly","","eButterfly"
"Erynnis icelus",1995,6,"","1995-06-08","presence",NA,1,46.9377,-71.4705,"ebutterfly","Maxim Larrivée, Jeremy Kerr, Kent McFarland and Katy Prudic","eButterfly","ebutterfly","eButterfly","","eButterfly"
"Erynnis juvenalis",1995,5,"","1995-05-18","presence",NA,1,45.6066,-73.7124,"ebutterfly","Maxim Larrivée, Jeremy Kerr, Kent McFarland and Katy Prudic","eButterfly","ebutterfly","eButterfly","","eButterfly"
"Callophrys niphon",1995,5,"","1995-05-20","presence",NA,1,46.6404,-71.5907,"ebutterfly","Maxim Larrivée, Jeremy Kerr, Kent McFarland and Katy Prudic","eButterfly","ebutterfly","eButterfly","","eButterfly"
"Limenitis arthemis",1995,6,"","1995-06-27","presence",NA,1,46.9376,-71.4702,"ebutterfly","Maxim Larrivée, Jeremy Kerr, Kent McFarland and Katy Prudic","eButterfly","ebutterfly","eButterfly","","eButterfly"
"Lethe anthedon",1995,6,"","1995-06-27","presence",NA,1,46.9376,-71.4702,"ebutterfly","Maxim Larrivée, Jeremy Kerr, Kent McFarland and Katy Prudic","eButterfly","ebutterfly","eButterfly","","eButterfly"
"Danaus plexippus",1995,9,"12:00:00","1995-09-12T12:00:00","presence",NA,1,45.6041,-73.6587,"ebutterfly","Maxim Larrivée, Jeremy Kerr, Kent McFarland and Katy Prudic","eButterfly","ebutterfly","eButterfly","","eButterfly"
"Erynnis juvenalis",1995,5,"12:00:00","1995-05-18T12:00:00","presence",NA,1,45.6037,-73.6905,"ebutterfly","Maxim Larrivée, Jeremy Kerr, Kent McFarland and Katy Prudic","eButterfly","ebutterfly","eButterfly","","eButterfly"
"Poanes hobomok",1995,9,"12:00:00","1995-09-17T12:00:00","presence",NA,1,45.6041,-73.6587,"ebutterfly","Maxim Larrivée, Jeremy Kerr, Kent McFarland and Katy Prudic","eButterfly","ebutterfly","eButterfly","","eButterfly"
"Coleophora",1995,6,"00:00:00","1995-06-16T00:00:00","occurrence",NA,1,45.397,-75.842,"gbif","GBIF","International Barcode of Life project (iBOL)","The International Barcode of Life Consortium","The International Barcode of Life Consortium","cc by 4.0","The International Barcode of Life Consortium"
"Coleophora badiipennella",1995,7,"00:00:00","1995-07-21T00:00:00","occurrence",NA,1,45.397,-75.842,"gbif","GBIF","International Barcode of Life project (iBOL)","The International Barcode of Life Consortium","The International Barcode of Life Consortium","cc by 4.0","The International Barcode of Life Consortium"
"Danaus plexippus",1995,9,"12:00:00","1995-09-17T12:00:00","occurrence",NA,1,45.60413,-73.658652,"gbif","GBIF","eButterfly Surveys","Vermont Center for Ecostudies","Vermont Center for Ecostudies","cc by nc 4.0","Vermont Center for Ecostudies"
"Erynnis juvenalis",1995,5,"00:00:00","1995-05-18T00:00:00","occurrence",NA,1,45.606649,-73.712409,"gbif","GBIF","eButterfly Surveys","Vermont Center for Ecostudies","Vermont Center for Ecostudies","cc by nc 4.0","Vermont Center for Ecostudies"
"Limenitis arthemis",1995,6,"00:00:00","1995-06-27T00:00:00","abundance",NA,2,46.937554,-71.470228,"gbif","GBIF","eButterfly Surveys","Vermont Center for Ecostudies","Vermont Center for Ecostudies","cc by nc 4.0","Vermont Center for Ecostudies"
"Danaus plexippus",1995,9,"12:00:00","1995-09-10T12:00:00","abundance",NA,2,45.60413,-73.658652,"gbif","GBIF","eButterfly Surveys","Vermont Center for Ecostudies","Vermont Center for Ecostudies","cc by nc 4.0","Vermont Center for Ecostudies"
"Celastrina lucia",1995,6,"00:00:00","1995-06-16T00:00:00","occurrence",NA,1,46.8666,-71.3666,"gbif","GBIF","eButterfly Surveys","Vermont Center for Ecostudies","Vermont Center for Ecostudies","cc by nc 4.0","Vermont Center for Ecostudies"
"Glaucopsyche lygdamus",1995,6,"00:00:00","1995-06-28T00:00:00","occurrence",NA,1,46.9083,-71.375,"gbif","GBIF","eButterfly Surveys","Vermont Center for Ecostudies","Vermont Center for Ecostudies","cc by nc 4.0","Vermont Center for Ecostudies"
"Carterocephalus palaemon",1995,6,"00:00:00","1995-06-08T00:00:00","occurrence",NA,1,46.9377,-71.4705,"gbif","GBIF","eButterfly Surveys","Vermont Center for Ecostudies","Vermont Center for Ecostudies","cc by nc 4.0","Vermont Center for Ecostudies"
"Erynnis icelus",1995,6,"00:00:00","1995-06-08T00:00:00","abundance",NA,2,46.9377,-71.4705,"gbif","GBIF","eButterfly Surveys","Vermont Center for Ecostudies","Vermont Center for Ecostudies","cc by nc 4.0","Vermont Center for Ecostudies"
"Carterocephalus palaemon",1995,6,"00:00:00","1995-06-08T00:00:00","occurrence",NA,1,46.937554,-71.470228,"gbif","GBIF","eButterfly Surveys","Vermont Center for Ecostudies","Vermont Center for Ecostudies","cc by nc 4.0","Vermont Center for Ecostudies"
"Danaus plexippus",1995,9,"12:00:00","1995-09-12T12:00:00","occurrence",NA,1,45.60413,-73.658652,"gbif","GBIF","eButterfly Surveys","Vermont Center for Ecostudies","Vermont Center for Ecostudies","cc by nc 4.0","Vermont Center for Ecostudies"
"Erynnis icelus",1995,6,"00:00:00","1995-06-08T00:00:00","abundance",NA,2,46.937554,-71.470228,"gbif","GBIF","eButterfly Surveys","Vermont Center for Ecostudies","Vermont Center for Ecostudies","cc by nc 4.0","Vermont Center for Ecostudies"
"Celastrina lucia",1995,6,"00:00:00","1995-06-08T00:00:00","abundance",NA,2,46.937554,-71.470228,"gbif","GBIF","eButterfly Surveys","Vermont Center for Ecostudies","Vermont Center for Ecostudies","cc by nc 4.0","Vermont Center for Ecostudies"
"Limenitis archippus",1995,8,"12:00:00","1995-08-15T12:00:00","occurrence",NA,1,45.603731,-73.690514,"gbif","GBIF","eButterfly Surveys","Vermont Center for Ecostudies","Vermont Center for Ecostudies","cc by nc 4.0","Vermont Center for Ecostudies"
"Erynnis icelus",1995,5,"00:00:00","1995-05-30T00:00:00","abundance",NA,5,46.9083,-71.375,"gbif","GBIF","eButterfly Surveys","Vermont Center for Ecostudies","Vermont Center for Ecostudies","cc by nc 4.0","Vermont Center for Ecostudies"
"Papilio canadensis",1995,6,"00:00:00","1995-06-07T00:00:00","occurrence",NA,1,46.937554,-71.470228,"gbif","GBIF","eButterfly Surveys","Vermont Center for Ecostudies","Vermont Center for Ecostudies","cc by nc 4.0","Vermont Center for Ecostudies"
"Celastrina lucia",1995,6,"00:00:00","1995-06-27T00:00:00","occurrence",NA,1,46.937554,-71.470228,"gbif","GBIF","eButterfly Surveys","Vermont Center for Ecostudies","Vermont Center for Ecostudies","cc by nc 4.0","Vermont Center for Ecostudies"
"Celastrina lucia",1995,6,"00:00:00","1995-06-16T00:00:00","occurrence",NA,1,46.8666,-71.3666,"gbif","GBIF","eButterfly Surveys","Vermont Center for Ecostudies","Vermont Center for Ecostudies","cc by nc 4.0","Vermont Center for Ecostudies"
"Callophrys niphon",1995,5,"00:00:00","1995-05-20T00:00:00","occurrence",NA,1,46.640423,-71.59069,"gbif","GBIF","eButterfly Surveys","Vermont Center for Ecostudies","Vermont Center for Ecostudies","cc by nc 4.0","Vermont Center for Ecostudies"
"Erynnis icelus",1995,6,"00:00:00","1995-06-30T00:00:00","abundance",NA,5,46.9083,-71.375,"gbif","GBIF","eButterfly Surveys","Vermont Center for Ecostudies","Vermont Center for Ecostudies","cc by nc 4.0","Vermont Center for Ecostudies"
"Glaucopsyche lygdamus",1995,5,"00:00:00","1995-05-30T00:00:00","occurrence",NA,1,46.9083,-71.375,"gbif","GBIF","eButterfly Surveys","Vermont Center for Ecostudies","Vermont Center for Ecostudies","cc by nc 4.0","Vermont Center for Ecostudies"
"Chionodes mediofuscella",1995,5,"00:00:00","1995-05-25T00:00:00","occurrence",NA,1,45.398,-75.837,"gbif","GBIF","International Barcode of Life project (iBOL)","The International Barcode of Life Consortium","The International Barcode of Life Consortium","cc by 4.0","The International Barcode of Life Consortium"
"Coleophora multipulvella",1995,6,"00:00:00","1995-06-10T00:00:00","occurrence",NA,1,46.08,-74.28,"gbif","GBIF","INSDC Sequences","European Nucleotide Archive (EMBL-EBI)","European Nucleotide Archive (EMBL-EBI)","cc by 4.0","European Nucleotide Archive (EMBL-EBI)"
"Coleophora canadensisella",1995,6,"00:00:00","1995-06-29T00:00:00","occurrence",NA,1,46.088,-74.279,"gbif","GBIF","International Barcode of Life project (iBOL)","The International Barcode of Life Consortium","The International Barcode of Life Consortium","cc by 4.0","The International Barcode of Life Consortium"
"Scrobipalpa acuminatella",1995,5,"00:00:00","1995-05-21T00:00:00","occurrence",NA,1,45.4,-75.84,"gbif","GBIF","INSDC Sequences","European Nucleotide Archive (EMBL-EBI)","European Nucleotide Archive (EMBL-EBI)","cc by 4.0","European Nucleotide Archive (EMBL-EBI)"
"Coleophora rosaevorella",1995,5,"00:00:00","1995-05-27T00:00:00","occurrence",NA,1,45.4,-75.83,"gbif","GBIF","INSDC Sequences","European Nucleotide Archive (EMBL-EBI)","European Nucleotide Archive (EMBL-EBI)","cc by 4.0","European Nucleotide Archive (EMBL-EBI)"
"Lepidoptera",1995,7,"00:00:00","1995-07-21T00:00:00","occurrence",NA,1,48.796,-79.214,"gbif","GBIF","International Barcode of Life project (iBOL)","The International Barcode of Life Consortium","The International Barcode of Life Consortium","cc by 4.0","The International Barcode of Life Consortium"
"Coleophora multipulvella",1995,6,"00:00:00","1995-06-09T00:00:00","occurrence",NA,1,46.081,-74.279,"gbif","GBIF","International Barcode of Life project (iBOL)","The International Barcode of Life Consortium","The International Barcode of Life Consortium","cc by 4.0","The International Barcode of Life Consortium"
"Metarranthis indeclinata",1995,6,"00:00:00","1995-06-10T00:00:00","occurrence",NA,1,46.866,-71.366,"gbif","GBIF","International Barcode of Life project (iBOL)","The International Barcode of Life Consortium","The International Barcode of Life Consortium","cc by 4.0","The International Barcode of Life Consortium"
"Coleophora spinella",1995,7,"00:00:00","1995-07-15T00:00:00","occurrence",NA,1,45.452,-75.878,"gbif","GBIF","International Barcode of Life project (iBOL)","The International Barcode of Life Consortium","The International Barcode of Life Consortium","cc by 4.0","The International Barcode of Life Consortium"
"Coleophora badiipennella",1995,6,"00:00:00","1995-06-13T00:00:00","occurrence",NA,1,45.397,-75.842,"gbif","GBIF","International Barcode of Life project (iBOL)","The International Barcode of Life Consortium","The International Barcode of Life Consortium","cc by 4.0","The International Barcode of Life Consortium"
"Lepidoptera",1995,7,"00:00:00","1995-07-12T00:00:00","occurrence",NA,1,45.425,-75.847,"gbif","GBIF","International Barcode of Life project (iBOL)","The International Barcode of Life Consortium","The International Barcode of Life Consortium","cc by 4.0","The International Barcode of Life Consortium"
"Scrobipalpula antiochia",1995,5,"00:00:00","1995-05-27T00:00:00","occurrence",NA,1,45.426,-75.865,"gbif","GBIF","International Barcode of Life project (iBOL)","The International Barcode of Life Consortium","The International Barcode of Life Consortium","cc by 4.0","The International Barcode of Life Consortium"
"Furcula occidentalis",1995,6,"00:00:00","1995-06-24T00:00:00","occurrence",NA,1,48.414195,-71.253657,"gbif","GBIF","RBINS DaRWIN","Royal Belgian Institute of Natural Sciences","Royal Belgian Institute of Natural Sciences","cc by nc 4.0","Royal Belgian Institute of Natural Sciences"
"Colias philodice",1995,6,"00:00:00","1995-06-24T00:00:00","occurrence",NA,1,48.495791,-71.77505,"gbif","GBIF","RBINS DaRWIN","Royal Belgian Institute of Natural Sciences","Royal Belgian Institute of Natural Sciences","cc by nc 4.0","Royal Belgian Institute of Natural Sciences"
"Orgyia leucostigma intermedia",1995,8,"00:00:00","1995-08-01T00:00:00","occurrence",NA,1,48.628418,-68.122035,"gbif","GBIF","RBINS DaRWIN","Royal Belgian Institute of Natural Sciences","Royal Belgian Institute of Natural Sciences","cc by nc 4.0","Royal Belgian Institute of Natural Sciences"
"Lacanobia radix",1995,6,"00:00:00","1995-06-24T00:00:00","occurrence",NA,1,48.414195,-71.253657,"gbif","GBIF","RBINS DaRWIN","Royal Belgian Institute of Natural Sciences","Royal Belgian Institute of Natural Sciences","cc by nc 4.0","Royal Belgian Institute of Natural Sciences"
"Lapara bombycoides",1995,6,"00:00:00","1995-06-25T00:00:00","occurrence",NA,1,48.414195,-71.253657,"gbif","GBIF","RBINS DaRWIN","Royal Belgian Institute of Natural Sciences","Royal Belgian Institute of Natural Sciences","cc by nc 4.0","Royal Belgian Institute of Natural Sciences"
"Colias philodice",1995,6,"00:00:00","1995-06-21T00:00:00","occurrence",NA,1,48.414195,-71.253657,"gbif","GBIF","RBINS DaRWIN","Royal Belgian Institute of Natural Sciences","Royal Belgian Institute of Natural Sciences","cc by nc 4.0","Royal Belgian Institute of Natural Sciences"
"Lapara bombycoides",1995,6,"00:00:00","1995-06-23T00:00:00","occurrence",NA,1,48.414195,-71.253657,"gbif","GBIF","RBINS DaRWIN","Royal Belgian Institute of Natural Sciences","Royal Belgian Institute of Natural Sciences","cc by nc 4.0","Royal Belgian Institute of Natural Sciences"
"Sphinx kalmiae",1995,7,"00:00:00","1995-07-05T00:00:00","occurrence",NA,1,48.495791,-71.77505,"gbif","GBIF","RBINS DaRWIN","Royal Belgian Institute of Natural Sciences","Royal Belgian Institute of Natural Sciences","cc by nc 4.0","Royal Belgian Institute of Natural Sciences"
"Cryptocala acadiensis",1995,7,"00:00:00","1995-07-10T00:00:00","occurrence",NA,1,48.495791,-71.77505,"gbif","GBIF","RBINS DaRWIN","Royal Belgian Institute of Natural Sciences","Royal Belgian Institute of Natural Sciences","cc by nc 4.0","Royal Belgian Institute of Natural Sciences"
"Acronicta oblinita",1995,7,"00:00:00","1995-07-13T00:00:00","occurrence",NA,1,48.495791,-71.77505,"gbif","GBIF","RBINS DaRWIN","Royal Belgian Institute of Natural Sciences","Royal Belgian Institute of Natural Sciences","cc by nc 4.0","Royal Belgian Institute of Natural Sciences"
"Feltia herilis",1995,7,"00:00:00","1995-07-28T00:00:00","occurrence",NA,1,48.495791,-71.77505,"gbif","GBIF","RBINS DaRWIN","Royal Belgian Institute of Natural Sciences","Royal Belgian Institute of Natural Sciences","cc by nc 4.0","Royal Belgian Institute of Natural Sciences"
"Pseudohermonassa tenuicula",1995,8,"00:00:00","1995-08-04T00:00:00","occurrence",NA,1,48.414195,-71.253657,"gbif","GBIF","RBINS DaRWIN","Royal Belgian Institute of Natural Sciences","Royal Belgian Institute of Natural Sciences","cc by nc 4.0","Royal Belgian Institute of Natural Sciences"
"Harrisimemna trisignata",1995,6,"00:00:00","1995-06-28T00:00:00","occurrence",NA,1,48.495791,-71.77505,"gbif","GBIF","RBINS DaRWIN","Royal Belgian Institute of Natural Sciences","Royal Belgian Institute of Natural Sciences","cc by nc 4.0","Royal Belgian Institute of Natural Sciences"
"Heterocampa biundata",1995,6,"00:00:00","1995-06-28T00:00:00","occurrence",NA,1,48.495791,-71.77505,"gbif","GBIF","RBINS DaRWIN","Royal Belgian Institute of Natural Sciences","Royal Belgian Institute of Natural Sciences","cc by nc 4.0","Royal Belgian Institute of Natural Sciences"
"Anisota virginiensis",1995,7,"00:00:00","1995-07-04T00:00:00","occurrence",NA,1,48.495791,-71.77505,"gbif","GBIF","RBINS DaRWIN","Royal Belgian Institute of Natural Sciences","Royal Belgian Institute of Natural Sciences","cc by nc 4.0","Royal Belgian Institute of Natural Sciences"
"Harrisimemna trisignata",1995,6,"00:00:00","1995-06-23T00:00:00","occurrence",NA,1,48.414195,-71.253657,"gbif","GBIF","RBINS DaRWIN","Royal Belgian Institute of Natural Sciences","Royal Belgian Institute of Natural Sciences","cc by nc 4.0","Royal Belgian Institute of Natural Sciences"
"Coleophora badiipennella",1995,6,"00:00:00","1995-06-17T00:00:00","occurrence",NA,1,45.397,-75.849,"gbif","GBIF","International Barcode of Life project (iBOL)","The International Barcode of Life Consortium","The International Barcode of Life Consortium","cc by 4.0","The International Barcode of Life Consortium"
"Malacosoma americana",1995,7,"00:00:00","1995-07-12T00:00:00","occurrence",NA,1,46.86667,-71.366666,"gbif","GBIF","Canadian National Collection of Insects, Arachnids, and Nematodes (CNC)","Agriculture and Agri-Food Canada","Agriculture and Agri-Food Canada","cc by 4.0","Agriculture and Agri-Food Canada"
"Malacosoma americana",1995,7,"00:00:00","1995-07-13T00:00:00","occurrence",NA,1,46.86667,-71.366666,"gbif","GBIF","Canadian National Collection of Insects, Arachnids, and Nematodes (CNC)","Agriculture and Agri-Food Canada","Agriculture and Agri-Food Canada","cc by 4.0","Agriculture and Agri-Food Canada"
"Euxoa quebecensis",1995,6,"00:00:00","1995-06-19T00:00:00","occurrence",NA,1,47.525,-68.551,"gbif","GBIF","University of Alberta E. H. Strickland Entomological Museum (UASM)","University of Alberta Museums","University of Alberta Museums","cc0 1.0","University of Alberta Museums"
"Leuconycta diphteroides",1995,6,"00:00:00","1995-06-16T00:00:00","occurrence",NA,1,47.534,-68.565,"gbif","GBIF","University of Alberta E. H. Strickland Entomological Museum (UASM)","University of Alberta Museums","University of Alberta Museums","cc0 1.0","University of Alberta Museums"
"Oligia minuscula",1995,8,"00:00:00","1995-08-13T00:00:00","occurrence",NA,1,47.52,-68.546,"gbif","GBIF","University of Alberta E. H. Strickland Entomological Museum (UASM)","University of Alberta Museums","University of Alberta Museums","cc0 1.0","University of Alberta Museums"
"Oligia minuscula",1995,8,"00:00:00","1995-08-06T00:00:00","occurrence",NA,1,47.52,-68.546,"gbif","GBIF","University of Alberta E. H. Strickland Entomological Museum (UASM)","University of Alberta Museums","University of Alberta Museums","cc0 1.0","University of Alberta Museums"
"Ochropleura implecta",1995,6,"00:00:00","1995-06-22T00:00:00","occurrence",NA,1,47.525,-68.551,"gbif","GBIF","University of Alberta E. H. Strickland Entomological Museum (UASM)","University of Alberta Museums","University of Alberta Museums","cc0 1.0","University of Alberta Museums"
"Crocigrapha normani",1995,5,"00:00:00","1995-05-09T00:00:00","occurrence",NA,1,47.534,-68.565,"gbif","GBIF","University of Alberta E. H. Strickland Entomological Museum (UASM)","University of Alberta Museums","University of Alberta Museums","cc0 1.0","University of Alberta Museums"
"Ochropleura implecta",1995,6,"00:00:00","1995-06-06T00:00:00","occurrence",NA,1,47.525,-68.551,"gbif","GBIF","University of Alberta E. H. Strickland Entomological Museum (UASM)","University of Alberta Museums","University of Alberta Museums","cc0 1.0","University of Alberta Museums"
"Faronta diffusa",1995,6,"00:00:00","1995-06-22T00:00:00","occurrence",NA,1,47.534,-68.565,"gbif","GBIF","University of Alberta E. H. Strickland Entomological Museum (UASM)","University of Alberta Museums","University of Alberta Museums","cc0 1.0","University of Alberta Museums"
"Spiramater grandis",1995,6,"00:00:00","1995-06-06T00:00:00","occurrence",NA,1,47.534,-68.565,"gbif","GBIF","University of Alberta E. H. Strickland Entomological Museum (UASM)","University of Alberta Museums","University of Alberta Museums","cc0 1.0","University of Alberta Museums"
"Ochropleura implecta",1995,6,"00:00:00","1995-06-16T00:00:00","occurrence",NA,1,47.52,-68.546,"gbif","GBIF","University of Alberta E. H. Strickland Entomological Museum (UASM)","University of Alberta Museums","University of Alberta Museums","cc0 1.0","University of Alberta Museums"
"Faronta diffusa",1995,6,"00:00:00","1995-06-13T00:00:00","occurrence",NA,1,47.534,-68.565,"gbif","GBIF","University of Alberta E. H. Strickland Entomological Museum (UASM)","University of Alberta Museums","University of Alberta Museums","cc0 1.0","University of Alberta Museums"
"Eueretagrotis perattentus",1995,6,"00:00:00","1995-06-26T00:00:00","occurrence",NA,1,47.534,-68.565,"gbif","GBIF","University of Alberta E. H. Strickland Entomological Museum (UASM)","University of Alberta Museums","University of Alberta Museums","cc0 1.0","University of Alberta Museums"
"Acronicta impleta",1995,6,"00:00:00","1995-06-06T00:00:00","occurrence",NA,1,47.525,-68.551,"gbif","GBIF","University of Alberta E. H. Strickland Entomological Museum (UASM)","University of Alberta Museums","University of Alberta Museums","cc0 1.0","University of Alberta Museums"
"Ochropleura implecta",1995,6,"00:00:00","1995-06-16T00:00:00","occurrence",NA,1,47.525,-68.551,"gbif","GBIF","University of Alberta E. H. Strickland Entomological Museum (UASM)","University of Alberta Museums","University of Alberta Museums","cc0 1.0","University of Alberta Museums"
"Faronta diffusa",1995,6,"00:00:00","1995-06-22T00:00:00","occurrence",NA,1,47.534,-68.565,"gbif","GBIF","University of Alberta E. H. Strickland Entomological Museum (UASM)","University of Alberta Museums","University of Alberta Museums","cc0 1.0","University of Alberta Museums"
"Oligia minuscula",1995,8,"00:00:00","1995-08-13T00:00:00","occurrence",NA,1,47.52,-68.546,"gbif","GBIF","University of Alberta E. H. Strickland Entomological Museum (UASM)","University of Alberta Museums","University of Alberta Museums","cc0 1.0","University of Alberta Museums"
"Ochropleura implecta",1995,6,"00:00:00","1995-06-16T00:00:00","occurrence",NA,1,47.525,-68.551,"gbif","GBIF","University of Alberta E. H. Strickland Entomological Museum (UASM)","University of Alberta Museums","University of Alberta Museums","cc0 1.0","University of Alberta Museums"
"Eueretagrotis perattentus",1995,6,"00:00:00","1995-06-27T00:00:00","occurrence",NA,1,47.534,-68.565,"gbif","GBIF","University of Alberta E. H. Strickland Entomological Museum (UASM)","University of Alberta Museums","University of Alberta Museums","cc0 1.0","University of Alberta Museums"
"Oligia minuscula",1995,8,"00:00:00","1995-08-17T00:00:00","occurrence",NA,1,47.534,-68.565,"gbif","GBIF","University of Alberta E. H. Strickland Entomological Museum (UASM)","University of Alberta Museums","University of Alberta Museums","cc0 1.0","University of Alberta Museums"
"Ochropleura implecta",1995,6,"00:00:00","1995-06-08T00:00:00","occurrence",NA,1,47.525,-68.551,"gbif","GBIF","University of Alberta E. H. Strickland Entomological Museum (UASM)","University of Alberta Museums","University of Alberta Museums","cc0 1.0","University of Alberta Museums"
"Crocigrapha normani",1995,5,"00:00:00","1995-05-13T00:00:00","occurrence",NA,1,47.534,-68.565,"gbif","GBIF","University of Alberta E. H. Strickland Entomological Museum (UASM)","University of Alberta Museums","University of Alberta Museums","cc0 1.0","University of Alberta Museums"
"Oligia minuscula",1995,8,"00:00:00","1995-08-13T00:00:00","occurrence",NA,1,47.52,-68.546,"gbif","GBIF","University of Alberta E. H. Strickland Entomological Museum (UASM)","University of Alberta Museums","University of Alberta Museums","cc0 1.0","University of Alberta Museums"
"Oligia minuscula",1995,8,"00:00:00","1995-08-17T00:00:00","occurrence",NA,1,47.534,-68.565,"gbif","GBIF","University of Alberta E. H. Strickland Entomological Museum (UASM)","University of Alberta Museums","University of Alberta Museums","cc0 1.0","University of Alberta Museums"
"Zale horrida",1995,5,"00:00:00","1995-05-21T00:00:00","occurrence",NA,1,47.525,-68.551,"gbif","GBIF","University of Alberta E. H. Strickland Entomological Museum (UASM)","University of Alberta Museums","University of Alberta Museums","cc0 1.0","University of Alberta Museums"
"Faronta diffusa",1995,6,"00:00:00","1995-06-13T00:00:00","occurrence",NA,1,47.534,-68.565,"gbif","GBIF","University of Alberta E. H. Strickland Entomological Museum (UASM)","University of Alberta Museums","University of Alberta Museums","cc0 1.0","University of Alberta Museums"
"Ochropleura implecta",1995,6,"00:00:00","1995-06-16T00:00:00","occurrence",NA,1,47.525,-68.551,"gbif","GBIF","University of Alberta E. H. Strickland Entomological Museum (UASM)","University of Alberta Museums","University of Alberta Museums","cc0 1.0","University of Alberta Museums"
"Oligia minuscula",1995,8,"00:00:00","1995-08-13T00:00:00","occurrence",NA,1,47.52,-68.546,"gbif","GBIF","University of Alberta E. H. Strickland Entomological Museum (UASM)","University of Alberta Museums","University of Alberta Museums","cc0 1.0","University of Alberta Museums"
"Phyciodes tharos",1995,8,"00:00:00","1995-08-02T00:00:00","occurrence",NA,1,45.4,-75.85,"gbif","GBIF","The Lepidopterists' Society Season Summary","The Lepidopterists' Society Season Summary","The Lepidopterists' Society Season Summary","cc0 1.0","The Lepidopterists' Society Season Summary"
"Hyalophora cecropia",1995,12,"00:00:00","1995-12-07T00:00:00","occurrence",NA,1,48.916667,-66,"gbif","GBIF","The Lepidopterists' Society Season Summary","The Lepidopterists' Society Season Summary","The Lepidopterists' Society Season Summary","cc0 1.0","The Lepidopterists' Society Season Summary"
"Coleophora multipulvella",1995,6,"00:00:00","1995-06-09T00:00:00","occurrence",NA,1,46.08,-74.28,"gbif","GBIF","INSDC Sequences","European Nucleotide Archive (EMBL-EBI)","European Nucleotide Archive (EMBL-EBI)","cc by 4.0","European Nucleotide Archive (EMBL-EBI)"
"Coleophora multipulvella",1995,6,"00:00:00","1995-06-10T00:00:00","occurrence",NA,1,46.081,-74.279,"gbif","GBIF","International Barcode of Life project (iBOL)","The International Barcode of Life Consortium","The International Barcode of Life Consortium","cc by 4.0","The International Barcode of Life Consortium"
"Coleophora canadensisella",1995,6,"00:00:00","1995-06-23T00:00:00","occurrence",NA,1,46.088,-74.279,"gbif","GBIF","International Barcode of Life project (iBOL)","The International Barcode of Life Consortium","The International Barcode of Life Consortium","cc by 4.0","The International Barcode of Life Consortium"
"Coleophora badiipennella",1995,7,"00:00:00","1995-07-11T00:00:00","occurrence",NA,1,45.397,-75.842,"gbif","GBIF","International Barcode of Life project (iBOL)","The International Barcode of Life Consortium","The International Barcode of Life Consortium","cc by 4.0","The International Barcode of Life Consortium"
"Scoparia biplagialis",1995,9,"00:00:00","1995-09-04T00:00:00","occurrence",NA,1,45.383,-75.85,"gbif","GBIF","International Barcode of Life project (iBOL)","The International Barcode of Life Consortium","The International Barcode of Life Consortium","cc by 4.0","The International Barcode of Life Consortium"
"Atrytone delaware",1995,7,"00:00:00","1995-07-29T00:00:00","occurrence",NA,1,45.0324,-73.0489,"gbif","GBIF","International Barcode of Life project (iBOL)","The International Barcode of Life Consortium","The International Barcode of Life Consortium","cc by 4.0","The International Barcode of Life Consortium"
"Coleophora multipulvella",1995,6,"00:00:00","1995-06-09T00:00:00","occurrence",NA,1,46.09,-74.28,"gbif","GBIF","INSDC Sequences","European Nucleotide Archive (EMBL-EBI)","European Nucleotide Archive (EMBL-EBI)","cc by 4.0","European Nucleotide Archive (EMBL-EBI)"
"Neodactria luteolellus",1995,7,"00:00:00","1995-07-12T00:00:00","occurrence",NA,1,45.395,-75.832,"gbif","GBIF","International Barcode of Life project (iBOL)","The International Barcode of Life Consortium","The International Barcode of Life Consortium","cc by 4.0","The International Barcode of Life Consortium"
"Caryocolum pullatella",1995,7,"00:00:00","1995-07-31T00:00:00","occurrence",NA,1,48.796,-79.214,"gbif","GBIF","International Barcode of Life project (iBOL)","The International Barcode of Life Consortium","The International Barcode of Life Consortium","cc by 4.0","The International Barcode of Life Consortium"
"Coleophora elaeagnisella",1995,7,"00:00:00","1995-07-12T00:00:00","occurrence",NA,1,45.427,-75.815,"gbif","GBIF","International Barcode of Life project (iBOL)","The International Barcode of Life Consortium","The International Barcode of Life Consortium","cc by 4.0","The International Barcode of Life Consortium"
"Coleophora multipulvella",1995,6,"00:00:00","1995-06-09T00:00:00","occurrence",NA,1,46.09,-74.28,"gbif","GBIF","INSDC Sequences","European Nucleotide Archive (EMBL-EBI)","European Nucleotide Archive (EMBL-EBI)","cc by 4.0","European Nucleotide Archive (EMBL-EBI)"
"Coleophora badiipennella",1995,7,"00:00:00","1995-07-11T00:00:00","occurrence",NA,1,45.397,-75.842,"gbif","GBIF","International Barcode of Life project (iBOL)","The International Barcode of Life Consortium","The International Barcode of Life Consortium","cc by 4.0","The International Barcode of Life Consortium"
"Scrobipalpa acuminatella",1995,5,"00:00:00","1995-05-21T00:00:00","occurrence",NA,1,45.397,-75.842,"gbif","GBIF","International Barcode of Life project (iBOL)","The International Barcode of Life Consortium","The International Barcode of Life Consortium","cc by 4.0","The International Barcode of Life Consortium"
"Darapsa choerilus",1995,6,"00:00:00","1995-06-23T00:00:00","occurrence",NA,1,48.414195,-71.253657,"gbif","GBIF","RBINS DaRWIN","Royal Belgian Institute of Natural Sciences","Royal Belgian Institute of Natural Sciences","cc by nc 4.0","Royal Belgian Institute of Natural Sciences"
"Notodonta scitipennis",1995,6,"00:00:00","1995-06-25T00:00:00","occurrence",NA,1,48.495791,-71.77505,"gbif","GBIF","RBINS DaRWIN","Royal Belgian Institute of Natural Sciences","Royal Belgian Institute of Natural Sciences","cc by nc 4.0","Royal Belgian Institute of Natural Sciences"
"Schizura unicornis",1995,6,"00:00:00","1995-06-26T00:00:00","occurrence",NA,1,48.495791,-71.77505,"gbif","GBIF","RBINS DaRWIN","Royal Belgian Institute of Natural Sciences","Royal Belgian Institute of Natural Sciences","cc by nc 4.0","Royal Belgian Institute of Natural Sciences"
"Antheraea polyphemus",1995,6,"00:00:00","1995-06-27T00:00:00","occurrence",NA,1,48.495791,-71.77505,"gbif","GBIF","RBINS DaRWIN","Royal Belgian Institute of Natural Sciences","Royal Belgian Institute of Natural Sciences","cc by nc 4.0","Royal Belgian Institute of Natural Sciences"
"Crambus praefectellus",1995,11,"00:00:00","1995-11-16T00:00:00","occurrence",NA,1,45.383,-75.85,"gbif","GBIF","International Barcode of Life project (iBOL)","The International Barcode of Life Consortium","The International Barcode of Life Consortium","cc by 4.0","The International Barcode of Life Consortium"
"Eueretagrotis perattentus",1995,6,"00:00:00","1995-06-27T00:00:00","occurrence",NA,1,48.495791,-71.77505,"gbif","GBIF","RBINS DaRWIN","Royal Belgian Institute of Natural Sciences","Royal Belgian Institute of Natural Sciences","cc by nc 4.0","Royal Belgian Institute of Natural Sciences"
"Speyeria aphrodite winni",1995,8,"00:00:00","1995-08-03T00:00:00","occurrence",NA,1,48.495791,-71.77505,"gbif","GBIF","RBINS DaRWIN","Royal Belgian Institute of Natural Sciences","Royal Belgian Institute of Natural Sciences","cc by nc 4.0","Royal Belgian Institute of Natural Sciences"
"Mamestra curialis",1995,6,"00:00:00","1995-06-25T00:00:00","occurrence",NA,1,48.414195,-71.253657,"gbif","GBIF","RBINS DaRWIN","Royal Belgian Institute of Natural Sciences","Royal Belgian Institute of Natural Sciences","cc by nc 4.0","Royal Belgian Institute of Natural Sciences"
"Notodonta",1995,6,"00:00:00","1995-06-29T00:00:00","occurrence",NA,1,48.495791,-71.77505,"gbif","GBIF","RBINS DaRWIN","Royal Belgian Institute of Natural Sciences","Royal Belgian Institute of Natural Sciences","cc by nc 4.0","Royal Belgian Institute of Natural Sciences"
"Polygonia gracilis",1995,7,"00:00:00","1995-07-31T00:00:00","occurrence",NA,1,48.495791,-71.77505,"gbif","GBIF","RBINS DaRWIN","Royal Belgian Institute of Natural Sciences","Royal Belgian Institute of Natural Sciences","cc by nc 4.0","Royal Belgian Institute of Natural Sciences"
"Grammia parthenice",1995,7,"00:00:00","1995-07-30T00:00:00","occurrence",NA,1,48.495791,-71.77505,"gbif","GBIF","RBINS DaRWIN","Royal Belgian Institute of Natural Sciences","Royal Belgian Institute of Natural Sciences","cc by nc 4.0","Royal Belgian Institute of Natural Sciences"
"Notodonta",1995,6,"00:00:00","1995-06-28T00:00:00","occurrence",NA,1,48.495791,-71.77505,"gbif","GBIF","RBINS DaRWIN","Royal Belgian Institute of Natural Sciences","Royal Belgian Institute of Natural Sciences","cc by nc 4.0","Royal Belgian Institute of Natural Sciences"
"Xestia perquiritata",1995,7,"00:00:00","1995-07-30T00:00:00","occurrence",NA,1,48.495791,-71.77505,"gbif","GBIF","RBINS DaRWIN","Royal Belgian Institute of Natural Sciences","Royal Belgian Institute of Natural Sciences","cc by nc 4.0","Royal Belgian Institute of Natural Sciences"
"Orgyia leucostigma intermedia",1995,8,"00:00:00","1995-08-08T00:00:00","occurrence",NA,1,48.628418,-68.122035,"gbif","GBIF","RBINS DaRWIN","Royal Belgian Institute of Natural Sciences","Royal Belgian Institute of Natural Sciences","cc by nc 4.0","Royal Belgian Institute of Natural Sciences"
"Leucania commoides",1995,7,"00:00:00","1995-07-05T00:00:00","occurrence",NA,1,48.495791,-71.77505,"gbif","GBIF","RBINS DaRWIN","Royal Belgian Institute of Natural Sciences","Royal Belgian Institute of Natural Sciences","cc by nc 4.0","Royal Belgian Institute of Natural Sciences"
"Colias philodice",1995,8,"00:00:00","1995-08-03T00:00:00","occurrence",NA,1,48.495791,-71.77505,"gbif","GBIF","RBINS DaRWIN","Royal Belgian Institute of Natural Sciences","Royal Belgian Institute of Natural Sciences","cc by nc 4.0","Royal Belgian Institute of Natural Sciences"
"Schizura ipomoeae",1995,6,"00:00:00","1995-06-27T00:00:00","occurrence",NA,1,48.495791,-71.77505,"gbif","GBIF","RBINS DaRWIN","Royal Belgian Institute of Natural Sciences","Royal Belgian Institute of Natural Sciences","cc by nc 4.0","Royal Belgian Institute of Natural Sciences"
"Feniseca tarquinius",1995,8,"00:00:00","1995-08-03T00:00:00","occurrence",NA,1,48.495791,-71.77505,"gbif","GBIF","RBINS DaRWIN","Royal Belgian Institute of Natural Sciences","Royal Belgian Institute of Natural Sciences","cc by nc 4.0","Royal Belgian Institute of Natural Sciences"
"Feltia herilis",1995,8,"00:00:00","1995-08-04T00:00:00","occurrence",NA,1,48.414195,-71.253657,"gbif","GBIF","RBINS DaRWIN","Royal Belgian Institute of Natural Sciences","Royal Belgian Institute of Natural Sciences","cc by nc 4.0","Royal Belgian Institute of Natural Sciences"
"Heterocampa guttivitta",1995,6,"00:00:00","1995-06-23T00:00:00","occurrence",NA,1,48.414195,-71.253657,"gbif","GBIF","RBINS DaRWIN","Royal Belgian Institute of Natural Sciences","Royal Belgian Institute of Natural Sciences","cc by nc 4.0","Royal Belgian Institute of Natural Sciences"
"Anisota virginiensis",1995,6,"00:00:00","1995-06-27T00:00:00","occurrence",NA,1,48.495791,-71.77505,"gbif","GBIF","RBINS DaRWIN","Royal Belgian Institute of Natural Sciences","Royal Belgian Institute of Natural Sciences","cc by nc 4.0","Royal Belgian Institute of Natural Sciences"
"Acronicta impressa",1995,6,"00:00:00","1995-06-25T00:00:00","occurrence",NA,1,48.414195,-71.253657,"gbif","GBIF","RBINS DaRWIN","Royal Belgian Institute of Natural Sciences","Royal Belgian Institute of Natural Sciences","cc by nc 4.0","Royal Belgian Institute of Natural Sciences"
"Mamestra curialis",1995,7,"00:00:00","1995-07-05T00:00:00","occurrence",NA,1,48.495791,-71.77505,"gbif","GBIF","RBINS DaRWIN","Royal Belgian Institute of Natural Sciences","Royal Belgian Institute of Natural Sciences","cc by nc 4.0","Royal Belgian Institute of Natural Sciences"
"Faronta diffusa",1995,6,"00:00:00","1995-06-23T00:00:00","occurrence",NA,1,48.414195,-71.253657,"gbif","GBIF","RBINS DaRWIN","Royal Belgian Institute of Natural Sciences","Royal Belgian Institute of Natural Sciences","cc by nc 4.0","Royal Belgian Institute of Natural Sciences"
"Cryptocala acadiensis",1995,7,"00:00:00","1995-07-12T00:00:00","occurrence",NA,1,48.495791,-71.77505,"gbif","GBIF","RBINS DaRWIN","Royal Belgian Institute of Natural Sciences","Royal Belgian Institute of Natural Sciences","cc by nc 4.0","Royal Belgian Institute of Natural Sciences"
"Feltia subgothica",1995,7,"00:00:00","1995-07-27T00:00:00","occurrence",NA,1,48.414195,-71.253657,"gbif","GBIF","RBINS DaRWIN","Royal Belgian Institute of Natural Sciences","Royal Belgian Institute of Natural Sciences","cc by nc 4.0","Royal Belgian Institute of Natural Sciences"
"Notodonta scitipennis",1995,6,"00:00:00","1995-06-28T00:00:00","occurrence",NA,1,48.495791,-71.77505,"gbif","GBIF","RBINS DaRWIN","Royal Belgian Institute of Natural Sciences","Royal Belgian Institute of Natural Sciences","cc by nc 4.0","Royal Belgian Institute of Natural Sciences"
"Eurois astricta",1995,8,"00:00:00","1995-08-03T00:00:00","occurrence",NA,1,48.495791,-71.77505,"gbif","GBIF","RBINS DaRWIN","Royal Belgian Institute of Natural Sciences","Royal Belgian Institute of Natural Sciences","cc by nc 4.0","Royal Belgian Institute of Natural Sciences"
"Acronicta superans",1995,6,"00:00:00","1995-06-23T00:00:00","occurrence",NA,1,48.414195,-71.253657,"gbif","GBIF","RBINS DaRWIN","Royal Belgian Institute of Natural Sciences","Royal Belgian Institute of Natural Sciences","cc by nc 4.0","Royal Belgian Institute of Natural Sciences"
"Datana angusii",1995,6,"00:00:00","1995-06-28T00:00:00","occurrence",NA,1,48.495791,-71.77505,"gbif","GBIF","RBINS DaRWIN","Royal Belgian Institute of Natural Sciences","Royal Belgian Institute of Natural Sciences","cc by nc 4.0","Royal Belgian Institute of Natural Sciences"
"Euxoa comosa ontario",1995,8,"00:00:00","1995-08-04T00:00:00","occurrence",NA,1,48.414195,-71.253657,"gbif","GBIF","RBINS DaRWIN","Royal Belgian Institute of Natural Sciences","Royal Belgian Institute of Natural Sciences","cc by nc 4.0","Royal Belgian Institute of Natural Sciences"
"Orgyia leucostigma intermedia",1995,8,"00:00:00","1995-08-03T00:00:00","occurrence",NA,1,48.628418,-68.122035,"gbif","GBIF","RBINS DaRWIN","Royal Belgian Institute of Natural Sciences","Royal Belgian Institute of Natural Sciences","cc by nc 4.0","Royal Belgian Institute of Natural Sciences"
"Vanessa virginiensis",1995,8,"00:00:00","1995-08-03T00:00:00","occurrence",NA,1,48.495791,-71.77505,"gbif","GBIF","RBINS DaRWIN","Royal Belgian Institute of Natural Sciences","Royal Belgian Institute of Natural Sciences","cc by nc 4.0","Royal Belgian Institute of Natural Sciences"
"Acronicta vulpina",1995,6,"00:00:00","1995-06-27T00:00:00","occurrence",NA,1,48.495791,-71.77505,"gbif","GBIF","RBINS DaRWIN","Royal Belgian Institute of Natural Sciences","Royal Belgian Institute of Natural Sciences","cc by nc 4.0","Royal Belgian Institute of Natural Sciences"
"Dasychira plagiata",1995,7,"00:00:00","1995-07-28T00:00:00","occurrence",NA,1,48.495791,-71.77505,"gbif","GBIF","RBINS DaRWIN","Royal Belgian Institute of Natural Sciences","Royal Belgian Institute of Natural Sciences","cc by nc 4.0","Royal Belgian Institute of Natural Sciences"
"Acronicta impressa",1995,6,"00:00:00","1995-06-24T00:00:00","occurrence",NA,1,48.414195,-71.253657,"gbif","GBIF","RBINS DaRWIN","Royal Belgian Institute of Natural Sciences","Royal Belgian Institute of Natural Sciences","cc by nc 4.0","Royal Belgian Institute of Natural Sciences"
"Sphinx luscitiosa",1995,6,"00:00:00","1995-06-28T00:00:00","occurrence",NA,1,48.495791,-71.77505,"gbif","GBIF","RBINS DaRWIN","Royal Belgian Institute of Natural Sciences","Royal Belgian Institute of Natural Sciences","cc by nc 4.0","Royal Belgian Institute of Natural Sciences"
"Neoligia exhausta",1995,7,"00:00:00","1995-07-27T00:00:00","occurrence",NA,1,48.414195,-71.253657,"gbif","GBIF","RBINS DaRWIN","Royal Belgian Institute of Natural Sciences","Royal Belgian Institute of Natural Sciences","cc by nc 4.0","Royal Belgian Institute of Natural Sciences"
"Aplectoides condita",1995,6,"00:00:00","1995-06-23T00:00:00","occurrence",NA,1,48.414195,-71.253657,"gbif","GBIF","RBINS DaRWIN","Royal Belgian Institute of Natural Sciences","Royal Belgian Institute of Natural Sciences","cc by nc 4.0","Royal Belgian Institute of Natural Sciences"
"Anaplectoides prasina",1995,7,"00:00:00","1995-07-04T00:00:00","occurrence",NA,1,48.495791,-71.77505,"gbif","GBIF","RBINS DaRWIN","Royal Belgian Institute of Natural Sciences","Royal Belgian Institute of Natural Sciences","cc by nc 4.0","Royal Belgian Institute of Natural Sciences"
"Sphinx kalmiae",1995,6,"00:00:00","1995-06-27T00:00:00","occurrence",NA,1,48.495791,-71.77505,"gbif","GBIF","RBINS DaRWIN","Royal Belgian Institute of Natural Sciences","Royal Belgian Institute of Natural Sciences","cc by nc 4.0","Royal Belgian Institute of Natural Sciences"
"Cucullia convexipennis",1995,7,"00:00:00","1995-07-28T00:00:00","occurrence",NA,1,48.495791,-71.77505,"gbif","GBIF","RBINS DaRWIN","Royal Belgian Institute of Natural Sciences","Royal Belgian Institute of Natural Sciences","cc by nc 4.0","Royal Belgian Institute of Natural Sciences"
"Hypoprepia fucosa",1995,7,"00:00:00","1995-07-12T00:00:00","occurrence",NA,1,48.495791,-71.77505,"gbif","GBIF","RBINS DaRWIN","Royal Belgian Institute of Natural Sciences","Royal Belgian Institute of Natural Sciences","cc by nc 4.0","Royal Belgian Institute of Natural Sciences"
"Schizura ipomoeae",1995,6,"00:00:00","1995-06-24T00:00:00","occurrence",NA,1,48.414195,-71.253657,"gbif","GBIF","RBINS DaRWIN","Royal Belgian Institute of Natural Sciences","Royal Belgian Institute of Natural Sciences","cc by nc 4.0","Royal Belgian Institute of Natural Sciences"
"Acronicta grisea",1995,6,"00:00:00","1995-06-25T00:00:00","occurrence",NA,1,48.414195,-71.253657,"gbif","GBIF","RBINS DaRWIN","Royal Belgian Institute of Natural Sciences","Royal Belgian Institute of Natural Sciences","cc by nc 4.0","Royal Belgian Institute of Natural Sciences"
"Dasychira vagans",1995,6,"00:00:00","1995-06-26T00:00:00","occurrence",NA,1,48.495791,-71.77505,"gbif","GBIF","RBINS DaRWIN","Royal Belgian Institute of Natural Sciences","Royal Belgian Institute of Natural Sciences","cc by nc 4.0","Royal Belgian Institute of Natural Sciences"
"Furcula modesta",1995,6,"00:00:00","1995-06-23T00:00:00","occurrence",NA,1,48.414195,-71.253657,"gbif","GBIF","RBINS DaRWIN","Royal Belgian Institute of Natural Sciences","Royal Belgian Institute of Natural Sciences","cc by nc 4.0","Royal Belgian Institute of Natural Sciences"
"Hyles gallii intermedia",1995,6,"00:00:00","1995-06-27T00:00:00","occurrence",NA,1,48.495791,-71.77505,"gbif","GBIF","RBINS DaRWIN","Royal Belgian Institute of Natural Sciences","Royal Belgian Institute of Natural Sciences","cc by nc 4.0","Royal Belgian Institute of Natural Sciences"
"Anisota virginiensis",1995,6,"00:00:00","1995-06-28T00:00:00","occurrence",NA,1,48.495791,-71.77505,"gbif","GBIF","RBINS DaRWIN","Royal Belgian Institute of Natural Sciences","Royal Belgian Institute of Natural Sciences","cc by nc 4.0","Royal Belgian Institute of Natural Sciences"
"Raphia frater",1995,6,"00:00:00","1995-06-23T00:00:00","occurrence",NA,1,48.414195,-71.253657,"gbif","GBIF","RBINS DaRWIN","Royal Belgian Institute of Natural Sciences","Royal Belgian Institute of Natural Sciences","cc by nc 4.0","Royal Belgian Institute of Natural Sciences"
"Tolype laricis",1995,8,"00:00:00","1995-08-04T00:00:00","occurrence",NA,1,48.414195,-71.253657,"gbif","GBIF","RBINS DaRWIN","Royal Belgian Institute of Natural Sciences","Royal Belgian Institute of Natural Sciences","cc by nc 4.0","Royal Belgian Institute of Natural Sciences"
"Furcula occidentalis",1995,6,"00:00:00","1995-06-26T00:00:00","occurrence",NA,1,48.495791,-71.77505,"gbif","GBIF","RBINS DaRWIN","Royal Belgian Institute of Natural Sciences","Royal Belgian Institute of Natural Sciences","cc by nc 4.0","Royal Belgian Institute of Natural Sciences"
"Feltia herilis",1995,7,"00:00:00","1995-07-12T00:00:00","occurrence",NA,1,48.495791,-71.77505,"gbif","GBIF","RBINS DaRWIN","Royal Belgian Institute of Natural Sciences","Royal Belgian Institute of Natural Sciences","cc by nc 4.0","Royal Belgian Institute of Natural Sciences"
"Cucullia florea",1995,6,"00:00:00","1995-06-24T00:00:00","occurrence",NA,1,48.414195,-71.253657,"gbif","GBIF","RBINS DaRWIN","Royal Belgian Institute of Natural Sciences","Royal Belgian Institute of Natural Sciences","cc by nc 4.0","Royal Belgian Institute of Natural Sciences"
"Orgyia leucostigma intermedia",1995,8,"00:00:00","1995-08-03T00:00:00","occurrence",NA,1,48.628418,-68.122035,"gbif","GBIF","RBINS DaRWIN","Royal Belgian Institute of Natural Sciences","Royal Belgian Institute of Natural Sciences","cc by nc 4.0","Royal Belgian Institute of Natural Sciences"
"Grammia virgo",1995,7,"00:00:00","1995-07-10T00:00:00","occurrence",NA,1,48.495791,-71.77505,"gbif","GBIF","RBINS DaRWIN","Royal Belgian Institute of Natural Sciences","Royal Belgian Institute of Natural Sciences","cc by nc 4.0","Royal Belgian Institute of Natural Sciences"
"Darapsa choerilus",1995,7,"00:00:00","1995-07-10T00:00:00","occurrence",NA,1,48.495791,-71.77505,"gbif","GBIF","RBINS DaRWIN","Royal Belgian Institute of Natural Sciences","Royal Belgian Institute of Natural Sciences","cc by nc 4.0","Royal Belgian Institute of Natural Sciences"
"Eueretagrotis perattentus",1995,6,"00:00:00","1995-06-26T00:00:00","occurrence",NA,1,48.495791,-71.77505,"gbif","GBIF","RBINS DaRWIN","Royal Belgian Institute of Natural Sciences","Royal Belgian Institute of Natural Sciences","cc by nc 4.0","Royal Belgian Institute of Natural Sciences"
"Lapara bombycoides",1995,6,"00:00:00","1995-06-29T00:00:00","occurrence",NA,1,48.495791,-71.77505,"gbif","GBIF","RBINS DaRWIN","Royal Belgian Institute of Natural Sciences","Royal Belgian Institute of Natural Sciences","cc by nc 4.0","Royal Belgian Institute of Natural Sciences"
"Cryptocala acadiensis",1995,7,"00:00:00","1995-07-13T00:00:00","occurrence",NA,1,48.495791,-71.77505,"gbif","GBIF","RBINS DaRWIN","Royal Belgian Institute of Natural Sciences","Royal Belgian Institute of Natural Sciences","cc by nc 4.0","Royal Belgian Institute of Natural Sciences"
"Tolype laricis",1995,8,"00:00:00","1995-08-03T00:00:00","occurrence",NA,1,48.495791,-71.77505,"gbif","GBIF","RBINS DaRWIN","Royal Belgian Institute of Natural Sciences","Royal Belgian Institute of Natural Sciences","cc by nc 4.0","Royal Belgian Institute of Natural Sciences"
"Lacinipolia olivacea",1995,7,"00:00:00","1995-07-27T00:00:00","occurrence",NA,1,48.495791,-71.77505,"gbif","GBIF","RBINS DaRWIN","Royal Belgian Institute of Natural Sciences","Royal Belgian Institute of Natural Sciences","cc by nc 4.0","Royal Belgian Institute of Natural Sciences"
"Colocasia propinquilinea",1995,6,"00:00:00","1995-06-26T00:00:00","occurrence",NA,1,48.495791,-71.77505,"gbif","GBIF","RBINS DaRWIN","Royal Belgian Institute of Natural Sciences","Royal Belgian Institute of Natural Sciences","cc by nc 4.0","Royal Belgian Institute of Natural Sciences"
"Colias philodice",1995,6,"00:00:00","1995-06-23T00:00:00","occurrence",NA,1,48.414195,-71.253657,"gbif","GBIF","RBINS DaRWIN","Royal Belgian Institute of Natural Sciences","Royal Belgian Institute of Natural Sciences","cc by nc 4.0","Royal Belgian Institute of Natural Sciences"
"Notodonta",1995,7,"00:00:00","1995-07-30T00:00:00","occurrence",NA,1,48.495791,-71.77505,"gbif","GBIF","RBINS DaRWIN","Royal Belgian Institute of Natural Sciences","Royal Belgian Institute of Natural Sciences","cc by nc 4.0","Royal Belgian Institute of Natural Sciences"
"Lacinipolia anguina",1995,6,"00:00:00","1995-06-23T00:00:00","occurrence",NA,1,48.414195,-71.253657,"gbif","GBIF","RBINS DaRWIN","Royal Belgian Institute of Natural Sciences","Royal Belgian Institute of Natural Sciences","cc by nc 4.0","Royal Belgian Institute of Natural Sciences"
"Colias philodice",1995,7,"00:00:00","1995-07-31T00:00:00","occurrence",NA,1,48.495791,-71.77505,"gbif","GBIF","RBINS DaRWIN","Royal Belgian Institute of Natural Sciences","Royal Belgian Institute of Natural Sciences","cc by nc 4.0","Royal Belgian Institute of Natural Sciences"
"Schizura leptinoides",1995,6,"00:00:00","1995-06-23T00:00:00","occurrence",NA,1,48.414195,-71.253657,"gbif","GBIF","RBINS DaRWIN","Royal Belgian Institute of Natural Sciences","Royal Belgian Institute of Natural Sciences","cc by nc 4.0","Royal Belgian Institute of Natural Sciences"
"Neoligia exhausta",1995,7,"00:00:00","1995-07-11T00:00:00","occurrence",NA,1,48.495791,-71.77505,"gbif","GBIF","RBINS DaRWIN","Royal Belgian Institute of Natural Sciences","Royal Belgian Institute of Natural Sciences","cc by nc 4.0","Royal Belgian Institute of Natural Sciences"
"Anisota virginiensis",1995,6,"00:00:00","1995-06-29T00:00:00","occurrence",NA,1,48.495791,-71.77505,"gbif","GBIF","RBINS DaRWIN","Royal Belgian Institute of Natural Sciences","Royal Belgian Institute of Natural Sciences","cc by nc 4.0","Royal Belgian Institute of Natural Sciences"
"Euxoa servita",1995,7,"00:00:00","1995-07-28T00:00:00","occurrence",NA,1,48.495791,-71.77505,"gbif","GBIF","RBINS DaRWIN","Royal Belgian Institute of Natural Sciences","Royal Belgian Institute of Natural Sciences","cc by nc 4.0","Royal Belgian Institute of Natural Sciences"
"Chortodes",1995,7,"00:00:00","1995-07-30T00:00:00","occurrence",NA,1,48.495791,-71.77505,"gbif","GBIF","RBINS DaRWIN","Royal Belgian Institute of Natural Sciences","Royal Belgian Institute of Natural Sciences","cc by nc 4.0","Royal Belgian Institute of Natural Sciences"
"Orgyia leucostigma intermedia",1995,8,"00:00:00","1995-08-01T00:00:00","occurrence",NA,1,48.628418,-68.122035,"gbif","GBIF","RBINS DaRWIN","Royal Belgian Institute of Natural Sciences","Royal Belgian Institute of Natural Sciences","cc by nc 4.0","Royal Belgian Institute of Natural Sciences"
"Furcula occidentalis",1995,6,"00:00:00","1995-06-30T00:00:00","occurrence",NA,1,48.414195,-71.253657,"gbif","GBIF","RBINS DaRWIN","Royal Belgian Institute of Natural Sciences","Royal Belgian Institute of Natural Sciences","cc by nc 4.0","Royal Belgian Institute of Natural Sciences"
"Hypoprepia fucosa",1995,7,"00:00:00","1995-07-05T00:00:00","occurrence",NA,1,48.495791,-71.77505,"gbif","GBIF","RBINS DaRWIN","Royal Belgian Institute of Natural Sciences","Royal Belgian Institute of Natural Sciences","cc by nc 4.0","Royal Belgian Institute of Natural Sciences"
"Lycophotia phyllophora",1995,6,"00:00:00","1995-06-30T00:00:00","occurrence",NA,1,48.414195,-71.253657,"gbif","GBIF","RBINS DaRWIN","Royal Belgian Institute of Natural Sciences","Royal Belgian Institute of Natural Sciences","cc by nc 4.0","Royal Belgian Institute of Natural Sciences"
"Acronicta oblinita",1995,6,"00:00:00","1995-06-23T00:00:00","occurrence",NA,1,48.414195,-71.253657,"gbif","GBIF","RBINS DaRWIN","Royal Belgian Institute of Natural Sciences","Royal Belgian Institute of Natural Sciences","cc by nc 4.0","Royal Belgian Institute of Natural Sciences"
"Colias philodice",1995,7,"00:00:00","1995-07-25T00:00:00","occurrence",NA,1,48.495791,-71.77505,"gbif","GBIF","RBINS DaRWIN","Royal Belgian Institute of Natural Sciences","Royal Belgian Institute of Natural Sciences","cc by nc 4.0","Royal Belgian Institute of Natural Sciences"
"Heterocampa biundata",1995,6,"00:00:00","1995-06-29T00:00:00","occurrence",NA,1,48.495791,-71.77505,"gbif","GBIF","RBINS DaRWIN","Royal Belgian Institute of Natural Sciences","Royal Belgian Institute of Natural Sciences","cc by nc 4.0","Royal Belgian Institute of Natural Sciences"
"Darapsa choerilus",1995,6,"00:00:00","1995-06-28T00:00:00","occurrence",NA,1,48.495791,-71.77505,"gbif","GBIF","RBINS DaRWIN","Royal Belgian Institute of Natural Sciences","Royal Belgian Institute of Natural Sciences","cc by nc 4.0","Royal Belgian Institute of Natural Sciences"
"Colocasia propinquilinea",1995,6,"00:00:00","1995-06-24T00:00:00","occurrence",NA,1,48.414195,-71.253657,"gbif","GBIF","RBINS DaRWIN","Royal Belgian Institute of Natural Sciences","Royal Belgian Institute of Natural Sciences","cc by nc 4.0","Royal Belgian Institute of Natural Sciences"
"Anisota virginiensis",1995,6,"00:00:00","1995-06-26T00:00:00","occurrence",NA,1,48.495791,-71.77505,"gbif","GBIF","RBINS DaRWIN","Royal Belgian Institute of Natural Sciences","Royal Belgian Institute of Natural Sciences","cc by nc 4.0","Royal Belgian Institute of Natural Sciences"
"Noctua pronuba",1995,6,"00:00:00","1995-06-24T00:00:00","occurrence",NA,1,48.414195,-71.253657,"gbif","GBIF","RBINS DaRWIN","Royal Belgian Institute of Natural Sciences","Royal Belgian Institute of Natural Sciences","cc by nc 4.0","Royal Belgian Institute of Natural Sciences"
"Pheosia rimosa",1995,7,"00:00:00","1995-07-30T00:00:00","occurrence",NA,1,48.495791,-71.77505,"gbif","GBIF","RBINS DaRWIN","Royal Belgian Institute of Natural Sciences","Royal Belgian Institute of Natural Sciences","cc by nc 4.0","Royal Belgian Institute of Natural Sciences"
"Mamestra curialis",1995,6,"00:00:00","1995-06-23T00:00:00","occurrence",NA,1,48.414195,-71.253657,"gbif","GBIF","RBINS DaRWIN","Royal Belgian Institute of Natural Sciences","Royal Belgian Institute of Natural Sciences","cc by nc 4.0","Royal Belgian Institute of Natural Sciences"
"Acronicta innotata",1995,6,"00:00:00","1995-06-23T00:00:00","occurrence",NA,1,48.414195,-71.253657,"gbif","GBIF","RBINS DaRWIN","Royal Belgian Institute of Natural Sciences","Royal Belgian Institute of Natural Sciences","cc by nc 4.0","Royal Belgian Institute of Natural Sciences"
"Polia imbrifera",1995,6,"00:00:00","1995-06-25T00:00:00","occurrence",NA,1,48.414195,-71.253657,"gbif","GBIF","RBINS DaRWIN","Royal Belgian Institute of Natural Sciences","Royal Belgian Institute of Natural Sciences","cc by nc 4.0","Royal Belgian Institute of Natural Sciences"
"Feltia herilis",1995,8,"00:00:00","1995-08-03T00:00:00","occurrence",NA,1,48.495791,-71.77505,"gbif","GBIF","RBINS DaRWIN","Royal Belgian Institute of Natural Sciences","Royal Belgian Institute of Natural Sciences","cc by nc 4.0","Royal Belgian Institute of Natural Sciences"
"Coleophora ostryae",1995,7,"00:00:00","1995-07-12T00:00:00","occurrence",NA,1,45.397,-75.842,"gbif","GBIF","International Barcode of Life project (iBOL)","The International Barcode of Life Consortium","The International Barcode of Life Consortium","cc by 4.0","The International Barcode of Life Consortium"
"Agriphila vulgivagellus",1995,11,"00:00:00","1995-11-04T00:00:00","occurrence",NA,1,45.383,-75.85,"gbif","GBIF","International Barcode of Life project (iBOL)","The International Barcode of Life Consortium","The International Barcode of Life Consortium","cc by 4.0","The International Barcode of Life Consortium"
"Coleophora canadensisella",1995,6,"00:00:00","1995-06-26T00:00:00","occurrence",NA,1,46.088,-74.279,"gbif","GBIF","International Barcode of Life project (iBOL)","The International Barcode of Life Consortium","The International Barcode of Life Consortium","cc by 4.0","The International Barcode of Life Consortium"
"Nomophila",1995,9,"00:00:00","1995-09-09T00:00:00","occurrence",NA,1,46.9,-71,"gbif","GBIF","International Barcode of Life project (iBOL)","The International Barcode of Life Consortium","The International Barcode of Life Consortium","cc by 4.0","The International Barcode of Life Consortium"
"Yponomeuta",1995,7,"00:00:00","1995-07-25T00:00:00","occurrence",NA,1,45.481,-75.616,"gbif","GBIF","International Barcode of Life project (iBOL)","The International Barcode of Life Consortium","The International Barcode of Life Consortium","cc by 4.0","The International Barcode of Life Consortium"
"Aproaerema palpilineella",1995,6,"00:00:00","1995-06-05T00:00:00","occurrence",NA,1,45.397,-75.849,"gbif","GBIF","International Barcode of Life project (iBOL)","The International Barcode of Life Consortium","The International Barcode of Life Consortium","cc by 4.0","The International Barcode of Life Consortium"
"Elachista griseicornis",1995,7,"00:00:00","1995-07-09T00:00:00","occurrence",NA,1,46.089,-74.279,"gbif","GBIF","International Barcode of Life project (iBOL)","The International Barcode of Life Consortium","The International Barcode of Life Consortium","cc by 4.0","The International Barcode of Life Consortium"
"Coleophora spinella",1995,7,"00:00:00","1995-07-15T00:00:00","occurrence",NA,1,45.452,-75.878,"gbif","GBIF","International Barcode of Life project (iBOL)","The International Barcode of Life Consortium","The International Barcode of Life Consortium","cc by 4.0","The International Barcode of Life Consortium"
"Pseudotelphusa quercinigracella",1995,7,"00:00:00","1995-07-12T00:00:00","occurrence",NA,1,45.425,-75.847,"gbif","GBIF","International Barcode of Life project (iBOL)","The International Barcode of Life Consortium","The International Barcode of Life Consortium","cc by 4.0","The International Barcode of Life Consortium"
"Scrobipalpula",1995,6,"00:00:00","1995-06-13T00:00:00","occurrence",NA,1,45.397,-75.842,"gbif","GBIF","International Barcode of Life project (iBOL)","The International Barcode of Life Consortium","The International Barcode of Life Consortium","cc by 4.0","The International Barcode of Life Consortium"
"Coleophora rosaevorella",1995,5,"00:00:00","1995-05-27T00:00:00","occurrence",NA,1,45.395,-75.832,"gbif","GBIF","International Barcode of Life project (iBOL)","The International Barcode of Life Consortium","The International Barcode of Life Consortium","cc by 4.0","The International Barcode of Life Consortium"
"Coleophora elaeagnisella",1995,7,"00:00:00","1995-07-12T00:00:00","occurrence",NA,1,45.43,-75.81,"gbif","GBIF","INSDC Sequences","European Nucleotide Archive (EMBL-EBI)","European Nucleotide Archive (EMBL-EBI)","cc by 4.0","European Nucleotide Archive (EMBL-EBI)"
"Coleophora multipulvella",1995,6,"00:00:00","1995-06-09T00:00:00","occurrence",NA,1,46.088,-74.279,"gbif","GBIF","International Barcode of Life project (iBOL)","The International Barcode of Life Consortium","The International Barcode of Life Consortium","cc by 4.0","The International Barcode of Life Consortium"
"Coleophora multipulvella",1995,6,"00:00:00","1995-06-10T00:00:00","occurrence",NA,1,46.081,-74.279,"gbif","GBIF","International Barcode of Life project (iBOL)","The International Barcode of Life Consortium","The International Barcode of Life Consortium","cc by 4.0","The International Barcode of Life Consortium"
"Coleophora spinella",1995,7,"00:00:00","1995-07-10T00:00:00","occurrence",NA,1,45.452,-75.878,"gbif","GBIF","International Barcode of Life project (iBOL)","The International Barcode of Life Consortium","The International Barcode of Life Consortium","cc by 4.0","The International Barcode of Life Consortium"
"Scrobipalpula",1995,6,"00:00:00","1995-06-17T00:00:00","occurrence",NA,1,45.481,-75.616,"gbif","GBIF","International Barcode of Life project (iBOL)","The International Barcode of Life Consortium","The International Barcode of Life Consortium","cc by 4.0","The International Barcode of Life Consortium"
"Coptodisca kalmiella",1995,10,"00:00:00","1995-10-09T00:00:00","occurrence",NA,1,46.089,-74.279,"gbif","GBIF","International Barcode of Life project (iBOL)","The International Barcode of Life Consortium","The International Barcode of Life Consortium","cc by 4.0","The International Barcode of Life Consortium"
"Papilio brevicauda",1995,6,"00:00:00","1995-06-26T00:00:00","occurrence",NA,1,48.8283,-67.5219,"gbif","GBIF","Cleveland Museum of Natural History","Museum of Biological Diversity, The Ohio State University","Museum of Biological Diversity, The Ohio State University","cc by 4.0","Museum of Biological Diversity, The Ohio State University"
"Colocasia propinquilinea",1995,5,"00:00:00","1995-05-27T00:00:00","occurrence",NA,1,45.483333,-75.65,"gbif","GBIF","The Albert J. Cook Arthropod Research Collection","A.J. Cook Arthropod Research Collection","A.J. Cook Arthropod Research Collection","cc0 1.0","A.J. Cook Arthropod Research Collection"
"Coleophora badiipennella",1995,7,"00:00:00","1995-07-11T00:00:00","occurrence",NA,1,45.397,-75.842,"gbif","GBIF","International Barcode of Life project (iBOL)","The International Barcode of Life Consortium","The International Barcode of Life Consortium","cc by 4.0","The International Barcode of Life Consortium"
"Cosmopterix fernaldella",1995,6,"00:00:00","1995-06-17T00:00:00","occurrence",NA,1,45.397,-75.849,"gbif","GBIF","International Barcode of Life project (iBOL)","The International Barcode of Life Consortium","The International Barcode of Life Consortium","cc by 4.0","The International Barcode of Life Consortium"
"Microcrambus elegans",1995,11,"00:00:00","1995-11-04T00:00:00","occurrence",NA,1,45.383,-75.85,"gbif","GBIF","International Barcode of Life project (iBOL)","The International Barcode of Life Consortium","The International Barcode of Life Consortium","cc by 4.0","The International Barcode of Life Consortium"
"Coleophora multipulvella",1995,6,"00:00:00","1995-06-09T00:00:00","occurrence",NA,1,46.088,-74.279,"gbif","GBIF","International Barcode of Life project (iBOL)","The International Barcode of Life Consortium","The International Barcode of Life Consortium","cc by 4.0","The International Barcode of Life Consortium"
"Scrobipalpula antiochia",1995,5,"00:00:00","1995-05-27T00:00:00","occurrence",NA,1,45.426,-75.865,"gbif","GBIF","International Barcode of Life project (iBOL)","The International Barcode of Life Consortium","The International Barcode of Life Consortium","cc by 4.0","The International Barcode of Life Consortium"
"Coleophora ostryae",1995,7,"00:00:00","1995-07-12T00:00:00","occurrence",NA,1,45.397,-75.842,"gbif","GBIF","International Barcode of Life project (iBOL)","The International Barcode of Life Consortium","The International Barcode of Life Consortium","cc by 4.0","The International Barcode of Life Consortium"
"Coleophora cratipennella",1995,6,"00:00:00","1995-06-15T00:00:00","occurrence",NA,1,45.397,-75.849,"gbif","GBIF","International Barcode of Life project (iBOL)","The International Barcode of Life Consortium","The International Barcode of Life Consortium","cc by 4.0","The International Barcode of Life Consortium"
"Danaus plexippus",1995,10,"00:00:00","1995-10-05T00:00:00","occurrence",NA,1,45.39981,-74.137765,"gbif","GBIF","Monarch Watch","United States Geological Survey","United States Geological Survey","cc0 1.0","United States Geological Survey"
"Grammia virgo",1995,7,"00:00:00","1995-07-18T00:00:00","occurrence",NA,1,47.038405,-79.321472,"gbif","GBIF","Brigham Young University Arthropod Museum","Brigham Young University, Arthropod Collection","Brigham Young University, Arthropod Collection","cc by nc 4.0","Brigham Young University, Arthropod Collection"
"Coleophora canadensisella",1995,6,"00:00:00","1995-06-29T00:00:00","occurrence",NA,1,46.088,-74.279,"gbif","GBIF","International Barcode of Life project (iBOL)","The International Barcode of Life Consortium","The International Barcode of Life Consortium","cc by 4.0","The International Barcode of Life Consortium"
"Coleotechnites piceaella",1995,7,"00:00:00","1995-07-22T00:00:00","occurrence",NA,1,45.398,-75.837,"gbif","GBIF","International Barcode of Life project (iBOL)","The International Barcode of Life Consortium","The International Barcode of Life Consortium","cc by 4.0","The International Barcode of Life Consortium"
"Coleophora multipulvella",1995,6,"00:00:00","1995-06-12T00:00:00","occurrence",NA,1,46.081,-74.279,"gbif","GBIF","International Barcode of Life project (iBOL)","The International Barcode of Life Consortium","The International Barcode of Life Consortium","cc by 4.0","The International Barcode of Life Consortium"
"Danaus plexippus",1995,10,"00:00:00","1995-10-02T00:00:00","occurrence",NA,1,45.39981,-74.137765,"gbif","GBIF","Monarch Watch","United States Geological Survey","United States Geological Survey","cc0 1.0","United States Geological Survey"
"Danaus plexippus",1995,10,"00:00:00","1995-10-04T00:00:00","occurrence",NA,1,45.39981,-74.137765,"gbif","GBIF","Monarch Watch","United States Geological Survey","United States Geological Survey","cc0 1.0","United States Geological Survey"
"Danaus plexippus",1995,10,"00:00:00","1995-10-07T00:00:00","occurrence",NA,1,45.39981,-74.137765,"gbif","GBIF","Monarch Watch","United States Geological Survey","United States Geological Survey","cc0 1.0","United States Geological Survey"
"Danaus plexippus",1995,10,"00:00:00","1995-10-02T00:00:00","occurrence",NA,1,45.39981,-74.137765,"gbif","GBIF","Monarch Watch","United States Geological Survey","United States Geological Survey","cc0 1.0","United States Geological Survey"
"Danaus plexippus",1995,10,"00:00:00","1995-10-07T00:00:00","occurrence",NA,1,45.39981,-74.137765,"gbif","GBIF","Monarch Watch","United States Geological Survey","United States Geological Survey","cc0 1.0","United States Geological Survey"
"Poanes hobomok",1995,9,"12:00:00","1995-09-17T12:00:00","occurrence",NA,1,45.60413,-73.658652,"gbif","GBIF","eButterfly Surveys","Vermont Center for Ecostudies","Vermont Center for Ecostudies","cc by nc 4.0","Vermont Center for Ecostudies"
"Danaus plexippus",1995,10,"00:00:00","1995-10-05T00:00:00","occurrence",NA,1,45.39981,-74.137765,"gbif","GBIF","Monarch Watch","United States Geological Survey","United States Geological Survey","cc0 1.0","United States Geological Survey"
"Danaus plexippus",1995,10,"00:00:00","1995-10-05T00:00:00","occurrence",NA,1,45.39981,-74.137765,"gbif","GBIF","Monarch Watch","United States Geological Survey","United States Geological Survey","cc0 1.0","United States Geological Survey"
"Danaus plexippus",1995,10,"00:00:00","1995-10-02T00:00:00","occurrence",NA,1,45.39981,-74.137765,"gbif","GBIF","Monarch Watch","United States Geological Survey","United States Geological Survey","cc0 1.0","United States Geological Survey"
"Danaus plexippus",1995,10,"00:00:00","1995-10-02T00:00:00","occurrence",NA,1,45.39981,-74.137765,"gbif","GBIF","Monarch Watch","United States Geological Survey","United States Geological Survey","cc0 1.0","United States Geological Survey"
"Lethe anthedon",1995,6,"00:00:00","1995-06-27T00:00:00","abundance",NA,2,46.937554,-71.470228,"gbif","GBIF","eButterfly Surveys","Vermont Center for Ecostudies","Vermont Center for Ecostudies","cc by nc 4.0","Vermont Center for Ecostudies"
"Celastrina lucia",1995,6,"00:00:00","1995-06-08T00:00:00","occurrence",NA,1,46.937554,-71.470228,"gbif","GBIF","eButterfly Surveys","Vermont Center for Ecostudies","Vermont Center for Ecostudies","cc by nc 4.0","Vermont Center for Ecostudies"
"Celastrina lucia",1995,6,"00:00:00","1995-06-07T00:00:00","occurrence",NA,1,46.937554,-71.470228,"gbif","GBIF","eButterfly Surveys","Vermont Center for Ecostudies","Vermont Center for Ecostudies","cc by nc 4.0","Vermont Center for Ecostudies"
"Boloria selene",1995,6,"12:00:00","1995-06-25T12:00:00","occurrence",NA,1,46.359115,-73.352451,"gbif","GBIF","eButterfly Surveys","Vermont Center for Ecostudies","Vermont Center for Ecostudies","cc by nc 4.0","Vermont Center for Ecostudies"
"Erynnis juvenalis",1995,5,"12:00:00","1995-05-18T12:00:00","occurrence",NA,1,45.603731,-73.690514,"gbif","GBIF","eButterfly Surveys","Vermont Center for Ecostudies","Vermont Center for Ecostudies","cc by nc 4.0","Vermont Center for Ecostudies"
"Agriphila ruricolellus",1995,11,"00:00:00","1995-11-04T00:00:00","occurrence",NA,1,45.383,-75.85,"gbif","GBIF","International Barcode of Life project (iBOL)","The International Barcode of Life Consortium","The International Barcode of Life Consortium","cc by 4.0","The International Barcode of Life Consortium"
"Phyciodes tharos",1995,8,"00:00:00","1995-08-02T00:00:00","occurrence",NA,1,45.4167,-75.85,"gbif","GBIF","Canadian National Collection (CNC) of Insects, Arachnids and Nematodes","Canadian Biodiversity Information Facility","Canadian Biodiversity Information Facility","cc by 4.0","Canadian Biodiversity Information Facility"
"Cydia albimaculana",1995,6,"00:00:00","1995-06-06T00:00:00","occurrence",NA,1,45.4,-75.85,"gbif","GBIF","University of Minnesota Insect Collection","University of Minnesota Insect Collection","University of Minnesota Insect Collection","cc0 1.0","University of Minnesota Insect Collection"
"Dichrorampha bittana",1995,7,"00:00:00","1995-07-11T00:00:00","occurrence",NA,1,45.4,-75.85,"gbif","GBIF","University of Minnesota Insect Collection","University of Minnesota Insect Collection","University of Minnesota Insect Collection","cc0 1.0","University of Minnesota Insect Collection"
"Epinotia solandriana",1995,7,"00:00:00","1995-07-31T00:00:00","occurrence",NA,1,48.8,-79.2,"gbif","GBIF","University of Minnesota Insect Collection","University of Minnesota Insect Collection","University of Minnesota Insect Collection","cc0 1.0","University of Minnesota Insect Collection"
"Eucosma parmatana",1995,7,"00:00:00","1995-07-31T00:00:00","occurrence",NA,1,48.8,-79.2,"gbif","GBIF","University of Minnesota Insect Collection","University of Minnesota Insect Collection","University of Minnesota Insect Collection","cc0 1.0","University of Minnesota Insect Collection"
"Ancylis laciniana",1995,5,"00:00:00","1995-05-27T00:00:00","occurrence",NA,1,45.4,-75.85,"gbif","GBIF","University of Minnesota Insect Collection","University of Minnesota Insect Collection","University of Minnesota Insect Collection","cc0 1.0","University of Minnesota Insect Collection"
"Archips strianus",1995,6,"00:00:00","1995-06-12T00:00:00","occurrence",NA,1,45.4,-75.85,"gbif","GBIF","University of Minnesota Insect Collection","University of Minnesota Insect Collection","University of Minnesota Insect Collection","cc0 1.0","University of Minnesota Insect Collection"
"Epinotia cinereana",1995,7,"00:00:00","1995-07-31T00:00:00","occurrence",NA,1,48.8,-79.2,"gbif","GBIF","University of Minnesota Insect Collection","University of Minnesota Insect Collection","University of Minnesota Insect Collection","cc0 1.0","University of Minnesota Insect Collection"
"Olethreutes nigranum",1995,7,"00:00:00","1995-07-11T00:00:00","occurrence",NA,1,45.4,-75.85,"gbif","GBIF","University of Minnesota Insect Collection","University of Minnesota Insect Collection","University of Minnesota Insect Collection","cc0 1.0","University of Minnesota Insect Collection"
"Phtheochroa baracana",1995,7,"00:00:00","1995-07-12T00:00:00","occurrence",NA,1,45.4,-75.85,"gbif","GBIF","University of Minnesota Insect Collection","University of Minnesota Insect Collection","University of Minnesota Insect Collection","cc0 1.0","University of Minnesota Insect Collection"
"Coleophora multipulvella",1995,6,"00:00:00","1995-06-10T00:00:00","occurrence",NA,1,46.08,-74.28,"gbif","GBIF","INSDC Sequences","European Nucleotide Archive (EMBL-EBI)","European Nucleotide Archive (EMBL-EBI)","cc by 4.0","European Nucleotide Archive (EMBL-EBI)"
"Coleophora multipulvella",1995,6,"00:00:00","1995-06-12T00:00:00","occurrence",NA,1,46.08,-74.28,"gbif","GBIF","INSDC Sequences","European Nucleotide Archive (EMBL-EBI)","European Nucleotide Archive (EMBL-EBI)","cc by 4.0","European Nucleotide Archive (EMBL-EBI)"
"Speyeria aphrodite",1995,7,"10:00:00","1995-07-08T10:00:00","presence",NA,1,46.1112,-64.7966,"ebutterfly","Maxim Larrivée, Jeremy Kerr, Kent McFarland and Katy Prudic","eButterfly","ebutterfly","eButterfly","","eButterfly"
"Aglais milberti",1995,8,"10:07:00","1995-08-15T10:07:00","presence",NA,1,46.1107,-64.8079,"ebutterfly","Maxim Larrivée, Jeremy Kerr, Kent McFarland and Katy Prudic","eButterfly","ebutterfly","eButterfly","","eButterfly"
"Pholisora catullus",1995,5,"10:30:00","1995-05-19T10:30:00","presence",NA,1,42.5255,-84.3172,"ebutterfly","Maxim Larrivée, Jeremy Kerr, Kent McFarland and Katy Prudic","eButterfly","ebutterfly","eButterfly","","eButterfly"
"Boloria chariclea",1995,8,"01:08:00","1995-08-03T01:08:00","presence",NA,1,47.3388,-65.432,"ebutterfly","Maxim Larrivée, Jeremy Kerr, Kent McFarland and Katy Prudic","eButterfly","ebutterfly","eButterfly","","eButterfly"
"Boloria chariclea",1995,8,"01:08:00","1995-08-03T01:08:00","presence",NA,1,47.3388,-65.432,"ebutterfly","Maxim Larrivée, Jeremy Kerr, Kent McFarland and Katy Prudic","eButterfly","ebutterfly","eButterfly","","eButterfly"
"Speyeria cybele",1995,7,"","1995-07-04","presence",NA,1,45.574,-78.5072,"ebutterfly","Maxim Larrivée, Jeremy Kerr, Kent McFarland and Katy Prudic","eButterfly","ebutterfly","eButterfly","","eButterfly"
"Speyeria aphrodite",1995,6,"","1995-06-17","presence",NA,1,37.5242,-79.8685,"ebutterfly","Maxim Larrivée, Jeremy Kerr, Kent McFarland and Katy Prudic","eButterfly","ebutterfly","eButterfly","","eButterfly"
"Euphyes conspicua",1995,7,"","1995-07-15","presence",NA,1,39.698,-78.9402,"ebutterfly","Maxim Larrivée, Jeremy Kerr, Kent McFarland and Katy Prudic","eButterfly","ebutterfly","eButterfly","","eButterfly"
"Celastrina neglectamajor",1995,6,"","1995-06-04","presence",NA,1,39.6829,-78.4556,"ebutterfly","Maxim Larrivée, Jeremy Kerr, Kent McFarland and Katy Prudic","eButterfly","ebutterfly","eButterfly","","eButterfly"
"Problema bulenta",1995,7,"","1995-07-22","presence",NA,1,38.4427,-76.1091,"ebutterfly","Maxim Larrivée, Jeremy Kerr, Kent McFarland and Katy Prudic","eButterfly","ebutterfly","eButterfly","","eButterfly"
"Lycaena epixanthe",1995,7,"","1995-07-15","presence",NA,1,39.5355,-79.4824,"ebutterfly","Maxim Larrivée, Jeremy Kerr, Kent McFarland and Katy Prudic","eButterfly","ebutterfly","eButterfly","","eButterfly"
"Chlosyne harrisii",1995,6,"","1995-06-10","presence",NA,1,39.698,-78.9402,"ebutterfly","Maxim Larrivée, Jeremy Kerr, Kent McFarland and Katy Prudic","eButterfly","ebutterfly","eButterfly","","eButterfly"
"Speyeria atlantis",1995,7,"","1995-07-15","presence",NA,1,39.4903,-79.4584,"ebutterfly","Maxim Larrivée, Jeremy Kerr, Kent McFarland and Katy Prudic","eButterfly","ebutterfly","eButterfly","","eButterfly"
"Satyrium titus",1995,7,"","1995-07-15","presence",NA,1,39.4903,-79.4584,"ebutterfly","Maxim Larrivée, Jeremy Kerr, Kent McFarland and Katy Prudic","eButterfly","ebutterfly","eButterfly","","eButterfly"
"Euphyes conspicua",1995,7,"","1995-07-15","presence",NA,1,39.5355,-79.4824,"ebutterfly","Maxim Larrivée, Jeremy Kerr, Kent McFarland and Katy Prudic","eButterfly","ebutterfly","eButterfly","","eButterfly"
"Panoquina ocola",1995,10,"","1995-10-01","presence",NA,1,39.2946,-77.4335,"ebutterfly","Maxim Larrivée, Jeremy Kerr, Kent McFarland and Katy Prudic","eButterfly","ebutterfly","eButterfly","","eButterfly"
